term,definition,category
instance variable,"A software term meaning örnek değişkeni, used in site, drawing, installation or coordination contexts.",programming fundamentals
utility function,"A software term meaning yardımcı fonksiyon, used in site, drawing, installation or coordination contexts.",programming fundamentals
loop counter,"A software term meaning döngü sayacı, used in site, drawing, installation or coordination contexts.",programming fundamentals
array,"A software term meaning dizi, used in site, drawing, installation or coordination contexts.",programming fundamentals
string concatenation,"A software term meaning metin birleştirme (string), used in site, drawing, installation or coordination contexts.",programming fundamentals
boolean,"A software term meaning mantıksal değer (boolean), used in site, drawing, installation or coordination contexts.",programming fundamentals
integer,"A software term meaning tam sayı, used in site, drawing, installation or coordination contexts.",programming fundamentals
code documentation comment,"A software term meaning kod dokümantasyon yorumu, used in site, drawing, installation or coordination contexts.",programming fundamentals
if statement,"A software term meaning koşul ifadesi (if), used in site, drawing, installation or coordination contexts.",programming fundamentals
for loop,"A software term meaning for döngüsü, used in site, drawing, installation or coordination contexts.",programming fundamentals
while loop,"A software term meaning while döngüsü, used in site, drawing, installation or coordination contexts.",programming fundamentals
conditional expression,"A software term meaning koşullu ifade, used in site, drawing, installation or coordination contexts.",programming fundamentals
syntax,"A software term meaning söz dizimi, used in site, drawing, installation or coordination contexts.",programming fundamentals
compiler,"A software term meaning derleyici, used in site, drawing, installation or coordination contexts.",programming fundamentals
interpreter,"A software term meaning yorumlayıcı, used in site, drawing, installation or coordination contexts.",programming fundamentals
source code,"A software term meaning kaynak kod, used in site, drawing, installation or coordination contexts.",programming fundamentals
program output,"A software term meaning program çıktısı, used in site, drawing, installation or coordination contexts.",programming fundamentals
user input validation,"A software term meaning kullanıcı girdisi doğrulama, used in site, drawing, installation or coordination contexts.",programming fundamentals
default parameter,"A software term meaning varsayılan parametre, used in site, drawing, installation or coordination contexts.",programming fundamentals
return value,"A software term meaning dönüş değeri, used in site, drawing, installation or coordination contexts.",programming fundamentals
block scope,"A software term meaning blok kapsamı, used in site, drawing, installation or coordination contexts.",programming fundamentals
global variable,"A software term meaning global değişken, used in site, drawing, installation or coordination contexts.",programming fundamentals
local variable,"A software term meaning yerel değişken, used in site, drawing, installation or coordination contexts.",programming fundamentals
data type,"A software term meaning veri tipi, used in site, drawing, installation or coordination contexts.",programming fundamentals
type casting,"A software term meaning tip dönüşümü, used in site, drawing, installation or coordination contexts.",programming fundamentals
recursion,"A software term meaning özyineleme (recursion), used in site, drawing, installation or coordination contexts.",programming fundamentals
nested loop,"A software term meaning iç içe döngü, used in site, drawing, installation or coordination contexts.",programming fundamentals
infinite loop,"A software term meaning sonsuz döngü, used in site, drawing, installation or coordination contexts.",programming fundamentals
pseudocode,"A software term meaning sözde kod (pseudocode), used in site, drawing, installation or coordination contexts.",programming fundamentals
runtime error,"A software term meaning çalışma zamanı hatası, used in site, drawing, installation or coordination contexts.",programming fundamentals
syntax error,"A software term meaning söz dizimi hatası, used in site, drawing, installation or coordination contexts.",programming fundamentals
code block,"A software term meaning kod bloğu, used in site, drawing, installation or coordination contexts.",programming fundamentals
static typing,"A software term meaning statik tip belirleme, used in site, drawing, installation or coordination contexts.",programming fundamentals
dynamic typing,"A software term meaning dinamik tip belirleme, used in site, drawing, installation or coordination contexts.",programming fundamentals
type inference,"A software term meaning tip çıkarımı, used in site, drawing, installation or coordination contexts.",programming fundamentals
memory allocation,"A software term meaning bellek tahsisi, used in site, drawing, installation or coordination contexts.",programming fundamentals
garbage collection,"A software term meaning çöp toplama (garbage collection), used in site, drawing, installation or coordination contexts.",programming fundamentals
pointer,"A software term meaning işaretçi (pointer), used in site, drawing, installation or coordination contexts.",programming fundamentals
circular reference,"A software term meaning döngüsel referans, used in site, drawing, installation or coordination contexts.",programming fundamentals
pass by value,"A software term meaning değer ile geçirme, used in site, drawing, installation or coordination contexts.",programming fundamentals
pass by reference,"A software term meaning referans ile geçirme, used in site, drawing, installation or coordination contexts.",programming fundamentals
tail call optimization,"A software term meaning kuyruk çağrısı optimizasyonu, used in site, drawing, installation or coordination contexts.",programming fundamentals
closures,"A software term meaning kapanışlar (closures), used in site, drawing, installation or coordination contexts.",programming fundamentals
memory leak,"A software term meaning bellek sızıntısı, used in site, drawing, installation or coordination contexts.",programming fundamentals
compiler optimization pass,"A software term meaning derleyici optimizasyon geçişi, used in site, drawing, installation or coordination contexts.",programming fundamentals
programming language,"A software term meaning programlama dili, used in site, drawing, installation or coordination contexts.",languages paradigms
Python,"A software term meaning Python, used in site, drawing, installation or coordination contexts.",languages paradigms
JavaScript,"A software term meaning JavaScript, used in site, drawing, installation or coordination contexts.",languages paradigms
Java,"A software term meaning Java, used in site, drawing, installation or coordination contexts.",languages paradigms
C++,"A software term meaning C++, used in site, drawing, installation or coordination contexts.",languages paradigms
TypeScript,"A software term meaning TypeScript, used in site, drawing, installation or coordination contexts.",languages paradigms
Go language,"A software term meaning Go dili, used in site, drawing, installation or coordination contexts.",languages paradigms
Rust language,"A software term meaning Rust dili, used in site, drawing, installation or coordination contexts.",languages paradigms
scripting language,"A software term meaning betik dili (scripting), used in site, drawing, installation or coordination contexts.",languages paradigms
compiled language,"A software term meaning derlenen dil, used in site, drawing, installation or coordination contexts.",languages paradigms
interpreted language,"A software term meaning yorumlanan dil, used in site, drawing, installation or coordination contexts.",languages paradigms
markup language,"A software term meaning işaretleme dili, used in site, drawing, installation or coordination contexts.",languages paradigms
query language,"A software term meaning sorgu dili, used in site, drawing, installation or coordination contexts.",languages paradigms
procedural programming,"A software term meaning yordamsal programlama, used in site, drawing, installation or coordination contexts.",languages paradigms
declarative programming,"A software term meaning bildirimsel programlama, used in site, drawing, installation or coordination contexts.",languages paradigms
imperative programming,"A software term meaning buyurgan programlama, used in site, drawing, installation or coordination contexts.",languages paradigms
statically typed language,"A software term meaning statik tipli dil, used in site, drawing, installation or coordination contexts.",languages paradigms
dynamically typed language,"A software term meaning dinamik tipli dil, used in site, drawing, installation or coordination contexts.",languages paradigms
domain-specific language,"A software term meaning alana özgü dil, used in site, drawing, installation or coordination contexts.",languages paradigms
low-level language,"A software term meaning düşük seviyeli dil, used in site, drawing, installation or coordination contexts.",languages paradigms
high-level language,"A software term meaning yüksek seviyeli dil, used in site, drawing, installation or coordination contexts.",languages paradigms
multi-paradigm language,"A software term meaning çok paradigmalı dil, used in site, drawing, installation or coordination contexts.",languages paradigms
language interoperability,"A software term meaning diller arası birlikte çalışabilirlik, used in site, drawing, installation or coordination contexts.",languages paradigms
just-in-time compilation,"A software term meaning anlık derleme (JIT), used in site, drawing, installation or coordination contexts.",languages paradigms
ahead-of-time compilation,"A software term meaning önceden derleme (AOT), used in site, drawing, installation or coordination contexts.",languages paradigms
abstract syntax tree,"A software term meaning soyut söz dizimi ağacı, used in site, drawing, installation or coordination contexts.",languages paradigms
bytecode,"A software term meaning bayt kod, used in site, drawing, installation or coordination contexts.",languages paradigms
legacy code,"A software term meaning eski (legacy) kod, used in site, drawing, installation or coordination contexts.",languages paradigms
keyword,"A software term meaning anahtar kelime, used in site, drawing, installation or coordination contexts.",languages paradigms
HTML,"A software term meaning HTML, used in site, drawing, installation or coordination contexts.",languages paradigms
CSS,"A software term meaning CSS, used in site, drawing, installation or coordination contexts.",languages paradigms
SQL,"A software term meaning SQL, used in site, drawing, installation or coordination contexts.",languages paradigms
shell script,"A software term meaning kabuk betiği, used in site, drawing, installation or coordination contexts.",languages paradigms
command line,"A software term meaning komut satırı, used in site, drawing, installation or coordination contexts.",languages paradigms
library,"A software term meaning kütüphane (yazılım), used in site, drawing, installation or coordination contexts.",languages paradigms
testing framework,"A software term meaning test çerçevesi, used in site, drawing, installation or coordination contexts.",languages paradigms
package manager,"A software term meaning paket yöneticisi, used in site, drawing, installation or coordination contexts.",languages paradigms
transitive dependency,"A software term meaning geçişli bağımlılık, used in site, drawing, installation or coordination contexts.",languages paradigms
module bundler,"A software term meaning modül paketleyici, used in site, drawing, installation or coordination contexts.",languages paradigms
standard library,"A software term meaning standart kütüphane, used in site, drawing, installation or coordination contexts.",languages paradigms
polyglot programming,"A software term meaning çoklu dil programlama, used in site, drawing, installation or coordination contexts.",languages paradigms
cross-platform compatibility,"A software term meaning platformlar arası uyumluluk, used in site, drawing, installation or coordination contexts.",languages paradigms
language runtime environment,"A software term meaning dil çalışma ortamı, used in site, drawing, installation or coordination contexts.",languages paradigms
sorted list,"A software term meaning sıralı liste, used in site, drawing, installation or coordination contexts.",data structures
call stack,"A software term meaning çağrı yığını, used in site, drawing, installation or coordination contexts.",data structures
circular queue,"A software term meaning dairesel kuyruk, used in site, drawing, installation or coordination contexts.",data structures
linked list,"A software term meaning bağlı liste, used in site, drawing, installation or coordination contexts.",data structures
hash table,"A software term meaning hash tablosu, used in site, drawing, installation or coordination contexts.",data structures
dictionary,"A software term meaning sözlük (dictionary), used in site, drawing, installation or coordination contexts.",data structures
tree structure,"A software term meaning ağaç yapısı, used in site, drawing, installation or coordination contexts.",data structures
binary tree,"A software term meaning ikili ağaç, used in site, drawing, installation or coordination contexts.",data structures
node,"A software term meaning düğüm (node), used in site, drawing, installation or coordination contexts.",data structures
root node,"A software term meaning kök düğüm, used in site, drawing, installation or coordination contexts.",data structures
leaf node,"A software term meaning yaprak düğüm, used in site, drawing, installation or coordination contexts.",data structures
array index,"A software term meaning dizi indeksi, used in site, drawing, installation or coordination contexts.",data structures
two-dimensional array,"A software term meaning iki boyutlu dizi, used in site, drawing, installation or coordination contexts.",data structures
set data structure,"A software term meaning küme veri yapısı, used in site, drawing, installation or coordination contexts.",data structures
tuple,"A software term meaning demet (tuple), used in site, drawing, installation or coordination contexts.",data structures
key-value pair,"A software term meaning anahtar-değer çifti, used in site, drawing, installation or coordination contexts.",data structures
binary search tree,"A software term meaning ikili arama ağacı, used in site, drawing, installation or coordination contexts.",data structures
heap data structure,"A software term meaning yığın (heap) veri yapısı, used in site, drawing, installation or coordination contexts.",data structures
graph data structure,"A software term meaning çizge (graph) veri yapısı, used in site, drawing, installation or coordination contexts.",data structures
adjacency list,"A software term meaning komşuluk listesi, used in site, drawing, installation or coordination contexts.",data structures
adjacency matrix,"A software term meaning komşuluk matrisi, used in site, drawing, installation or coordination contexts.",data structures
doubly linked list,"A software term meaning çift yönlü bağlı liste, used in site, drawing, installation or coordination contexts.",data structures
circular linked list,"A software term meaning dairesel bağlı liste, used in site, drawing, installation or coordination contexts.",data structures
trie data structure,"A software term meaning trie veri yapısı, used in site, drawing, installation or coordination contexts.",data structures
priority queue,"A software term meaning öncelik kuyruğu, used in site, drawing, installation or coordination contexts.",data structures
hash collision,"A software term meaning hash çakışması, used in site, drawing, installation or coordination contexts.",data structures
dynamic array,"A software term meaning dinamik dizi, used in site, drawing, installation or coordination contexts.",data structures
balanced tree,"A software term meaning dengeli ağaç, used in site, drawing, installation or coordination contexts.",data structures
red-black tree,"A software term meaning kırmızı-siyah ağaç, used in site, drawing, installation or coordination contexts.",data structures
AVL tree,"A software term meaning AVL ağacı, used in site, drawing, installation or coordination contexts.",data structures
B-tree,"A software term meaning B-ağacı, used in site, drawing, installation or coordination contexts.",data structures
disjoint set union,"A software term meaning ayrık küme birleşimi, used in site, drawing, installation or coordination contexts.",data structures
skip list,"A software term meaning atlama listesi, used in site, drawing, installation or coordination contexts.",data structures
amortized time complexity,"A software term meaning itfa edilmiş zaman karmaşıklığı, used in site, drawing, installation or coordination contexts.",data structures
persistent data structure,"A software term meaning kalıcı veri yapısı, used in site, drawing, installation or coordination contexts.",data structures
lock-free data structure,"A software term meaning kilitsiz veri yapısı, used in site, drawing, installation or coordination contexts.",data structures
raw data,"A software term meaning ham veri, used in site, drawing, installation or coordination contexts.",data structures
search algorithm,"A software term meaning arama algoritması, used in site, drawing, installation or coordination contexts.",algorithms
sort,"A software term meaning sıralama, used in site, drawing, installation or coordination contexts.",algorithms
search,"A software term meaning arama, used in site, drawing, installation or coordination contexts.",algorithms
sorting algorithm,"A software term meaning sıralama algoritması, used in site, drawing, installation or coordination contexts.",algorithms
bubble sort,"A software term meaning kabarcık sıralaması, used in site, drawing, installation or coordination contexts.",algorithms
binary search,"A software term meaning ikili arama, used in site, drawing, installation or coordination contexts.",algorithms
linear search,"A software term meaning doğrusal arama, used in site, drawing, installation or coordination contexts.",algorithms
recursive algorithm,"A software term meaning özyinelemeli algoritma, used in site, drawing, installation or coordination contexts.",algorithms
iterative algorithm,"A software term meaning yinelemeli algoritma, used in site, drawing, installation or coordination contexts.",algorithms
time complexity,"A software term meaning zaman karmaşıklığı, used in site, drawing, installation or coordination contexts.",algorithms
space complexity,"A software term meaning alan karmaşıklığı, used in site, drawing, installation or coordination contexts.",algorithms
brute force approach,"A software term meaning kaba kuvvet yaklaşımı, used in site, drawing, installation or coordination contexts.",algorithms
quicksort,"A software term meaning hızlı sıralama (quicksort), used in site, drawing, installation or coordination contexts.",algorithms
merge sort,"A software term meaning birleştirme sıralaması, used in site, drawing, installation or coordination contexts.",algorithms
depth-first search,"A software term meaning derinlik öncelikli arama, used in site, drawing, installation or coordination contexts.",algorithms
breadth-first search,"A software term meaning genişlik öncelikli arama, used in site, drawing, installation or coordination contexts.",algorithms
dynamic programming,"A software term meaning dinamik programlama, used in site, drawing, installation or coordination contexts.",algorithms
greedy algorithm,"A software term meaning açgözlü algoritma, used in site, drawing, installation or coordination contexts.",algorithms
divide and conquer,"A software term meaning böl ve fethet, used in site, drawing, installation or coordination contexts.",algorithms
Big O notation,"A software term meaning Büyük O gösterimi, used in site, drawing, installation or coordination contexts.",algorithms
hashing algorithm,"A software term meaning hashleme algoritması, used in site, drawing, installation or coordination contexts.",algorithms
backtracking algorithm,"A software term meaning geri izleme algoritması, used in site, drawing, installation or coordination contexts.",algorithms
shortest path algorithm,"A software term meaning en kısa yol algoritması, used in site, drawing, installation or coordination contexts.",algorithms
Dijkstra's algorithm,"A software term meaning Dijkstra algoritması, used in site, drawing, installation or coordination contexts.",algorithms
A* search algorithm,"A software term meaning A* arama algoritması, used in site, drawing, installation or coordination contexts.",algorithms
topological sorting,"A software term meaning topolojik sıralama, used in site, drawing, installation or coordination contexts.",algorithms
NP-complete problem,"A software term meaning NP-tam problem, used in site, drawing, installation or coordination contexts.",algorithms
dynamic programming memoization,"A software term meaning dinamik programlama önbellekleme, used in site, drawing, installation or coordination contexts.",algorithms
computational complexity theory,"A software term meaning hesaplama karmaşıklığı teorisi, used in site, drawing, installation or coordination contexts.",algorithms
approximation algorithm,"A software term meaning yaklaşım algoritması, used in site, drawing, installation or coordination contexts.",algorithms
randomized algorithm,"A software term meaning rastgele algoritma, used in site, drawing, installation or coordination contexts.",algorithms
algorithm step,"A software term meaning algoritma adımı, used in site, drawing, installation or coordination contexts.",algorithms
class,"A software term meaning sınıf, used in site, drawing, installation or coordination contexts.",oop
object,"A software term meaning nesne, used in site, drawing, installation or coordination contexts.",oop
inheritance,"A software term meaning kalıtım, used in site, drawing, installation or coordination contexts.",oop
encapsulation,"A software term meaning kapsülleme, used in site, drawing, installation or coordination contexts.",oop
polymorphism,"A software term meaning çok biçimlilik, used in site, drawing, installation or coordination contexts.",oop
abstraction,"A software term meaning soyutlama, used in site, drawing, installation or coordination contexts.",oop
constructor,"A software term meaning yapıcı (constructor), used in site, drawing, installation or coordination contexts.",oop
instance,"A software term meaning örnek (instance), used in site, drawing, installation or coordination contexts.",oop
factory method,"A software term meaning factory metodu, used in site, drawing, installation or coordination contexts.",oop
attribute,"A software term meaning öznitelik, used in site, drawing, installation or coordination contexts.",oop
functional interface,"A software term meaning fonksiyonel arayüz, used in site, drawing, installation or coordination contexts.",oop
abstract class,"A software term meaning soyut sınıf, used in site, drawing, installation or coordination contexts.",oop
subclass,"A software term meaning alt sınıf, used in site, drawing, installation or coordination contexts.",oop
superclass,"A software term meaning üst sınıf, used in site, drawing, installation or coordination contexts.",oop
access modifier,"A software term meaning erişim belirleyici, used in site, drawing, installation or coordination contexts.",oop
private member,"A software term meaning özel üye (private), used in site, drawing, installation or coordination contexts.",oop
public member,"A software term meaning genel üye (public), used in site, drawing, installation or coordination contexts.",oop
method overriding,"A software term meaning metot geçersiz kılma, used in site, drawing, installation or coordination contexts.",oop
method overloading,"A software term meaning metot aşırı yükleme, used in site, drawing, installation or coordination contexts.",oop
composition over inheritance,"A software term meaning kalıtım yerine kompozisyon, used in site, drawing, installation or coordination contexts.",oop
dependency injection,"A software term meaning bağımlılık enjeksiyonu, used in site, drawing, installation or coordination contexts.",oop
static method,"A software term meaning statik metot, used in site, drawing, installation or coordination contexts.",oop
virtual method,"A software term meaning sanal metot, used in site, drawing, installation or coordination contexts.",oop
getter and setter,"A software term meaning erişim ve ayarlama metotları, used in site, drawing, installation or coordination contexts.",oop
object lifecycle,"A software term meaning nesne yaşam döngüsü, used in site, drawing, installation or coordination contexts.",oop
class diagram,"A software term meaning sınıf diyagramı, used in site, drawing, installation or coordination contexts.",oop
SOLID principles,"A software term meaning SOLID ilkeleri, used in site, drawing, installation or coordination contexts.",oop
multiple inheritance,"A software term meaning çoklu kalıtım, used in site, drawing, installation or coordination contexts.",oop
interface segregation,"A software term meaning arayüz ayrımı, used in site, drawing, installation or coordination contexts.",oop
liskov substitution principle,"A software term meaning Liskov yerine geçme ilkesi, used in site, drawing, installation or coordination contexts.",oop
computed property,"A software term meaning hesaplanan özellik, used in site, drawing, installation or coordination contexts.",oop
pure function,"A software term meaning saf fonksiyon, used in site, drawing, installation or coordination contexts.",functional programming
immutability,"A software term meaning değişmezlik, used in site, drawing, installation or coordination contexts.",functional programming
higher-order function,"A software term meaning yüksek dereceli fonksiyon, used in site, drawing, installation or coordination contexts.",functional programming
lambda expression,"A software term meaning lambda ifadesi, used in site, drawing, installation or coordination contexts.",functional programming
map function,"A software term meaning map fonksiyonu, used in site, drawing, installation or coordination contexts.",functional programming
filter function,"A software term meaning filter fonksiyonu, used in site, drawing, installation or coordination contexts.",functional programming
reduce function,"A software term meaning reduce fonksiyonu, used in site, drawing, installation or coordination contexts.",functional programming
first-class function,"A software term meaning birinci sınıf fonksiyon, used in site, drawing, installation or coordination contexts.",functional programming
side effect,"A software term meaning yan etki, used in site, drawing, installation or coordination contexts.",functional programming
function composition,"A software term meaning fonksiyon bileşimi, used in site, drawing, installation or coordination contexts.",functional programming
currying,"A software term meaning currying, used in site, drawing, installation or coordination contexts.",functional programming
recursion base case,"A software term meaning özyineleme temel durumu, used in site, drawing, installation or coordination contexts.",functional programming
monad,"A software term meaning monad, used in site, drawing, installation or coordination contexts.",functional programming
referential transparency,"A software term meaning referans şeffaflığı, used in site, drawing, installation or coordination contexts.",functional programming
functor,"A software term meaning functor, used in site, drawing, installation or coordination contexts.",functional programming
lazy evaluation,"A software term meaning tembel değerlendirme, used in site, drawing, installation or coordination contexts.",functional programming
declarative data transformation,"A software term meaning bildirimsel veri dönüşümü, used in site, drawing, installation or coordination contexts.",functional programming
algebraic data type,"A software term meaning cebirsel veri tipi, used in site, drawing, installation or coordination contexts.",functional programming
function call,"A software term meaning fonksiyon çağrısı, used in site, drawing, installation or coordination contexts.",functional programming
anonymous function,"A software term meaning anonim fonksiyon, used in site, drawing, installation or coordination contexts.",functional programming
callback function,"A software term meaning geri çağırma fonksiyonu, used in site, drawing, installation or coordination contexts.",functional programming
immutable state,"A software term meaning değişmez durum, used in site, drawing, installation or coordination contexts.",functional programming
tail recursion,"A software term meaning kuyruk özyinelemesi, used in site, drawing, installation or coordination contexts.",functional programming
stream processing,"A software term meaning akış işleme, used in site, drawing, installation or coordination contexts.",functional programming
software architecture,"A software term meaning yazılım mimarisi, used in site, drawing, installation or coordination contexts.",architecture patterns
design pattern,"A software term meaning tasarım deseni, used in site, drawing, installation or coordination contexts.",architecture patterns
client-server architecture,"A software term meaning istemci-sunucu mimarisi, used in site, drawing, installation or coordination contexts.",architecture patterns
layered architecture,"A software term meaning katmanlı mimari, used in site, drawing, installation or coordination contexts.",architecture patterns
modular design,"A software term meaning modüler tasarım, used in site, drawing, installation or coordination contexts.",architecture patterns
singleton pattern,"A software term meaning singleton deseni, used in site, drawing, installation or coordination contexts.",architecture patterns
factory pattern,"A software term meaning factory deseni, used in site, drawing, installation or coordination contexts.",architecture patterns
observer pattern,"A software term meaning observer deseni, used in site, drawing, installation or coordination contexts.",architecture patterns
strategy pattern,"A software term meaning strategy deseni, used in site, drawing, installation or coordination contexts.",architecture patterns
model-view-controller,"A software term meaning model-görünüm-denetleyici (MVC), used in site, drawing, installation or coordination contexts.",architecture patterns
repository pattern,"A software term meaning repository deseni, used in site, drawing, installation or coordination contexts.",architecture patterns
adapter pattern,"A software term meaning adapter deseni, used in site, drawing, installation or coordination contexts.",architecture patterns
decorator pattern,"A software term meaning decorator deseni, used in site, drawing, installation or coordination contexts.",architecture patterns
builder pattern,"A software term meaning builder deseni, used in site, drawing, installation or coordination contexts.",architecture patterns
facade pattern,"A software term meaning facade deseni, used in site, drawing, installation or coordination contexts.",architecture patterns
proxy pattern,"A software term meaning proxy deseni, used in site, drawing, installation or coordination contexts.",architecture patterns
event-driven architecture,"A software term meaning olay güdümlü mimari, used in site, drawing, installation or coordination contexts.",architecture patterns
service-oriented architecture,"A software term meaning servis odaklı mimari, used in site, drawing, installation or coordination contexts.",architecture patterns
monolithic architecture,"A software term meaning monolitik mimari, used in site, drawing, installation or coordination contexts.",architecture patterns
clean architecture,"A software term meaning temiz mimari (clean architecture), used in site, drawing, installation or coordination contexts.",architecture patterns
hexagonal architecture,"A software term meaning altıgen mimari, used in site, drawing, installation or coordination contexts.",architecture patterns
domain-driven design,"A software term meaning alan odaklı tasarım, used in site, drawing, installation or coordination contexts.",architecture patterns
event sourcing,"A software term meaning olay kaynaklama (event sourcing), used in site, drawing, installation or coordination contexts.",architecture patterns
anti-corruption layer,"A software term meaning bozulmayı önleyici katman, used in site, drawing, installation or coordination contexts.",architecture patterns
bounded context,"A software term meaning sınırlı bağlam, used in site, drawing, installation or coordination contexts.",architecture patterns
architectural decision record,"A software term meaning mimari karar kaydı, used in site, drawing, installation or coordination contexts.",architecture patterns
scalability pattern,"A software term meaning ölçeklenebilirlik deseni, used in site, drawing, installation or coordination contexts.",architecture patterns
circuit breaker pattern,"A software term meaning devre kesici deseni, used in site, drawing, installation or coordination contexts.",architecture patterns
architectural fitness function,"A software term meaning mimari uygunluk fonksiyonu, used in site, drawing, installation or coordination contexts.",architecture patterns
system design,"A software term meaning sistem tasarımı, used in site, drawing, installation or coordination contexts.",architecture patterns
separation of concerns,"A software term meaning kaygıların ayrılması, used in site, drawing, installation or coordination contexts.",architecture patterns
loose coupling,"A software term meaning gevşek bağlantı, used in site, drawing, installation or coordination contexts.",architecture patterns
high cohesion,"A software term meaning yüksek uyum, used in site, drawing, installation or coordination contexts.",architecture patterns
tight coupling,"A software term meaning sıkı bağlantı, used in site, drawing, installation or coordination contexts.",architecture patterns
technical debt,"A software term meaning teknik borç, used in site, drawing, installation or coordination contexts.",architecture patterns
system resilience,"A software term meaning sistem dayanıklılığı, used in site, drawing, installation or coordination contexts.",architecture patterns
plugin architecture,"A software term meaning eklenti mimarisi, used in site, drawing, installation or coordination contexts.",architecture patterns
API gateway pattern,"A software term meaning API ağ geçidi deseni, used in site, drawing, installation or coordination contexts.",architecture patterns
Git,"A software term meaning Git, used in site, drawing, installation or coordination contexts.",version control
repository,"A software term meaning depo (repository), used in site, drawing, installation or coordination contexts.",version control
commit,"A software term meaning commit (kaydetme), used in site, drawing, installation or coordination contexts.",version control
release branch,"A software term meaning sürüm dalı (branch), used in site, drawing, installation or coordination contexts.",version control
merge strategy,"A software term meaning birleştirme stratejisi, used in site, drawing, installation or coordination contexts.",version control
pull request,"A software term meaning çekme isteği (pull request), used in site, drawing, installation or coordination contexts.",version control
clone repository,"A software term meaning depoyu klonlama, used in site, drawing, installation or coordination contexts.",version control
push changes,"A software term meaning değişiklikleri gönderme (push), used in site, drawing, installation or coordination contexts.",version control
pull changes,"A software term meaning değişiklikleri çekme (pull), used in site, drawing, installation or coordination contexts.",version control
commit history,"A software term meaning commit geçmişi, used in site, drawing, installation or coordination contexts.",version control
version control system,"A software term meaning sürüm kontrol sistemi, used in site, drawing, installation or coordination contexts.",version control
staging area,"A software term meaning hazırlık alanı (staging), used in site, drawing, installation or coordination contexts.",version control
checkout,"A software term meaning checkout (dal değiştirme), used in site, drawing, installation or coordination contexts.",version control
tag version,"A software term meaning sürüm etiketleme, used in site, drawing, installation or coordination contexts.",version control
merge conflict,"A software term meaning birleştirme çakışması, used in site, drawing, installation or coordination contexts.",version control
rebase,"A software term meaning rebase (yeniden temellendirme), used in site, drawing, installation or coordination contexts.",version control
cherry-pick commit,"A software term meaning cherry-pick commit, used in site, drawing, installation or coordination contexts.",version control
fork repository,"A software term meaning depoyu çatallama (fork), used in site, drawing, installation or coordination contexts.",version control
git blame,"A software term meaning git blame, used in site, drawing, installation or coordination contexts.",version control
feature branch workflow,"A software term meaning özellik dalı iş akışı, used in site, drawing, installation or coordination contexts.",version control
gitflow workflow,"A software term meaning gitflow iş akışı, used in site, drawing, installation or coordination contexts.",version control
code review workflow,"A software term meaning kod inceleme iş akışı, used in site, drawing, installation or coordination contexts.",version control
trunk-based development,"A software term meaning gövde tabanlı geliştirme, used in site, drawing, installation or coordination contexts.",version control
semantic versioning,"A software term meaning anlamsal sürümleme, used in site, drawing, installation or coordination contexts.",version control
monorepo strategy,"A software term meaning tek depo (monorepo) stratejisi, used in site, drawing, installation or coordination contexts.",version control
git bisect,"A software term meaning git bisect (hata bulma), used in site, drawing, installation or coordination contexts.",version control
save changes,"A software term meaning değişiklikleri kaydetme, used in site, drawing, installation or coordination contexts.",version control
changelog,"A software term meaning değişiklik günlüğü, used in site, drawing, installation or coordination contexts.",version control
bug,"A software term meaning hata (bug), used in site, drawing, installation or coordination contexts.",testing qa
test case,"A software term meaning test senaryosu, used in site, drawing, installation or coordination contexts.",testing qa
unit test,"A software term meaning birim test, used in site, drawing, installation or coordination contexts.",testing qa
integration test,"A software term meaning entegrasyon testi, used in site, drawing, installation or coordination contexts.",testing qa
test suite,"A software term meaning test paketi, used in site, drawing, installation or coordination contexts.",testing qa
test coverage,"A software term meaning test kapsamı, used in site, drawing, installation or coordination contexts.",testing qa
regression testing,"A software term meaning regresyon testi, used in site, drawing, installation or coordination contexts.",testing qa
manual testing,"A software term meaning manuel test, used in site, drawing, installation or coordination contexts.",testing qa
automated testing,"A software term meaning otomatik test, used in site, drawing, installation or coordination contexts.",testing qa
test script,"A software term meaning test betiği, used in site, drawing, installation or coordination contexts.",testing qa
bug tracking system,"A software term meaning hata takip sistemi, used in site, drawing, installation or coordination contexts.",testing qa
critical defect,"A software term meaning kritik kusur, used in site, drawing, installation or coordination contexts.",testing qa
test environment,"A software term meaning test ortamı, used in site, drawing, installation or coordination contexts.",testing qa
smoke testing,"A software term meaning duman testi (smoke test), used in site, drawing, installation or coordination contexts.",testing qa
acceptance testing,"A software term meaning kabul testi, used in site, drawing, installation or coordination contexts.",testing qa
end-to-end testing,"A software term meaning uçtan uca test, used in site, drawing, installation or coordination contexts.",testing qa
test-driven development,"A software term meaning test odaklı geliştirme (TDD), used in site, drawing, installation or coordination contexts.",testing qa
behavior-driven development,"A software term meaning davranış odaklı geliştirme (BDD), used in site, drawing, installation or coordination contexts.",testing qa
mock object,"A software term meaning sahte nesne (mock), used in site, drawing, installation or coordination contexts.",testing qa
stub function,"A software term meaning yerine geçen fonksiyon (stub), used in site, drawing, installation or coordination contexts.",testing qa
test fixture,"A software term meaning test düzeneği (fixture), used in site, drawing, installation or coordination contexts.",testing qa
performance testing,"A software term meaning performans testi, used in site, drawing, installation or coordination contexts.",testing qa
load testing,"A software term meaning yük testi, used in site, drawing, installation or coordination contexts.",testing qa
stress testing,"A software term meaning gerginlik testi (stress test), used in site, drawing, installation or coordination contexts.",testing qa
usability testing,"A software term meaning kullanılabilirlik testi, used in site, drawing, installation or coordination contexts.",testing qa
exploratory testing,"A software term meaning keşifsel test, used in site, drawing, installation or coordination contexts.",testing qa
boundary value testing,"A software term meaning sınır değer testi, used in site, drawing, installation or coordination contexts.",testing qa
black box testing,"A software term meaning kara kutu testi, used in site, drawing, installation or coordination contexts.",testing qa
white box testing,"A software term meaning beyaz kutu testi, used in site, drawing, installation or coordination contexts.",testing qa
continuous testing,"A software term meaning sürekli test, used in site, drawing, installation or coordination contexts.",testing qa
mutation testing,"A software term meaning mutasyon testi, used in site, drawing, installation or coordination contexts.",testing qa
test pyramid,"A software term meaning test piramidi, used in site, drawing, installation or coordination contexts.",testing qa
chaos engineering,"A software term meaning kaos mühendisliği, used in site, drawing, installation or coordination contexts.",testing qa
contract testing,"A software term meaning sözleşme testi, used in site, drawing, installation or coordination contexts.",testing qa
test automation framework,"A software term meaning test otomasyon çerçevesi, used in site, drawing, installation or coordination contexts.",testing qa
flaky test,"A software term meaning kararsız (flaky) test, used in site, drawing, installation or coordination contexts.",testing qa
property-based testing,"A software term meaning özellik tabanlı test, used in site, drawing, installation or coordination contexts.",testing qa
error message,"A software term meaning hata mesajı, used in site, drawing, installation or coordination contexts.",testing qa
automated test report,"A software term meaning otomatik test raporu, used in site, drawing, installation or coordination contexts.",testing qa
test plan,"A software term meaning test planı, used in site, drawing, installation or coordination contexts.",testing qa
code coverage report,"A software term meaning kod kapsama raporu, used in site, drawing, installation or coordination contexts.",testing qa
shift-left testing,"A software term meaning sola kaydırma testi (shift-left), used in site, drawing, installation or coordination contexts.",testing qa
quality assurance process,"A software term meaning kalite güvencesi süreci, used in site, drawing, installation or coordination contexts.",testing qa
crash,"A software term meaning çökme (crash), used in site, drawing, installation or coordination contexts.",testing qa
debug,"A software term meaning hata ayıklama, used in site, drawing, installation or coordination contexts.",debugging
compile-time error,"A software term meaning derleme zamanı hatası, used in site, drawing, installation or coordination contexts.",debugging
checked exception,"A software term meaning kontrollü istisna, used in site, drawing, installation or coordination contexts.",debugging
try-catch block,"A software term meaning try-catch bloğu, used in site, drawing, installation or coordination contexts.",debugging
stack trace,"A software term meaning yığın izi (stack trace), used in site, drawing, installation or coordination contexts.",debugging
breakpoint,"A software term meaning kesme noktası (breakpoint), used in site, drawing, installation or coordination contexts.",debugging
debugger tool,"A software term meaning hata ayıklayıcı araç, used in site, drawing, installation or coordination contexts.",debugging
log file,"A software term meaning günlük dosyası (log), used in site, drawing, installation or coordination contexts.",debugging
error handling,"A software term meaning hata yönetimi, used in site, drawing, installation or coordination contexts.",debugging
null pointer exception,"A software term meaning boş işaretçi istisnası, used in site, drawing, installation or coordination contexts.",debugging
crash report,"A software term meaning çökme raporu, used in site, drawing, installation or coordination contexts.",debugging
exception handling strategy,"A software term meaning istisna yönetimi stratejisi, used in site, drawing, installation or coordination contexts.",debugging
custom exception class,"A software term meaning özel istisna sınıfı, used in site, drawing, installation or coordination contexts.",debugging
root cause debugging,"A software term meaning kök neden hata ayıklama, used in site, drawing, installation or coordination contexts.",debugging
memory profiling,"A software term meaning bellek profilleme, used in site, drawing, installation or coordination contexts.",debugging
race condition,"A software term meaning yarış durumu (race condition), used in site, drawing, installation or coordination contexts.",debugging
deadlock,"A software term meaning kilitlenme (deadlock), used in site, drawing, installation or coordination contexts.",debugging
segmentation fault,"A software term meaning bölütleme hatası, used in site, drawing, installation or coordination contexts.",debugging
heisenbug,"A software term meaning heisenbug (yakalanması zor hata), used in site, drawing, installation or coordination contexts.",debugging
post-mortem debugging,"A software term meaning olay sonrası hata ayıklama, used in site, drawing, installation or coordination contexts.",debugging
core dump analysis,"A software term meaning çekirdek döküm analizi, used in site, drawing, installation or coordination contexts.",debugging
try again,"A software term meaning tekrar dene, used in site, drawing, installation or coordination contexts.",debugging
warning message,"A software term meaning uyarı mesajı, used in site, drawing, installation or coordination contexts.",debugging
logging level,"A software term meaning günlükleme seviyesi, used in site, drawing, installation or coordination contexts.",debugging
error propagation,"A software term meaning hata yayılımı, used in site, drawing, installation or coordination contexts.",debugging
fix a bug,"A software term meaning hatayı düzeltme, used in site, drawing, installation or coordination contexts.",debugging
retry,"A software term meaning yeniden deneme, used in site, drawing, installation or coordination contexts.",debugging
deploy,"A software term meaning dağıtma (deploy), used in site, drawing, installation or coordination contexts.",devops cicd
application server,"A software term meaning uygulama sunucusu, used in site, drawing, installation or coordination contexts.",devops cicd
continuous integration,"A software term meaning sürekli entegrasyon, used in site, drawing, installation or coordination contexts.",devops cicd
continuous deployment,"A software term meaning sürekli dağıtım, used in site, drawing, installation or coordination contexts.",devops cicd
build pipeline,"A software term meaning derleme hattı (pipeline), used in site, drawing, installation or coordination contexts.",devops cicd
automated build,"A software term meaning otomatik derleme, used in site, drawing, installation or coordination contexts.",devops cicd
staging environment,"A software term meaning hazırlık ortamı, used in site, drawing, installation or coordination contexts.",devops cicd
production environment,"A software term meaning canlı ortam (production), used in site, drawing, installation or coordination contexts.",devops cicd
rollback,"A software term meaning geri alma (rollback), used in site, drawing, installation or coordination contexts.",devops cicd
release management,"A software term meaning sürüm yönetimi, used in site, drawing, installation or coordination contexts.",devops cicd
configuration management,"A software term meaning yapılandırma yönetimi, used in site, drawing, installation or coordination contexts.",devops cicd
infrastructure as code,"A software term meaning kod olarak altyapı, used in site, drawing, installation or coordination contexts.",devops cicd
CI/CD pipeline,"A software term meaning CI/CD hattı, used in site, drawing, installation or coordination contexts.",devops cicd
blue-green deployment,"A software term meaning mavi-yeşil dağıtım, used in site, drawing, installation or coordination contexts.",devops cicd
canary release,"A software term meaning canary sürümü, used in site, drawing, installation or coordination contexts.",devops cicd
feature flag,"A software term meaning özellik bayrağı (feature flag), used in site, drawing, installation or coordination contexts.",devops cicd
build artifact,"A software term meaning derleme çıktısı (artifact), used in site, drawing, installation or coordination contexts.",devops cicd
automated deployment script,"A software term meaning otomatik dağıtım betiği, used in site, drawing, installation or coordination contexts.",devops cicd
pipeline as code,"A software term meaning kod olarak hat (pipeline as code), used in site, drawing, installation or coordination contexts.",devops cicd
deployment automation,"A software term meaning dağıtım otomasyonu, used in site, drawing, installation or coordination contexts.",devops cicd
environment variable,"A software term meaning ortam değişkeni, used in site, drawing, installation or coordination contexts.",devops cicd
secrets management,"A software term meaning gizli bilgi yönetimi, used in site, drawing, installation or coordination contexts.",devops cicd
GitOps workflow,"A software term meaning GitOps iş akışı, used in site, drawing, installation or coordination contexts.",devops cicd
immutable infrastructure,"A software term meaning değişmez altyapı, used in site, drawing, installation or coordination contexts.",devops cicd
progressive delivery,"A software term meaning kademeli teslimat, used in site, drawing, installation or coordination contexts.",devops cicd
deployment frequency metric,"A software term meaning dağıtım sıklığı metriği, used in site, drawing, installation or coordination contexts.",devops cicd
site reliability engineering,"A software term meaning site güvenilirliği mühendisliği, used in site, drawing, installation or coordination contexts.",devops cicd
rolling update,"A software term meaning kademeli güncelleme, used in site, drawing, installation or coordination contexts.",devops cicd
automation script,"A software term meaning otomasyon betiği, used in site, drawing, installation or coordination contexts.",devops cicd
build server,"A software term meaning derleme sunucusu, used in site, drawing, installation or coordination contexts.",devops cicd
deployment pipeline orchestration,"A software term meaning dağıtım hattı orkestrasyonu, used in site, drawing, installation or coordination contexts.",devops cicd
version tag,"A software term meaning sürüm etiketi, used in site, drawing, installation or coordination contexts.",devops cicd
artifact repository,"A software term meaning çıktı deposu, used in site, drawing, installation or coordination contexts.",devops cicd
infrastructure drift,"A software term meaning altyapı sapması, used in site, drawing, installation or coordination contexts.",devops cicd
automated rollout,"A software term meaning otomatik yayılım, used in site, drawing, installation or coordination contexts.",devops cicd
cloud storage,"A software term meaning bulut depolama, used in site, drawing, installation or coordination contexts.",cloud computing
colocation facility,"A software term meaning ortak yerleşim tesisi (colocation), used in site, drawing, installation or coordination contexts.",cloud computing
cloud computing,"A software term meaning bulut bilişim, used in site, drawing, installation or coordination contexts.",cloud computing
virtual machine,"A software term meaning sanal makine, used in site, drawing, installation or coordination contexts.",cloud computing
cloud provider,"A software term meaning bulut sağlayıcısı, used in site, drawing, installation or coordination contexts.",cloud computing
data center,"A software term meaning veri merkezi (bulut), used in site, drawing, installation or coordination contexts.",cloud computing
elastic scalability,"A software term meaning esnek ölçeklenebilirlik, used in site, drawing, installation or coordination contexts.",cloud computing
load balancer,"A software term meaning yük dengeleyici, used in site, drawing, installation or coordination contexts.",cloud computing
auto-scaling,"A software term meaning otomatik ölçeklendirme, used in site, drawing, installation or coordination contexts.",cloud computing
cloud storage bucket,"A software term meaning bulut depolama kovası (bucket), used in site, drawing, installation or coordination contexts.",cloud computing
public cloud,"A software term meaning genel bulut, used in site, drawing, installation or coordination contexts.",cloud computing
private cloud,"A software term meaning özel bulut, used in site, drawing, installation or coordination contexts.",cloud computing
serverless computing,"A software term meaning sunucusuz bilişim, used in site, drawing, installation or coordination contexts.",cloud computing
multi-cloud strategy,"A software term meaning çoklu bulut stratejisi, used in site, drawing, installation or coordination contexts.",cloud computing
hybrid cloud,"A software term meaning hibrit bulut, used in site, drawing, installation or coordination contexts.",cloud computing
cloud migration,"A software term meaning buluta geçiş, used in site, drawing, installation or coordination contexts.",cloud computing
virtual private cloud,"A software term meaning sanal özel bulut, used in site, drawing, installation or coordination contexts.",cloud computing
content delivery network,"A software term meaning içerik dağıtım ağı (CDN), used in site, drawing, installation or coordination contexts.",cloud computing
cloud cost optimization,"A software term meaning bulut maliyet optimizasyonu, used in site, drawing, installation or coordination contexts.",cloud computing
edge computing,"A software term meaning uç bilişim (edge computing), used in site, drawing, installation or coordination contexts.",cloud computing
cloud-native application,"A software term meaning buluta özgü uygulama, used in site, drawing, installation or coordination contexts.",cloud computing
elastic compute resource,"A software term meaning esnek hesaplama kaynağı, used in site, drawing, installation or coordination contexts.",cloud computing
multi-region deployment,"A software term meaning çok bölgeli dağıtım, used in site, drawing, installation or coordination contexts.",cloud computing
high availability architecture,"A software term meaning yüksek erişilebilirlik mimarisi, used in site, drawing, installation or coordination contexts.",cloud computing
upload,"A software term meaning yükleme (upload), used in site, drawing, installation or coordination contexts.",cloud computing
download,"A software term meaning indirme (download), used in site, drawing, installation or coordination contexts.",cloud computing
cloud backup,"A software term meaning bulut yedekleme, used in site, drawing, installation or coordination contexts.",cloud computing
cloud identity management,"A software term meaning bulut kimlik yönetimi, used in site, drawing, installation or coordination contexts.",cloud computing
compute instance,"A software term meaning hesaplama örneği (instance), used in site, drawing, installation or coordination contexts.",cloud computing
object storage,"A software term meaning nesne depolama, used in site, drawing, installation or coordination contexts.",cloud computing
cloud native networking,"A software term meaning buluta özgü ağ altyapısı, used in site, drawing, installation or coordination contexts.",cloud computing
cloud dashboard,"A software term meaning bulut kontrol paneli, used in site, drawing, installation or coordination contexts.",cloud computing
container,"A software term meaning konteyner, used in site, drawing, installation or coordination contexts.",containers
Docker image,"A software term meaning Docker imajı, used in site, drawing, installation or coordination contexts.",containers
virtualization,"A software term meaning sanallaştırma, used in site, drawing, installation or coordination contexts.",containers
container registry,"A software term meaning konteyner kayıt defteri, used in site, drawing, installation or coordination contexts.",containers
Kubernetes cluster,"A software term meaning Kubernetes kümesi, used in site, drawing, installation or coordination contexts.",containers
container orchestration,"A software term meaning konteyner orkestrasyonu, used in site, drawing, installation or coordination contexts.",containers
pod,"A software term meaning pod (Kubernetes), used in site, drawing, installation or coordination contexts.",containers
microservice container,"A software term meaning mikroservis konteyneri, used in site, drawing, installation or coordination contexts.",containers
Dockerfile,"A software term meaning Dockerfile, used in site, drawing, installation or coordination contexts.",containers
container networking,"A software term meaning konteyner ağı, used in site, drawing, installation or coordination contexts.",containers
horizontal pod autoscaler,"A software term meaning yatay pod otomatik ölçekleyici, used in site, drawing, installation or coordination contexts.",containers
container image layer,"A software term meaning konteyner imaj katmanı, used in site, drawing, installation or coordination contexts.",containers
service mesh,"A software term meaning servis ağı (service mesh), used in site, drawing, installation or coordination contexts.",containers
container runtime interface,"A software term meaning konteyner çalışma zamanı arayüzü, used in site, drawing, installation or coordination contexts.",containers
helm chart,"A software term meaning helm chart, used in site, drawing, installation or coordination contexts.",containers
sidecar pattern,"A software term meaning sidecar deseni, used in site, drawing, installation or coordination contexts.",containers
container security scanning,"A software term meaning konteyner güvenlik taraması, used in site, drawing, installation or coordination contexts.",containers
virtual environment,"A software term meaning sanal ortam, used in site, drawing, installation or coordination contexts.",containers
container orchestration platform,"A software term meaning konteyner orkestrasyon platformu, used in site, drawing, installation or coordination contexts.",containers
namespace isolation,"A software term meaning ad alanı izolasyonu, used in site, drawing, installation or coordination contexts.",containers
multi-stage docker build,"A software term meaning çok aşamalı docker derlemesi, used in site, drawing, installation or coordination contexts.",containers
image tag,"A software term meaning imaj etiketi, used in site, drawing, installation or coordination contexts.",containers
container resource limit,"A software term meaning konteyner kaynak sınırı, used in site, drawing, installation or coordination contexts.",containers
bind mount,"A software term meaning bağlama (mount), used in site, drawing, installation or coordination contexts.",containers
ingress controller,"A software term meaning giriş denetleyici (ingress), used in site, drawing, installation or coordination contexts.",containers
database engine,"A software term meaning veritabanı motoru, used in site, drawing, installation or coordination contexts.",databases sql
temporary table,"A software term meaning geçici tablo, used in site, drawing, installation or coordination contexts.",databases sql
relational database,"A software term meaning ilişkisel veritabanı, used in site, drawing, installation or coordination contexts.",databases sql
primary key,"A software term meaning birincil anahtar, used in site, drawing, installation or coordination contexts.",databases sql
foreign key,"A software term meaning yabancı anahtar, used in site, drawing, installation or coordination contexts.",databases sql
query,"A software term meaning sorgu, used in site, drawing, installation or coordination contexts.",databases sql
SQL query,"A software term meaning SQL sorgusu, used in site, drawing, installation or coordination contexts.",databases sql
index (database),"A software term meaning indeks (veritabanı), used in site, drawing, installation or coordination contexts.",databases sql
join operation,"A software term meaning birleştirme işlemi (join), used in site, drawing, installation or coordination contexts.",databases sql
orphan record,"A software term meaning sahipsiz kayıt, used in site, drawing, installation or coordination contexts.",databases sql
schema,"A software term meaning şema (veritabanı), used in site, drawing, installation or coordination contexts.",databases sql
computed column,"A software term meaning hesaplanan sütun, used in site, drawing, installation or coordination contexts.",databases sql
row-level security,"A software term meaning satır düzeyinde güvenlik, used in site, drawing, installation or coordination contexts.",databases sql
database transaction,"A software term meaning veritabanı işlemi (transaction), used in site, drawing, installation or coordination contexts.",databases sql
normalization,"A software term meaning normalizasyon (veritabanı), used in site, drawing, installation or coordination contexts.",databases sql
denormalization,"A software term meaning denormalizasyon, used in site, drawing, installation or coordination contexts.",databases sql
stored procedure,"A software term meaning saklı yordam, used in site, drawing, installation or coordination contexts.",databases sql
database view,"A software term meaning veritabanı görünümü (view), used in site, drawing, installation or coordination contexts.",databases sql
ACID properties,"A software term meaning ACID özellikleri, used in site, drawing, installation or coordination contexts.",databases sql
query optimization,"A software term meaning sorgu optimizasyonu, used in site, drawing, installation or coordination contexts.",databases sql
database migration,"A software term meaning veritabanı geçişi (migration), used in site, drawing, installation or coordination contexts.",databases sql
connection pooling,"A software term meaning bağlantı havuzu, used in site, drawing, installation or coordination contexts.",databases sql
database indexing strategy,"A software term meaning veritabanı indeksleme stratejisi, used in site, drawing, installation or coordination contexts.",databases sql
subquery,"A software term meaning alt sorgu, used in site, drawing, installation or coordination contexts.",databases sql
aggregate function,"A software term meaning toplama fonksiyonu, used in site, drawing, installation or coordination contexts.",databases sql
data integrity constraint,"A software term meaning veri bütünlüğü kısıtı, used in site, drawing, installation or coordination contexts.",databases sql
query execution plan,"A software term meaning sorgu yürütme planı, used in site, drawing, installation or coordination contexts.",databases sql
database replication,"A software term meaning veritabanı replikasyonu, used in site, drawing, installation or coordination contexts.",databases sql
database sharding,"A software term meaning veritabanı parçalama (sharding), used in site, drawing, installation or coordination contexts.",databases sql
isolation level,"A software term meaning izolasyon seviyesi, used in site, drawing, installation or coordination contexts.",databases sql
database partitioning,"A software term meaning veritabanı bölümleme, used in site, drawing, installation or coordination contexts.",databases sql
save data,"A software term meaning veri kaydetme, used in site, drawing, installation or coordination contexts.",databases sql
database backup,"A software term meaning veritabanı yedeği, used in site, drawing, installation or coordination contexts.",databases sql
database trigger,"A software term meaning veritabanı tetikleyicisi (trigger), used in site, drawing, installation or coordination contexts.",databases sql
materialized view,"A software term meaning somutlaştırılmış görünüm, used in site, drawing, installation or coordination contexts.",databases sql
data model,"A software term meaning veri modeli, used in site, drawing, installation or coordination contexts.",databases sql
entity relationship diagram,"A software term meaning varlık ilişki diyagramı, used in site, drawing, installation or coordination contexts.",databases sql
NoSQL database,"A software term meaning NoSQL veritabanı, used in site, drawing, installation or coordination contexts.",databases nosql
document database,"A software term meaning doküman veritabanı, used in site, drawing, installation or coordination contexts.",databases nosql
key-value store,"A software term meaning anahtar-değer deposu, used in site, drawing, installation or coordination contexts.",databases nosql
collection (database),"A software term meaning koleksiyon (veritabanı), used in site, drawing, installation or coordination contexts.",databases nosql
column-family database,"A software term meaning sütun ailesi veritabanı, used in site, drawing, installation or coordination contexts.",databases nosql
graph database,"A software term meaning çizge (graph) veritabanı, used in site, drawing, installation or coordination contexts.",databases nosql
eventual consistency,"A software term meaning nihai tutarlılık, used in site, drawing, installation or coordination contexts.",databases nosql
CAP theorem,"A software term meaning CAP teoremi, used in site, drawing, installation or coordination contexts.",databases nosql
data replication strategy,"A software term meaning veri replikasyon stratejisi, used in site, drawing, installation or coordination contexts.",databases nosql
horizontal scaling,"A software term meaning yatay ölçeklendirme, used in site, drawing, installation or coordination contexts.",databases nosql
vertical scaling,"A software term meaning dikey ölçeklendirme, used in site, drawing, installation or coordination contexts.",databases nosql
consistent hashing,"A software term meaning tutarlı hashleme, used in site, drawing, installation or coordination contexts.",databases nosql
quorum-based consistency,"A software term meaning kotaya dayalı tutarlılık, used in site, drawing, installation or coordination contexts.",databases nosql
distributed database architecture,"A software term meaning dağıtık veritabanı mimarisi, used in site, drawing, installation or coordination contexts.",databases nosql
cache,"A software term meaning önbellek, used in site, drawing, installation or coordination contexts.",databases nosql
in-memory database,"A software term meaning bellek içi veritabanı, used in site, drawing, installation or coordination contexts.",databases nosql
time-series database,"A software term meaning zaman serisi veritabanı, used in site, drawing, installation or coordination contexts.",databases nosql
write-ahead log,"A software term meaning yazma öncesi günlük (WAL), used in site, drawing, installation or coordination contexts.",databases nosql
data lake,"A software term meaning veri gölü, used in site, drawing, installation or coordination contexts.",databases nosql
data warehouse,"A software term meaning veri ambarı, used in site, drawing, installation or coordination contexts.",databases nosql
polyglot persistence,"A software term meaning çoklu kalıcılık (polyglot persistence), used in site, drawing, installation or coordination contexts.",databases nosql
cache eviction policy,"A software term meaning önbellek tahliye politikası, used in site, drawing, installation or coordination contexts.",databases nosql
website,"A software term meaning web sitesi, used in site, drawing, installation or coordination contexts.",frontend dev
browser tab,"A software term meaning tarayıcı sekmesi, used in site, drawing, installation or coordination contexts.",frontend dev
web page,"A software term meaning web sayfası, used in site, drawing, installation or coordination contexts.",frontend dev
submit button,"A software term meaning gönder butonu, used in site, drawing, installation or coordination contexts.",frontend dev
dynamic form,"A software term meaning dinamik form, used in site, drawing, installation or coordination contexts.",frontend dev
menu,"A software term meaning menü, used in site, drawing, installation or coordination contexts.",frontend dev
grid layout,"A software term meaning grid yerleşimi, used in site, drawing, installation or coordination contexts.",frontend dev
responsive design,"A software term meaning duyarlı tasarım, used in site, drawing, installation or coordination contexts.",frontend dev
HTML element,"A software term meaning HTML öğesi, used in site, drawing, installation or coordination contexts.",frontend dev
CSS style,"A software term meaning CSS stili, used in site, drawing, installation or coordination contexts.",frontend dev
DOM,"A software term meaning belge nesne modeli (DOM), used in site, drawing, installation or coordination contexts.",frontend dev
event listener,"A software term meaning olay dinleyici, used in site, drawing, installation or coordination contexts.",frontend dev
form validation,"A software term meaning form doğrulama, used in site, drawing, installation or coordination contexts.",frontend dev
single-page application,"A software term meaning tek sayfa uygulaması (SPA), used in site, drawing, installation or coordination contexts.",frontend dev
component (frontend),"A software term meaning bileşen (frontend), used in site, drawing, installation or coordination contexts.",frontend dev
stylesheet,"A software term meaning stil sayfası, used in site, drawing, installation or coordination contexts.",frontend dev
web accessibility,"A software term meaning web erişilebilirliği, used in site, drawing, installation or coordination contexts.",frontend dev
frontend framework,"A software term meaning frontend çerçevesi, used in site, drawing, installation or coordination contexts.",frontend dev
state management,"A software term meaning durum yönetimi, used in site, drawing, installation or coordination contexts.",frontend dev
virtual DOM,"A software term meaning sanal DOM, used in site, drawing, installation or coordination contexts.",frontend dev
client-side rendering,"A software term meaning istemci taraflı işleme (rendering), used in site, drawing, installation or coordination contexts.",frontend dev
server-side rendering,"A software term meaning sunucu taraflı işleme, used in site, drawing, installation or coordination contexts.",frontend dev
React component,"A software term meaning React bileşeni, used in site, drawing, installation or coordination contexts.",frontend dev
routing (frontend),"A software term meaning yönlendirme (frontend), used in site, drawing, installation or coordination contexts.",frontend dev
CSS preprocessor,"A software term meaning CSS ön işlemcisi, used in site, drawing, installation or coordination contexts.",frontend dev
cross-browser compatibility,"A software term meaning tarayıcılar arası uyumluluk, used in site, drawing, installation or coordination contexts.",frontend dev
progressive web app,"A software term meaning aşamalı web uygulaması (PWA), used in site, drawing, installation or coordination contexts.",frontend dev
component lifecycle,"A software term meaning bileşen yaşam döngüsü, used in site, drawing, installation or coordination contexts.",frontend dev
static site generation,"A software term meaning statik site oluşturma, used in site, drawing, installation or coordination contexts.",frontend dev
hydration (web),"A software term meaning hidrasyon (web), used in site, drawing, installation or coordination contexts.",frontend dev
code splitting,"A software term meaning kod bölme, used in site, drawing, installation or coordination contexts.",frontend dev
lazy loading,"A software term meaning tembel yükleme, used in site, drawing, installation or coordination contexts.",frontend dev
web performance optimization,"A software term meaning web performans optimizasyonu, used in site, drawing, installation or coordination contexts.",frontend dev
accessibility standard compliance,"A software term meaning erişilebilirlik standardı uyumu, used in site, drawing, installation or coordination contexts.",frontend dev
micro frontend architecture,"A software term meaning mikro frontend mimarisi, used in site, drawing, installation or coordination contexts.",frontend dev
click,"A software term meaning tıklama, used in site, drawing, installation or coordination contexts.",frontend dev
scroll,"A software term meaning kaydırma, used in site, drawing, installation or coordination contexts.",frontend dev
web browser compatibility,"A software term meaning web tarayıcı uyumluluğu, used in site, drawing, installation or coordination contexts.",frontend dev
bundler tool,"A software term meaning paketleyici araç (bundler), used in site, drawing, installation or coordination contexts.",frontend dev
tree shaking,"A software term meaning gereksiz kod ayıklama (tree shaking), used in site, drawing, installation or coordination contexts.",frontend dev
template engine,"A software term meaning şablon motoru, used in site, drawing, installation or coordination contexts.",frontend dev
state hydration,"A software term meaning durum aktarımı (hydration), used in site, drawing, installation or coordination contexts.",frontend dev
server-side code,"A software term meaning sunucu tarafı kod, used in site, drawing, installation or coordination contexts.",backend dev
backend development,"A software term meaning backend geliştirme, used in site, drawing, installation or coordination contexts.",backend dev
web server,"A software term meaning web sunucusu, used in site, drawing, installation or coordination contexts.",backend dev
HTTP request,"A software term meaning HTTP isteği, used in site, drawing, installation or coordination contexts.",backend dev
HTTP response,"A software term meaning HTTP yanıtı, used in site, drawing, installation or coordination contexts.",backend dev
routing (backend),"A software term meaning yönlendirme (backend), used in site, drawing, installation or coordination contexts.",backend dev
middleware,"A software term meaning ara yazılım (middleware), used in site, drawing, installation or coordination contexts.",backend dev
session management,"A software term meaning oturum yönetimi, used in site, drawing, installation or coordination contexts.",backend dev
authentication,"A software term meaning kimlik doğrulama, used in site, drawing, installation or coordination contexts.",backend dev
authorization policy,"A software term meaning yetkilendirme politikası, used in site, drawing, installation or coordination contexts.",backend dev
cookie,"A software term meaning çerez (cookie), used in site, drawing, installation or coordination contexts.",backend dev
RESTful service,"A software term meaning RESTful servis, used in site, drawing, installation or coordination contexts.",backend dev
controller (backend),"A software term meaning denetleyici (backend), used in site, drawing, installation or coordination contexts.",backend dev
request handler,"A software term meaning istek işleyici, used in site, drawing, installation or coordination contexts.",backend dev
rate limiting,"A software term meaning hız sınırlama, used in site, drawing, installation or coordination contexts.",backend dev
server-side validation,"A software term meaning sunucu taraflı doğrulama, used in site, drawing, installation or coordination contexts.",backend dev
token-based authentication,"A software term meaning token tabanlı kimlik doğrulama, used in site, drawing, installation or coordination contexts.",backend dev
caching layer,"A software term meaning önbellekleme katmanı, used in site, drawing, installation or coordination contexts.",backend dev
background job,"A software term meaning arka plan işi, used in site, drawing, installation or coordination contexts.",backend dev
queue worker,"A software term meaning kuyruk işçisi (worker), used in site, drawing, installation or coordination contexts.",backend dev
connection timeout,"A software term meaning bağlantı zaman aşımı, used in site, drawing, installation or coordination contexts.",backend dev
horizontal request scaling,"A software term meaning yatay istek ölçeklendirme, used in site, drawing, installation or coordination contexts.",backend dev
idempotent operation,"A software term meaning idempotent (etkisi tekrarlanmayan) işlem, used in site, drawing, installation or coordination contexts.",backend dev
stateless service design,"A software term meaning durumsuz servis tasarımı, used in site, drawing, installation or coordination contexts.",backend dev
graceful shutdown,"A software term meaning kademeli kapatma, used in site, drawing, installation or coordination contexts.",backend dev
login,"A software term meaning giriş yapma, used in site, drawing, installation or coordination contexts.",backend dev
logout,"A software term meaning çıkış yapma, used in site, drawing, installation or coordination contexts.",backend dev
password hashing,"A software term meaning parola hashleme, used in site, drawing, installation or coordination contexts.",backend dev
JSON web token,"A software term meaning JSON web belirteci (JWT), used in site, drawing, installation or coordination contexts.",backend dev
OAuth flow,"A software term meaning OAuth akışı, used in site, drawing, installation or coordination contexts.",backend dev
server configuration,"A software term meaning sunucu yapılandırması, used in site, drawing, installation or coordination contexts.",backend dev
API rate limit,"A software term meaning API hız sınırı, used in site, drawing, installation or coordination contexts.",backend dev
distributed session store,"A software term meaning dağıtık oturum deposu, used in site, drawing, installation or coordination contexts.",backend dev
API,"A software term meaning API (uygulama programlama arayüzü), used in site, drawing, installation or coordination contexts.",apis
REST API,"A software term meaning REST API, used in site, drawing, installation or coordination contexts.",apis
endpoint,"A software term meaning uç nokta (endpoint), used in site, drawing, installation or coordination contexts.",apis
API request,"A software term meaning API isteği, used in site, drawing, installation or coordination contexts.",apis
API response,"A software term meaning API yanıtı, used in site, drawing, installation or coordination contexts.",apis
JSON format,"A software term meaning JSON biçimi, used in site, drawing, installation or coordination contexts.",apis
XML format,"A software term meaning XML biçimi, used in site, drawing, installation or coordination contexts.",apis
HTTP method,"A software term meaning HTTP yöntemi, used in site, drawing, installation or coordination contexts.",apis
GET request,"A software term meaning GET isteği, used in site, drawing, installation or coordination contexts.",apis
POST request,"A software term meaning POST isteği, used in site, drawing, installation or coordination contexts.",apis
API documentation,"A software term meaning API dokümantasyonu, used in site, drawing, installation or coordination contexts.",apis
API key,"A software term meaning API anahtarı, used in site, drawing, installation or coordination contexts.",apis
GraphQL API,"A software term meaning GraphQL API, used in site, drawing, installation or coordination contexts.",apis
API versioning,"A software term meaning API sürümlemesi, used in site, drawing, installation or coordination contexts.",apis
webhook,"A software term meaning webhook (web kancası), used in site, drawing, installation or coordination contexts.",apis
API gateway,"A software term meaning API ağ geçidi, used in site, drawing, installation or coordination contexts.",apis
payload (API),"A software term meaning yük (payload) (API), used in site, drawing, installation or coordination contexts.",apis
status code,"A software term meaning durum kodu, used in site, drawing, installation or coordination contexts.",apis
API rate throttling,"A software term meaning API hız kısıtlaması, used in site, drawing, installation or coordination contexts.",apis
SOAP protocol,"A software term meaning SOAP protokolü, used in site, drawing, installation or coordination contexts.",apis
API integration,"A software term meaning API entegrasyonu, used in site, drawing, installation or coordination contexts.",apis
OpenAPI specification,"A software term meaning OpenAPI spesifikasyonu, used in site, drawing, installation or coordination contexts.",apis
API contract testing,"A software term meaning API sözleşme testi, used in site, drawing, installation or coordination contexts.",apis
API governance framework,"A software term meaning API yönetişim çerçevesi, used in site, drawing, installation or coordination contexts.",apis
batch request,"A software term meaning toplu istek, used in site, drawing, installation or coordination contexts.",apis
PUT request,"A software term meaning PUT isteği, used in site, drawing, installation or coordination contexts.",apis
DELETE request,"A software term meaning DELETE isteği, used in site, drawing, installation or coordination contexts.",apis
API mocking,"A software term meaning API taklit etme (mocking), used in site, drawing, installation or coordination contexts.",apis
API deprecation policy,"A software term meaning API kullanımdan kaldırma politikası, used in site, drawing, installation or coordination contexts.",apis
client library,"A software term meaning istemci kütüphanesi, used in site, drawing, installation or coordination contexts.",apis
third-party API integration,"A software term meaning üçüncü taraf API entegrasyonu, used in site, drawing, installation or coordination contexts.",apis
mobile app,"A software term meaning mobil uygulama, used in site, drawing, installation or coordination contexts.",mobile dev
app store,"A software term meaning uygulama mağazası, used in site, drawing, installation or coordination contexts.",mobile dev
native app development,"A software term meaning yerel uygulama geliştirme, used in site, drawing, installation or coordination contexts.",mobile dev
cross-platform app,"A software term meaning platformlar arası uygulama, used in site, drawing, installation or coordination contexts.",mobile dev
Android development,"A software term meaning Android geliştirme, used in site, drawing, installation or coordination contexts.",mobile dev
iOS development,"A software term meaning iOS geliştirme, used in site, drawing, installation or coordination contexts.",mobile dev
mobile UI design,"A software term meaning mobil arayüz tasarımı, used in site, drawing, installation or coordination contexts.",mobile dev
app permission,"A software term meaning uygulama izni, used in site, drawing, installation or coordination contexts.",mobile dev
push notification,"A software term meaning anlık bildirim (push notification), used in site, drawing, installation or coordination contexts.",mobile dev
app lifecycle,"A software term meaning uygulama yaşam döngüsü, used in site, drawing, installation or coordination contexts.",mobile dev
hybrid app development,"A software term meaning hibrit uygulama geliştirme, used in site, drawing, installation or coordination contexts.",mobile dev
mobile responsive layout,"A software term meaning mobil duyarlı yerleşim, used in site, drawing, installation or coordination contexts.",mobile dev
app performance optimization,"A software term meaning uygulama performans optimizasyonu, used in site, drawing, installation or coordination contexts.",mobile dev
offline-first design,"A software term meaning çevrimdışı öncelikli tasarım, used in site, drawing, installation or coordination contexts.",mobile dev
mobile app testing,"A software term meaning mobil uygulama testi, used in site, drawing, installation or coordination contexts.",mobile dev
in-app purchase,"A software term meaning uygulama içi satın alma, used in site, drawing, installation or coordination contexts.",mobile dev
app store deployment,"A software term meaning uygulama mağazası dağıtımı, used in site, drawing, installation or coordination contexts.",mobile dev
battery consumption optimization,"A software term meaning pil tüketimi optimizasyonu, used in site, drawing, installation or coordination contexts.",mobile dev
mobile continuous delivery,"A software term meaning mobil sürekli teslimat, used in site, drawing, installation or coordination contexts.",mobile dev
install app,"A software term meaning uygulama yükleme, used in site, drawing, installation or coordination contexts.",mobile dev
mobile SDK,"A software term meaning mobil SDK (yazılım geliştirme kiti), used in site, drawing, installation or coordination contexts.",mobile dev
device fragmentation,"A software term meaning cihaz parçalanması, used in site, drawing, installation or coordination contexts.",mobile dev
app update,"A software term meaning uygulama güncellemesi, used in site, drawing, installation or coordination contexts.",mobile dev
internet connectivity,"A software term meaning internet bağlantısı, used in site, drawing, installation or coordination contexts.",networking dev
Wi-Fi signal strength,"A software term meaning Wi-Fi sinyal gücü, used in site, drawing, installation or coordination contexts.",networking dev
IP address,"A software term meaning IP adresi, used in site, drawing, installation or coordination contexts.",networking dev
domain name,"A software term meaning alan adı (domain), used in site, drawing, installation or coordination contexts.",networking dev
URL,"A software term meaning URL (web adresi), used in site, drawing, installation or coordination contexts.",networking dev
port number,"A software term meaning port numarası, used in site, drawing, installation or coordination contexts.",networking dev
firewall,"A software term meaning güvenlik duvarı, used in site, drawing, installation or coordination contexts.",networking dev
DNS,"A software term meaning alan adı sistemi (DNS), used in site, drawing, installation or coordination contexts.",networking dev
TCP/IP,"A software term meaning TCP/IP, used in site, drawing, installation or coordination contexts.",networking dev
HTTPS protocol,"A software term meaning HTTPS protokolü, used in site, drawing, installation or coordination contexts.",networking dev
SSL certificate,"A software term meaning SSL sertifikası, used in site, drawing, installation or coordination contexts.",networking dev
network latency,"A software term meaning ağ gecikmesi, used in site, drawing, installation or coordination contexts.",networking dev
bandwidth throttling,"A software term meaning bant genişliği kısıtlama, used in site, drawing, installation or coordination contexts.",networking dev
proxy server,"A software term meaning vekil sunucu (proxy), used in site, drawing, installation or coordination contexts.",networking dev
VPN,"A software term meaning sanal özel ağ (VPN), used in site, drawing, installation or coordination contexts.",networking dev
packet,"A software term meaning paket (ağ), used in site, drawing, installation or coordination contexts.",networking dev
socket connection,"A software term meaning soket bağlantısı, used in site, drawing, installation or coordination contexts.",networking dev
load balancing algorithm,"A software term meaning yük dengeleme algoritması, used in site, drawing, installation or coordination contexts.",networking dev
WebSocket connection,"A software term meaning WebSocket bağlantısı, used in site, drawing, installation or coordination contexts.",networking dev
TLS handshake,"A software term meaning TLS el sıkışması, used in site, drawing, installation or coordination contexts.",networking dev
CDN edge server,"A software term meaning CDN uç sunucusu, used in site, drawing, installation or coordination contexts.",networking dev
DNS resolution,"A software term meaning DNS çözümlemesi, used in site, drawing, installation or coordination contexts.",networking dev
network throughput,"A software term meaning ağ verim hızı, used in site, drawing, installation or coordination contexts.",networking dev
reverse proxy,"A software term meaning ters vekil sunucu, used in site, drawing, installation or coordination contexts.",networking dev
network protocol stack,"A software term meaning ağ protokol yığını, used in site, drawing, installation or coordination contexts.",networking dev
content negotiation,"A software term meaning içerik anlaşması (content negotiation), used in site, drawing, installation or coordination contexts.",networking dev
network partition tolerance,"A software term meaning ağ bölünmesine dayanıklılık, used in site, drawing, installation or coordination contexts.",networking dev
QUIC protocol,"A software term meaning QUIC protokolü, used in site, drawing, installation or coordination contexts.",networking dev
multi-path TCP optimization,"A software term meaning çok yollu TCP optimizasyonu, used in site, drawing, installation or coordination contexts.",networking dev
connect to internet,"A software term meaning internete bağlanma, used in site, drawing, installation or coordination contexts.",networking dev
network timeout,"A software term meaning ağ zaman aşımı, used in site, drawing, installation or coordination contexts.",networking dev
network throttling,"A software term meaning ağ hız kısıtlaması, used in site, drawing, installation or coordination contexts.",networking dev
password policy,"A software term meaning parola politikası, used in site, drawing, installation or coordination contexts.",cybersecurity
virus,"A software term meaning virüs (bilgisayar), used in site, drawing, installation or coordination contexts.",cybersecurity
antivirus,"A software term meaning antivirüs, used in site, drawing, installation or coordination contexts.",cybersecurity
encryption,"A software term meaning şifreleme, used in site, drawing, installation or coordination contexts.",cybersecurity
decryption,"A software term meaning şifre çözme, used in site, drawing, installation or coordination contexts.",cybersecurity
malware,"A software term meaning kötü amaçlı yazılım, used in site, drawing, installation or coordination contexts.",cybersecurity
phishing,"A software term meaning oltalama (phishing), used in site, drawing, installation or coordination contexts.",cybersecurity
firewall rule,"A software term meaning güvenlik duvarı kuralı, used in site, drawing, installation or coordination contexts.",cybersecurity
two-factor authentication,"A software term meaning iki faktörlü kimlik doğrulama, used in site, drawing, installation or coordination contexts.",cybersecurity
data breach,"A software term meaning veri sızıntısı, used in site, drawing, installation or coordination contexts.",cybersecurity
vulnerability,"A software term meaning güvenlik açığı, used in site, drawing, installation or coordination contexts.",cybersecurity
patch (security),"A software term meaning yama (güvenlik), used in site, drawing, installation or coordination contexts.",cybersecurity
cyber attack,"A software term meaning siber saldırı, used in site, drawing, installation or coordination contexts.",cybersecurity
brute force attack,"A software term meaning kaba kuvvet saldırısı, used in site, drawing, installation or coordination contexts.",cybersecurity
SQL injection,"A software term meaning SQL enjeksiyonu, used in site, drawing, installation or coordination contexts.",cybersecurity
cross-site scripting,"A software term meaning siteler arası betik çalıştırma (XSS), used in site, drawing, installation or coordination contexts.",cybersecurity
cross-site request forgery,"A software term meaning siteler arası istek sahteciliği (CSRF), used in site, drawing, installation or coordination contexts.",cybersecurity
penetration testing,"A software term meaning sızma testi, used in site, drawing, installation or coordination contexts.",cybersecurity
security audit,"A software term meaning güvenlik denetimi (yazılım), used in site, drawing, installation or coordination contexts.",cybersecurity
access control list,"A software term meaning erişim kontrol listesi, used in site, drawing, installation or coordination contexts.",cybersecurity
public key infrastructure,"A software term meaning açık anahtar altyapısı (PKI), used in site, drawing, installation or coordination contexts.",cybersecurity
hashing for security,"A software term meaning güvenlik için hashleme, used in site, drawing, installation or coordination contexts.",cybersecurity
salt (cryptography),"A software term meaning tuz (kriptografi), used in site, drawing, installation or coordination contexts.",cybersecurity
man-in-the-middle attack,"A software term meaning ortadaki adam saldırısı, used in site, drawing, installation or coordination contexts.",cybersecurity
zero-day vulnerability,"A software term meaning sıfırıncı gün açığı, used in site, drawing, installation or coordination contexts.",cybersecurity
threat modeling,"A software term meaning tehdit modelleme, used in site, drawing, installation or coordination contexts.",cybersecurity
intrusion detection system,"A software term meaning saldırı tespit sistemi, used in site, drawing, installation or coordination contexts.",cybersecurity
secure coding practice,"A software term meaning güvenli kodlama uygulaması, used in site, drawing, installation or coordination contexts.",cybersecurity
least privilege principle,"A software term meaning en az ayrıcalık ilkesi, used in site, drawing, installation or coordination contexts.",cybersecurity
security posture assessment,"A software term meaning güvenlik duruşu değerlendirmesi, used in site, drawing, installation or coordination contexts.",cybersecurity
advanced persistent threat,"A software term meaning gelişmiş kalıcı tehdit (APT), used in site, drawing, installation or coordination contexts.",cybersecurity
zero trust architecture,"A software term meaning sıfır güven mimarisi, used in site, drawing, installation or coordination contexts.",cybersecurity
lock screen,"A software term meaning ekran kilidi, used in site, drawing, installation or coordination contexts.",cybersecurity
security patch update,"A software term meaning güvenlik yaması güncellemesi, used in site, drawing, installation or coordination contexts.",cybersecurity
secrets rotation,"A software term meaning gizli bilgi rotasyonu, used in site, drawing, installation or coordination contexts.",cybersecurity
supply chain security,"A software term meaning tedarik zinciri güvenliği, used in site, drawing, installation or coordination contexts.",cybersecurity
security compliance framework,"A software term meaning güvenlik uyumluluk çerçevesi, used in site, drawing, installation or coordination contexts.",cybersecurity
role-based access control,"A software term meaning rol tabanlı erişim kontrolü, used in site, drawing, installation or coordination contexts.",cybersecurity
file,"A software term meaning dosya, used in site, drawing, installation or coordination contexts.",os cli
shared drive folder,"A software term meaning paylaşılan sürücü klasörü, used in site, drawing, installation or coordination contexts.",os cli
operating system,"A software term meaning işletim sistemi, used in site, drawing, installation or coordination contexts.",os cli
terminal emulator,"A software term meaning terminal emülatörü, used in site, drawing, installation or coordination contexts.",os cli
shell command syntax,"A software term meaning kabuk komutu söz dizimi, used in site, drawing, installation or coordination contexts.",os cli
directory,"A software term meaning dizin, used in site, drawing, installation or coordination contexts.",os cli
file path,"A software term meaning dosya yolu, used in site, drawing, installation or coordination contexts.",os cli
root directory,"A software term meaning kök dizin, used in site, drawing, installation or coordination contexts.",os cli
permissions (file),"A software term meaning izinler (dosya), used in site, drawing, installation or coordination contexts.",os cli
process (operating system),"A software term meaning süreç (işletim sistemi), used in site, drawing, installation or coordination contexts.",os cli
worker thread,"A software term meaning işçi iş parçacığı, used in site, drawing, installation or coordination contexts.",os cli
multithreading,"A software term meaning çoklu iş parçacığı, used in site, drawing, installation or coordination contexts.",os cli
kernel,"A software term meaning çekirdek (kernel), used in site, drawing, installation or coordination contexts.",os cli
shell,"A software term meaning kabuk (shell), used in site, drawing, installation or coordination contexts.",os cli
environment variable (OS),"A software term meaning ortam değişkeni (OS), used in site, drawing, installation or coordination contexts.",os cli
file system,"A software term meaning dosya sistemi, used in site, drawing, installation or coordination contexts.",os cli
background process,"A software term meaning arka plan süreci, used in site, drawing, installation or coordination contexts.",os cli
system call,"A software term meaning sistem çağrısı, used in site, drawing, installation or coordination contexts.",os cli
task manager,"A software term meaning görev yöneticisi, used in site, drawing, installation or coordination contexts.",os cli
process scheduling,"A software term meaning süreç zamanlama, used in site, drawing, installation or coordination contexts.",os cli
context switching,"A software term meaning bağlam değiştirme, used in site, drawing, installation or coordination contexts.",os cli
inter-process communication,"A software term meaning süreçler arası iletişim, used in site, drawing, installation or coordination contexts.",os cli
virtual memory,"A software term meaning sanal bellek, used in site, drawing, installation or coordination contexts.",os cli
file descriptor,"A software term meaning dosya tanımlayıcı, used in site, drawing, installation or coordination contexts.",os cli
symbolic link,"A software term meaning sembolik bağlantı, used in site, drawing, installation or coordination contexts.",os cli
command-line interface,"A software term meaning komut satırı arayüzü, used in site, drawing, installation or coordination contexts.",os cli
piping (shell),"A software term meaning boru hattı (shell pipe), used in site, drawing, installation or coordination contexts.",os cli
system call interception,"A software term meaning sistem çağrısı yakalama, used in site, drawing, installation or coordination contexts.",os cli
kernel module,"A software term meaning çekirdek modülü, used in site, drawing, installation or coordination contexts.",os cli
process synchronization,"A software term meaning süreç senkronizasyonu, used in site, drawing, installation or coordination contexts.",os cli
mutex lock,"A software term meaning mutex kilidi, used in site, drawing, installation or coordination contexts.",os cli
semaphore,"A software term meaning semafor, used in site, drawing, installation or coordination contexts.",os cli
copy file,"A software term meaning dosya kopyalama, used in site, drawing, installation or coordination contexts.",os cli
delete file,"A software term meaning dosya silme, used in site, drawing, installation or coordination contexts.",os cli
shell script execution,"A software term meaning kabuk betiği çalıştırma, used in site, drawing, installation or coordination contexts.",os cli
process priority,"A software term meaning süreç önceliği, used in site, drawing, installation or coordination contexts.",os cli
artificial intelligence,"A software term meaning yapay zeka, used in site, drawing, installation or coordination contexts.",ai ml
data set,"A software term meaning veri kümesi (dataset), used in site, drawing, installation or coordination contexts.",ai ml
machine learning,"A software term meaning makine öğrenmesi, used in site, drawing, installation or coordination contexts.",ai ml
training data,"A software term meaning eğitim verisi, used in site, drawing, installation or coordination contexts.",ai ml
model (machine learning),"A software term meaning model (makine öğrenmesi), used in site, drawing, installation or coordination contexts.",ai ml
prediction,"A software term meaning tahmin (makine öğrenmesi), used in site, drawing, installation or coordination contexts.",ai ml
multi-class classification,"A software term meaning çok sınıflı sınıflandırma, used in site, drawing, installation or coordination contexts.",ai ml
regression,"A software term meaning regresyon, used in site, drawing, installation or coordination contexts.",ai ml
neural network,"A software term meaning yapay sinir ağı, used in site, drawing, installation or coordination contexts.",ai ml
supervised learning,"A software term meaning gözetimli öğrenme, used in site, drawing, installation or coordination contexts.",ai ml
unsupervised learning,"A software term meaning gözetimsiz öğrenme, used in site, drawing, installation or coordination contexts.",ai ml
feature (machine learning),"A software term meaning özellik (makine öğrenmesi), used in site, drawing, installation or coordination contexts.",ai ml
deep learning,"A software term meaning derin öğrenme, used in site, drawing, installation or coordination contexts.",ai ml
convolutional neural network,"A software term meaning evrişimli sinir ağı, used in site, drawing, installation or coordination contexts.",ai ml
recurrent neural network,"A software term meaning tekrarlayan sinir ağı, used in site, drawing, installation or coordination contexts.",ai ml
overfitting,"A software term meaning aşırı öğrenme (overfitting), used in site, drawing, installation or coordination contexts.",ai ml
underfitting,"A software term meaning yetersiz öğrenme (underfitting), used in site, drawing, installation or coordination contexts.",ai ml
gradient descent,"A software term meaning gradyan inişi, used in site, drawing, installation or coordination contexts.",ai ml
loss function,"A software term meaning kayıp fonksiyonu, used in site, drawing, installation or coordination contexts.",ai ml
hyperparameter tuning,"A software term meaning hiperparametre ayarlama, used in site, drawing, installation or coordination contexts.",ai ml
reinforcement learning,"A software term meaning pekiştirmeli öğrenme, used in site, drawing, installation or coordination contexts.",ai ml
model accuracy,"A software term meaning model doğruluğu, used in site, drawing, installation or coordination contexts.",ai ml
training epoch,"A software term meaning eğitim epoku (epoch), used in site, drawing, installation or coordination contexts.",ai ml
validation set,"A software term meaning doğrulama kümesi, used in site, drawing, installation or coordination contexts.",ai ml
transformer architecture,"A software term meaning transformer mimarisi, used in site, drawing, installation or coordination contexts.",ai ml
large language model,"A software term meaning büyük dil modeli, used in site, drawing, installation or coordination contexts.",ai ml
transfer learning,"A software term meaning transfer öğrenme, used in site, drawing, installation or coordination contexts.",ai ml
model inference,"A software term meaning model çıkarımı (inference), used in site, drawing, installation or coordination contexts.",ai ml
attention mechanism,"A software term meaning dikkat mekanizması (attention), used in site, drawing, installation or coordination contexts.",ai ml
fine-tuning a model,"A software term meaning modeli ince ayar yapma, used in site, drawing, installation or coordination contexts.",ai ml
embedding vector,"A software term meaning gömme vektörü (embedding), used in site, drawing, installation or coordination contexts.",ai ml
model deployment pipeline,"A software term meaning model dağıtım hattı, used in site, drawing, installation or coordination contexts.",ai ml
generative adversarial network,"A software term meaning üretici çekişmeli ağ (GAN), used in site, drawing, installation or coordination contexts.",ai ml
model interpretability technique,"A software term meaning model yorumlanabilirlik tekniği, used in site, drawing, installation or coordination contexts.",ai ml
robot,"A software term meaning robot, used in site, drawing, installation or coordination contexts.",ai ml
chatbot,"A software term meaning sohbet robotu, used in site, drawing, installation or coordination contexts.",ai ml
natural language processing,"A software term meaning doğal dil işleme, used in site, drawing, installation or coordination contexts.",ai ml
computer vision,"A software term meaning bilgisayarlı görü, used in site, drawing, installation or coordination contexts.",ai ml
data preprocessing,"A software term meaning veri ön işleme, used in site, drawing, installation or coordination contexts.",ai ml
model bias detection,"A software term meaning model yanlılığı tespiti, used in site, drawing, installation or coordination contexts.",ai ml
test data,"A software term meaning test verisi, used in site, drawing, installation or coordination contexts.",ai ml
data analysis,"A software term meaning veri analizi, used in site, drawing, installation or coordination contexts.",data science
interactive chart,"A software term meaning etkileşimli grafik, used in site, drawing, installation or coordination contexts.",data science
data visualization,"A software term meaning veri görselleştirme, used in site, drawing, installation or coordination contexts.",data science
data cleaning,"A software term meaning veri temizleme, used in site, drawing, installation or coordination contexts.",data science
statistical analysis,"A software term meaning istatistiksel analiz, used in site, drawing, installation or coordination contexts.",data science
data pipeline,"A software term meaning veri hattı (pipeline), used in site, drawing, installation or coordination contexts.",data science
data mining,"A software term meaning veri madenciliği, used in site, drawing, installation or coordination contexts.",data science
descriptive statistics,"A software term meaning betimsel istatistik, used in site, drawing, installation or coordination contexts.",data science
dashboard (analytics),"A software term meaning gösterge paneli (analitik), used in site, drawing, installation or coordination contexts.",data science
exploratory data analysis,"A software term meaning keşifsel veri analizi, used in site, drawing, installation or coordination contexts.",data science
data wrangling,"A software term meaning veri düzenleme, used in site, drawing, installation or coordination contexts.",data science
predictive analytics,"A software term meaning öngörücü analitik, used in site, drawing, installation or coordination contexts.",data science
A/B testing,"A software term meaning A/B testi, used in site, drawing, installation or coordination contexts.",data science
correlation analysis,"A software term meaning korelasyon analizi, used in site, drawing, installation or coordination contexts.",data science
data aggregation,"A software term meaning veri toplulaştırma, used in site, drawing, installation or coordination contexts.",data science
outlier detection,"A software term meaning aykırı değer tespiti, used in site, drawing, installation or coordination contexts.",data science
statistical significance testing,"A software term meaning istatistiksel anlamlılık testi, used in site, drawing, installation or coordination contexts.",data science
feature engineering,"A software term meaning özellik mühendisliği, used in site, drawing, installation or coordination contexts.",data science
time series forecasting,"A software term meaning zaman serisi tahmini, used in site, drawing, installation or coordination contexts.",data science
multivariate analysis,"A software term meaning çok değişkenli analiz, used in site, drawing, installation or coordination contexts.",data science
floating point number,"A software term meaning kayan noktalı sayı, used in site, drawing, installation or coordination contexts.",data science
percentage change,"A software term meaning yüzde değişimi, used in site, drawing, installation or coordination contexts.",data science
spreadsheet analysis,"A software term meaning hesap tablosu analizi, used in site, drawing, installation or coordination contexts.",data science
data sampling method,"A software term meaning veri örnekleme yöntemi, used in site, drawing, installation or coordination contexts.",data science
data governance framework,"A software term meaning veri yönetişim çerçevesi, used in site, drawing, installation or coordination contexts.",data science
business intelligence tool,"A software term meaning iş zekası aracı, used in site, drawing, installation or coordination contexts.",data science
team meeting,"A software term meaning ekip toplantısı, used in site, drawing, installation or coordination contexts.",agile scrum
task,"A software term meaning görev, used in site, drawing, installation or coordination contexts.",agile scrum
agile methodology,"A software term meaning çevik (agile) metodoloji, used in site, drawing, installation or coordination contexts.",agile scrum
scrum framework,"A software term meaning scrum çerçevesi, used in site, drawing, installation or coordination contexts.",agile scrum
sprint,"A software term meaning sprint, used in site, drawing, installation or coordination contexts.",agile scrum
sprint planning,"A software term meaning sprint planlama, used in site, drawing, installation or coordination contexts.",agile scrum
daily standup,"A software term meaning günlük ayaküstü toplantı, used in site, drawing, installation or coordination contexts.",agile scrum
product backlog,"A software term meaning ürün iş listesi (backlog), used in site, drawing, installation or coordination contexts.",agile scrum
user story,"A software term meaning kullanıcı hikayesi, used in site, drawing, installation or coordination contexts.",agile scrum
scrum master,"A software term meaning scrum master, used in site, drawing, installation or coordination contexts.",agile scrum
product owner,"A software term meaning ürün sahibi, used in site, drawing, installation or coordination contexts.",agile scrum
kanban board,"A software term meaning kanban panosu, used in site, drawing, installation or coordination contexts.",agile scrum
burndown chart,"A software term meaning tükenme grafiği (burndown), used in site, drawing, installation or coordination contexts.",agile scrum
retrospective meeting,"A software term meaning retrospektif toplantı, used in site, drawing, installation or coordination contexts.",agile scrum
sprint review,"A software term meaning sprint değerlendirmesi, used in site, drawing, installation or coordination contexts.",agile scrum
story points,"A software term meaning hikaye puanları, used in site, drawing, installation or coordination contexts.",agile scrum
velocity (agile),"A software term meaning hız (agile velocity), used in site, drawing, installation or coordination contexts.",agile scrum
epic (agile),"A software term meaning epik (agile), used in site, drawing, installation or coordination contexts.",agile scrum
definition of done,"A software term meaning tamamlanma tanımı (DoD), used in site, drawing, installation or coordination contexts.",agile scrum
backlog grooming,"A software term meaning backlog düzenleme, used in site, drawing, installation or coordination contexts.",agile scrum
cross-functional team,"A software term meaning işlevler arası ekip, used in site, drawing, installation or coordination contexts.",agile scrum
continuous improvement (agile),"A software term meaning sürekli iyileştirme (agile), used in site, drawing, installation or coordination contexts.",agile scrum
waterfall methodology,"A software term meaning şelale metodolojisi, used in site, drawing, installation or coordination contexts.",agile scrum
scaled agile framework,"A software term meaning ölçeklendirilmiş agile çerçevesi (SAFe), used in site, drawing, installation or coordination contexts.",agile scrum
lean software development,"A software term meaning yalın yazılım geliştirme, used in site, drawing, installation or coordination contexts.",agile scrum
agile maturity assessment,"A software term meaning agile olgunluk değerlendirmesi, used in site, drawing, installation or coordination contexts.",agile scrum
value stream mapping,"A software term meaning değer akışı haritalama, used in site, drawing, installation or coordination contexts.",agile scrum
release plan,"A software term meaning sürüm planı, used in site, drawing, installation or coordination contexts.",agile scrum
sprint deadline,"A software term meaning sprint son teslim tarihi, used in site, drawing, installation or coordination contexts.",agile scrum
project timeline (software),"A software term meaning proje zaman çizelgesi (yazılım), used in site, drawing, installation or coordination contexts.",agile scrum
stakeholder engagement (agile),"A software term meaning paydaş katılımı (agile), used in site, drawing, installation or coordination contexts.",agile scrum
agile transformation strategy,"A software term meaning agile dönüşüm stratejisi, used in site, drawing, installation or coordination contexts.",agile scrum
prioritization technique,"A software term meaning önceliklendirme tekniği, used in site, drawing, installation or coordination contexts.",agile scrum
software engineer,"A software term meaning yazılım mühendisi, used in site, drawing, installation or coordination contexts.",software roles
programmer,"A software term meaning programcı, used in site, drawing, installation or coordination contexts.",software roles
developer,"A software term meaning geliştirici, used in site, drawing, installation or coordination contexts.",software roles
frontend developer,"A software term meaning frontend geliştirici, used in site, drawing, installation or coordination contexts.",software roles
backend developer,"A software term meaning backend geliştirici, used in site, drawing, installation or coordination contexts.",software roles
full-stack developer,"A software term meaning full-stack geliştirici, used in site, drawing, installation or coordination contexts.",software roles
QA engineer,"A software term meaning QA mühendisi, used in site, drawing, installation or coordination contexts.",software roles
data scientist,"A software term meaning veri bilimci, used in site, drawing, installation or coordination contexts.",software roles
DevOps engineer,"A software term meaning DevOps mühendisi, used in site, drawing, installation or coordination contexts.",software roles
software architect,"A software term meaning yazılım mimarı, used in site, drawing, installation or coordination contexts.",software roles
technical lead,"A software term meaning teknik lider, used in site, drawing, installation or coordination contexts.",software roles
product manager,"A software term meaning ürün yöneticisi, used in site, drawing, installation or coordination contexts.",software roles
UX designer,"A software term meaning UX tasarımcısı, used in site, drawing, installation or coordination contexts.",software roles
database administrator,"A software term meaning veritabanı yöneticisi, used in site, drawing, installation or coordination contexts.",software roles
systems administrator,"A software term meaning sistem yöneticisi, used in site, drawing, installation or coordination contexts.",software roles
mobile developer,"A software term meaning mobil geliştirici, used in site, drawing, installation or coordination contexts.",software roles
machine learning engineer,"A software term meaning makine öğrenmesi mühendisi, used in site, drawing, installation or coordination contexts.",software roles
security engineer,"A software term meaning güvenlik mühendisi, used in site, drawing, installation or coordination contexts.",software roles
site reliability engineer,"A software term meaning site güvenilirliği mühendisi, used in site, drawing, installation or coordination contexts.",software roles
engineering manager,"A software term meaning mühendislik müdürü, used in site, drawing, installation or coordination contexts.",software roles
solutions architect,"A software term meaning çözüm mimarı, used in site, drawing, installation or coordination contexts.",software roles
release manager,"A software term meaning sürüm yöneticisi, used in site, drawing, installation or coordination contexts.",software roles
technical writer,"A software term meaning teknik yazar, used in site, drawing, installation or coordination contexts.",software roles
chief technology officer,"A software term meaning teknoloji direktörü (CTO), used in site, drawing, installation or coordination contexts.",software roles
principal engineer,"A software term meaning baş mühendis (yazılım), used in site, drawing, installation or coordination contexts.",software roles
intern developer,"A software term meaning stajyer geliştirici, used in site, drawing, installation or coordination contexts.",software roles
junior developer,"A software term meaning junior geliştirici, used in site, drawing, installation or coordination contexts.",software roles
senior developer,"A software term meaning senior geliştirici, used in site, drawing, installation or coordination contexts.",software roles
code review,"A software term meaning kod incelemesi, used in site, drawing, installation or coordination contexts.",code quality
developer documentation,"A software term meaning geliştirici dokümantasyonu, used in site, drawing, installation or coordination contexts.",code quality
readable code,"A software term meaning okunabilir kod, used in site, drawing, installation or coordination contexts.",code quality
code style guide,"A software term meaning kod stil rehberi, used in site, drawing, installation or coordination contexts.",code quality
code comment,"A software term meaning kod yorumu, used in site, drawing, installation or coordination contexts.",code quality
refactoring,"A software term meaning yeniden düzenleme (refactoring), used in site, drawing, installation or coordination contexts.",code quality
pull request review,"A software term meaning pull request incelemesi, used in site, drawing, installation or coordination contexts.",code quality
linting,"A software term meaning kod denetimi (linting), used in site, drawing, installation or coordination contexts.",code quality
code smell,"A software term meaning kod kokusu (code smell), used in site, drawing, installation or coordination contexts.",code quality
naming convention,"A software term meaning adlandırma kuralı, used in site, drawing, installation or coordination contexts.",code quality
static code analysis,"A software term meaning statik kod analizi, used in site, drawing, installation or coordination contexts.",code quality
code duplication,"A software term meaning kod tekrarı, used in site, drawing, installation or coordination contexts.",code quality
cyclomatic complexity,"A software term meaning döngüsel karmaşıklık, used in site, drawing, installation or coordination contexts.",code quality
clean code principle,"A software term meaning temiz kod ilkesi, used in site, drawing, installation or coordination contexts.",code quality
technical documentation,"A software term meaning teknik dokümantasyon, used in site, drawing, installation or coordination contexts.",code quality
inline documentation,"A software term meaning satır içi dokümantasyon, used in site, drawing, installation or coordination contexts.",code quality
API reference documentation,"A software term meaning API referans dokümantasyonu, used in site, drawing, installation or coordination contexts.",code quality
code maintainability,"A software term meaning kodun sürdürülebilirliği, used in site, drawing, installation or coordination contexts.",code quality
code review checklist,"A software term meaning kod inceleme kontrol listesi, used in site, drawing, installation or coordination contexts.",code quality
architecture documentation,"A software term meaning mimari dokümantasyon, used in site, drawing, installation or coordination contexts.",code quality
dependency vulnerability scanning,"A software term meaning bağımlılık güvenlik açığı taraması, used in site, drawing, installation or coordination contexts.",code quality
readme file,"A software term meaning readme dosyası, used in site, drawing, installation or coordination contexts.",code quality
coding standard,"A software term meaning kodlama standardı, used in site, drawing, installation or coordination contexts.",code quality
pair programming,"A software term meaning eşli programlama, used in site, drawing, installation or coordination contexts.",code quality
mob programming,"A software term meaning grup programlama (mob programming), used in site, drawing, installation or coordination contexts.",code quality
code formatting,"A software term meaning kod biçimlendirme, used in site, drawing, installation or coordination contexts.",code quality
software craftsmanship principle,"A software term meaning yazılım zanaatkarlığı ilkesi, used in site, drawing, installation or coordination contexts.",code quality
performance optimization,"A software term meaning performans optimizasyonu, used in site, drawing, installation or coordination contexts.",performance
response time,"A software term meaning yanıt süresi, used in site, drawing, installation or coordination contexts.",performance
throughput,"A software term meaning verim (throughput), used in site, drawing, installation or coordination contexts.",performance
performance bottleneck,"A software term meaning performans darboğazı, used in site, drawing, installation or coordination contexts.",performance
latency optimization,"A software term meaning gecikme optimizasyonu, used in site, drawing, installation or coordination contexts.",performance
caching strategy,"A software term meaning önbellekleme stratejisi, used in site, drawing, installation or coordination contexts.",performance
database query performance,"A software term meaning veritabanı sorgu performansı, used in site, drawing, installation or coordination contexts.",performance
memory optimization,"A software term meaning bellek optimizasyonu, used in site, drawing, installation or coordination contexts.",performance
CPU utilization,"A software term meaning CPU kullanımı, used in site, drawing, installation or coordination contexts.",performance
concurrent processing,"A software term meaning eşzamanlı işleme, used in site, drawing, installation or coordination contexts.",performance
parallel processing,"A software term meaning paralel işleme, used in site, drawing, installation or coordination contexts.",performance
performance profiling,"A software term meaning performans profilleme, used in site, drawing, installation or coordination contexts.",performance
horizontal scaling strategy,"A software term meaning yatay ölçeklendirme stratejisi, used in site, drawing, installation or coordination contexts.",performance
capacity planning,"A software term meaning kapasite planlaması, used in site, drawing, installation or coordination contexts.",performance
resource contention,"A software term meaning kaynak çekişmesi, used in site, drawing, installation or coordination contexts.",performance
slow loading,"A software term meaning yavaş yükleme, used in site, drawing, installation or coordination contexts.",performance
performance benchmark,"A software term meaning performans karşılaştırması (benchmark), used in site, drawing, installation or coordination contexts.",performance
resource utilization monitoring,"A software term meaning kaynak kullanımı izleme, used in site, drawing, installation or coordination contexts.",performance
tail latency reduction,"A software term meaning kuyruk gecikmesi azaltma, used in site, drawing, installation or coordination contexts.",performance
performance metric,"A software term meaning performans metriği, used in site, drawing, installation or coordination contexts.",performance
user interface,"A software term meaning kullanıcı arayüzü, used in site, drawing, installation or coordination contexts.",ux ui dev
icon,"A software term meaning simge (icon), used in site, drawing, installation or coordination contexts.",ux ui dev
user experience,"A software term meaning kullanıcı deneyimi, used in site, drawing, installation or coordination contexts.",ux ui dev
wireframe,"A software term meaning tel çerçeve (wireframe), used in site, drawing, installation or coordination contexts.",ux ui dev
prototype,"A software term meaning prototip, used in site, drawing, installation or coordination contexts.",ux ui dev
usability,"A software term meaning kullanılabilirlik, used in site, drawing, installation or coordination contexts.",ux ui dev
design system,"A software term meaning tasarım sistemi, used in site, drawing, installation or coordination contexts.",ux ui dev
accessibility (UI),"A software term meaning erişilebilirlik (arayüz), used in site, drawing, installation or coordination contexts.",ux ui dev
interaction design,"A software term meaning etkileşim tasarımı, used in site, drawing, installation or coordination contexts.",ux ui dev
usability testing (UX),"A software term meaning kullanılabilirlik testi (UX), used in site, drawing, installation or coordination contexts.",ux ui dev
information architecture,"A software term meaning bilgi mimarisi, used in site, drawing, installation or coordination contexts.",ux ui dev
design token,"A software term meaning tasarım tokeni, used in site, drawing, installation or coordination contexts.",ux ui dev
atomic design methodology,"A software term meaning atomik tasarım metodolojisi, used in site, drawing, installation or coordination contexts.",ux ui dev
user-centered design process,"A software term meaning kullanıcı odaklı tasarım süreci, used in site, drawing, installation or coordination contexts.",ux ui dev
split screen,"A software term meaning bölünmüş ekran, used in site, drawing, installation or coordination contexts.",ux ui dev
mockup,"A software term meaning maket (mockup), used in site, drawing, installation or coordination contexts.",ux ui dev
design handoff,"A software term meaning tasarım devri (handoff), used in site, drawing, installation or coordination contexts.",ux ui dev
cross-functional design collaboration,"A software term meaning işlevler arası tasarım işbirliği, used in site, drawing, installation or coordination contexts.",ux ui dev
open source,"A software term meaning açık kaynak, used in site, drawing, installation or coordination contexts.",licensing opensource
license key,"A software term meaning lisans anahtarı, used in site, drawing, installation or coordination contexts.",licensing opensource
open source project,"A software term meaning açık kaynak proje, used in site, drawing, installation or coordination contexts.",licensing opensource
software license agreement,"A software term meaning yazılım lisans sözleşmesi, used in site, drawing, installation or coordination contexts.",licensing opensource
MIT license,"A software term meaning MIT lisansı, used in site, drawing, installation or coordination contexts.",licensing opensource
GPL license,"A software term meaning GPL lisansı, used in site, drawing, installation or coordination contexts.",licensing opensource
contributor guideline,"A software term meaning katkıda bulunan rehberi, used in site, drawing, installation or coordination contexts.",licensing opensource
fork a project,"A software term meaning projeyi çatallama, used in site, drawing, installation or coordination contexts.",licensing opensource
copyleft license,"A software term meaning copyleft lisansı, used in site, drawing, installation or coordination contexts.",licensing opensource
permissive license,"A software term meaning izin verici lisans, used in site, drawing, installation or coordination contexts.",licensing opensource
open source governance,"A software term meaning açık kaynak yönetişimi, used in site, drawing, installation or coordination contexts.",licensing opensource
dependency licensing compliance,"A software term meaning bağımlılık lisans uyumluluğu, used in site, drawing, installation or coordination contexts.",licensing opensource
license compatibility analysis,"A software term meaning lisans uyumluluğu analizi, used in site, drawing, installation or coordination contexts.",licensing opensource
free software,"A software term meaning özgür yazılım, used in site, drawing, installation or coordination contexts.",licensing opensource
proprietary software,"A software term meaning tescilli yazılım, used in site, drawing, installation or coordination contexts.",licensing opensource
desktop computer,"A software term meaning masaüstü bilgisayar, used in site, drawing, installation or coordination contexts.",hardware basics
keyboard,"A software term meaning klavye, used in site, drawing, installation or coordination contexts.",hardware basics
mouse,"A software term meaning fare (bilgisayar), used in site, drawing, installation or coordination contexts.",hardware basics
external monitor,"A software term meaning harici monitör, used in site, drawing, installation or coordination contexts.",hardware basics
laptop,"A software term meaning dizüstü bilgisayar, used in site, drawing, installation or coordination contexts.",hardware basics
CPU,"A software term meaning işlemci (CPU), used in site, drawing, installation or coordination contexts.",hardware basics
RAM,"A software term meaning bellek (RAM), used in site, drawing, installation or coordination contexts.",hardware basics
hard drive,"A software term meaning sabit disk, used in site, drawing, installation or coordination contexts.",hardware basics
solid state drive,"A software term meaning katı hal sürücüsü (SSD), used in site, drawing, installation or coordination contexts.",hardware basics
motherboard,"A software term meaning anakart, used in site, drawing, installation or coordination contexts.",hardware basics
graphics card,"A software term meaning ekran kartı, used in site, drawing, installation or coordination contexts.",hardware basics
power supply unit,"A software term meaning güç kaynağı ünitesi, used in site, drawing, installation or coordination contexts.",hardware basics
processor core,"A software term meaning işlemci çekirdeği, used in site, drawing, installation or coordination contexts.",hardware basics
cache memory,"A software term meaning önbellek belleği, used in site, drawing, installation or coordination contexts.",hardware basics
clock speed,"A software term meaning saat hızı, used in site, drawing, installation or coordination contexts.",hardware basics
cooling fan,"A software term meaning soğutma fanı, used in site, drawing, installation or coordination contexts.",hardware basics
input device,"A software term meaning girdi cihazı, used in site, drawing, installation or coordination contexts.",hardware basics
output device,"A software term meaning çıktı cihazı, used in site, drawing, installation or coordination contexts.",hardware basics
peripheral device,"A software term meaning çevre birimi, used in site, drawing, installation or coordination contexts.",hardware basics
system architecture (hardware),"A software term meaning sistem mimarisi (donanım), used in site, drawing, installation or coordination contexts.",hardware basics
bus (computer hardware),"A software term meaning veri yolu (bus), used in site, drawing, installation or coordination contexts.",hardware basics
firmware,"A software term meaning aygıt yazılımı (firmware), used in site, drawing, installation or coordination contexts.",hardware basics
BIOS,"A software term meaning BIOS, used in site, drawing, installation or coordination contexts.",hardware basics
hardware abstraction layer,"A software term meaning donanım soyutlama katmanı, used in site, drawing, installation or coordination contexts.",hardware basics
USB cable,"A software term meaning USB kablosu, used in site, drawing, installation or coordination contexts.",hardware basics
wireless charger,"A software term meaning kablosuz şarj cihazı, used in site, drawing, installation or coordination contexts.",hardware basics
screen resolution,"A software term meaning ekran çözünürlüğü, used in site, drawing, installation or coordination contexts.",hardware basics
file name,"A software term meaning dosya adı, used in site, drawing, installation or coordination contexts.",computer literacy
password field,"A software term meaning parola alanı, used in site, drawing, installation or coordination contexts.",computer literacy
desktop,"A software term meaning masaüstü, used in site, drawing, installation or coordination contexts.",computer literacy
taskbar,"A software term meaning görev çubuğu, used in site, drawing, installation or coordination contexts.",computer literacy
wallpaper,"A software term meaning duvar kağıdı (bilgisayar), used in site, drawing, installation or coordination contexts.",computer literacy
icon (desktop),"A software term meaning simge (masaüstü), used in site, drawing, installation or coordination contexts.",computer literacy
shortcut,"A software term meaning kısayol, used in site, drawing, installation or coordination contexts.",computer literacy
window (software),"A software term meaning pencere (yazılım), used in site, drawing, installation or coordination contexts.",computer literacy
copy and paste,"A software term meaning kopyala yapıştır, used in site, drawing, installation or coordination contexts.",computer literacy
drag and drop,"A software term meaning sürükle bırak, used in site, drawing, installation or coordination contexts.",computer literacy
zoom in,"A software term meaning yakınlaştırma, used in site, drawing, installation or coordination contexts.",computer literacy
zoom out,"A software term meaning uzaklaştırma, used in site, drawing, installation or coordination contexts.",computer literacy
scroll bar,"A software term meaning kaydırma çubuğu, used in site, drawing, installation or coordination contexts.",computer literacy
push notification setting,"A software term meaning anlık bildirim ayarı, used in site, drawing, installation or coordination contexts.",computer literacy
settings menu,"A software term meaning ayarlar menüsü, used in site, drawing, installation or coordination contexts.",computer literacy
search bar,"A software term meaning arama çubuğu, used in site, drawing, installation or coordination contexts.",computer literacy
system update,"A software term meaning sistem güncellemesi, used in site, drawing, installation or coordination contexts.",computer literacy
device driver,"A software term meaning aygıt sürücüsü, used in site, drawing, installation or coordination contexts.",computer literacy
software installation,"A software term meaning yazılım kurulumu, used in site, drawing, installation or coordination contexts.",computer literacy
uninstall software,"A software term meaning yazılım kaldırma, used in site, drawing, installation or coordination contexts.",computer literacy
factory reset,"A software term meaning fabrika ayarlarına sıfırlama, used in site, drawing, installation or coordination contexts.",computer literacy
dual monitor setup,"A software term meaning çift monitör kurulumu, used in site, drawing, installation or coordination contexts.",computer literacy
system requirements,"A software term meaning sistem gereksinimleri, used in site, drawing, installation or coordination contexts.",computer literacy
user account control,"A software term meaning kullanıcı hesabı denetimi, used in site, drawing, installation or coordination contexts.",computer literacy
turn on,"A software term meaning açma (cihaz), used in site, drawing, installation or coordination contexts.",computer literacy
turn off,"A software term meaning kapatma (cihaz), used in site, drawing, installation or coordination contexts.",computer literacy
restart,"A software term meaning yeniden başlatma, used in site, drawing, installation or coordination contexts.",computer literacy
non-functional requirement,"A software term meaning fonksiyonel olmayan gereksinim, used in site, drawing, installation or coordination contexts.",sdlc
software development lifecycle,"A software term meaning yazılım geliştirme yaşam döngüsü, used in site, drawing, installation or coordination contexts.",sdlc
requirements gathering,"A software term meaning gereksinim toplama, used in site, drawing, installation or coordination contexts.",sdlc
system design phase,"A software term meaning sistem tasarım aşaması, used in site, drawing, installation or coordination contexts.",sdlc
implementation phase,"A software term meaning uygulama aşaması, used in site, drawing, installation or coordination contexts.",sdlc
maintenance phase,"A software term meaning bakım aşaması, used in site, drawing, installation or coordination contexts.",sdlc
feasibility study,"A software term meaning fizibilite çalışması, used in site, drawing, installation or coordination contexts.",sdlc
project kickoff,"A software term meaning proje başlangıcı, used in site, drawing, installation or coordination contexts.",sdlc
iterative development model,"A software term meaning yinelemeli geliştirme modeli, used in site, drawing, installation or coordination contexts.",sdlc
prototype-based development,"A software term meaning prototip tabanlı geliştirme, used in site, drawing, installation or coordination contexts.",sdlc
software requirements specification,"A software term meaning yazılım gereksinim şartnamesi, used in site, drawing, installation or coordination contexts.",sdlc
change request process,"A software term meaning değişiklik talebi süreci, used in site, drawing, installation or coordination contexts.",sdlc
release planning,"A software term meaning sürüm planlama, used in site, drawing, installation or coordination contexts.",sdlc
software project estimation,"A software term meaning yazılım proje tahmini, used in site, drawing, installation or coordination contexts.",sdlc
technical feasibility assessment,"A software term meaning teknik fizibilite değerlendirmesi, used in site, drawing, installation or coordination contexts.",sdlc
end-of-life software planning,"A software term meaning yazılımın ömrünün sonu planlaması, used in site, drawing, installation or coordination contexts.",sdlc
project goal,"A software term meaning proje hedefi, used in site, drawing, installation or coordination contexts.",sdlc
milestone (project),"A software term meaning kilometre taşı (proje), used in site, drawing, installation or coordination contexts.",sdlc
scope creep,"A software term meaning kapsam kayması, used in site, drawing, installation or coordination contexts.",sdlc
software product roadmap,"A software term meaning yazılım ürün yol haritası, used in site, drawing, installation or coordination contexts.",sdlc
microservice,"A software term meaning mikroservis, used in site, drawing, installation or coordination contexts.",microservices
distributed system,"A software term meaning dağıtık sistem, used in site, drawing, installation or coordination contexts.",microservices
service discovery,"A software term meaning servis keşfi, used in site, drawing, installation or coordination contexts.",microservices
inter-service communication,"A software term meaning servisler arası iletişim, used in site, drawing, installation or coordination contexts.",microservices
service registry,"A software term meaning servis kayıt defteri, used in site, drawing, installation or coordination contexts.",microservices
API composition,"A software term meaning API bileşimi, used in site, drawing, installation or coordination contexts.",microservices
distributed transaction,"A software term meaning dağıtık işlem, used in site, drawing, installation or coordination contexts.",microservices
saga pattern,"A software term meaning saga deseni, used in site, drawing, installation or coordination contexts.",microservices
service decomposition,"A software term meaning servis ayrıştırma, used in site, drawing, installation or coordination contexts.",microservices
fault tolerant design,"A software term meaning hataya toleranslı tasarım, used in site, drawing, installation or coordination contexts.",microservices
consensus algorithm,"A software term meaning uzlaşı algoritması (consensus), used in site, drawing, installation or coordination contexts.",microservices
distributed tracing,"A software term meaning dağıtık izleme (tracing), used in site, drawing, installation or coordination contexts.",microservices
bulkhead pattern,"A software term meaning bulkhead deseni, used in site, drawing, installation or coordination contexts.",microservices
Byzantine fault tolerance,"A software term meaning Bizans hata toleransı, used in site, drawing, installation or coordination contexts.",microservices
shared service,"A software term meaning paylaşılan servis, used in site, drawing, installation or coordination contexts.",microservices
service boundary,"A software term meaning servis sınırı, used in site, drawing, installation or coordination contexts.",microservices
distributed system observability,"A software term meaning dağıtık sistem gözlemlenebilirliği, used in site, drawing, installation or coordination contexts.",microservices
service-to-service authentication,"A software term meaning servisler arası kimlik doğrulama, used in site, drawing, installation or coordination contexts.",microservices
message queue,"A software term meaning mesaj kuyruğu, used in site, drawing, installation or coordination contexts.",message queues
domain event,"A software term meaning alan olayı (domain event), used in site, drawing, installation or coordination contexts.",message queues
publisher-subscriber model,"A software term meaning yayıncı-abone modeli, used in site, drawing, installation or coordination contexts.",message queues
message broker,"A software term meaning mesaj aracısı (broker), used in site, drawing, installation or coordination contexts.",message queues
event streaming,"A software term meaning olay akışı (event streaming), used in site, drawing, installation or coordination contexts.",message queues
topic (messaging),"A software term meaning konu (messaging topic), used in site, drawing, installation or coordination contexts.",message queues
consumer group,"A software term meaning tüketici grubu, used in site, drawing, installation or coordination contexts.",message queues
message acknowledgement,"A software term meaning mesaj onayı, used in site, drawing, installation or coordination contexts.",message queues
dead letter queue,"A software term meaning ölü mektup kuyruğu, used in site, drawing, installation or coordination contexts.",message queues
event sourcing pattern,"A software term meaning olay kaynaklama deseni, used in site, drawing, installation or coordination contexts.",message queues
at-least-once delivery guarantee,"A software term meaning en az bir kez teslim garantisi, used in site, drawing, installation or coordination contexts.",message queues
exactly-once processing semantics,"A software term meaning tam olarak bir kez işleme semantiği, used in site, drawing, installation or coordination contexts.",message queues
message ordering guarantee,"A software term meaning mesaj sıralama garantisi, used in site, drawing, installation or coordination contexts.",message queues
notification queue,"A software term meaning bildirim kuyruğu, used in site, drawing, installation or coordination contexts.",message queues
asynchronous processing,"A software term meaning asenkron işleme, used in site, drawing, installation or coordination contexts.",message queues
message serialization,"A software term meaning mesaj serileştirme, used in site, drawing, installation or coordination contexts.",message queues
stream processing framework,"A software term meaning akış işleme çerçevesi, used in site, drawing, installation or coordination contexts.",message queues
event-driven microservice,"A software term meaning olay güdümlü mikroservis, used in site, drawing, installation or coordination contexts.",message queues
access log,"A software term meaning erişim günlüğü, used in site, drawing, installation or coordination contexts.",observability
monitoring tool,"A software term meaning izleme aracı, used in site, drawing, installation or coordination contexts.",observability
alert (monitoring),"A software term meaning uyarı (izleme), used in site, drawing, installation or coordination contexts.",observability
dashboard (monitoring),"A software term meaning gösterge paneli (izleme), used in site, drawing, installation or coordination contexts.",observability
metric (monitoring),"A software term meaning metrik (izleme), used in site, drawing, installation or coordination contexts.",observability
health check,"A software term meaning sağlık kontrolü, used in site, drawing, installation or coordination contexts.",observability
uptime monitoring,"A software term meaning çalışma süresi izleme, used in site, drawing, installation or coordination contexts.",observability
application performance monitoring,"A software term meaning uygulama performans izleme, used in site, drawing, installation or coordination contexts.",observability
distributed tracing tool,"A software term meaning dağıtık izleme aracı, used in site, drawing, installation or coordination contexts.",observability
log aggregation,"A software term meaning günlük toplulaştırma, used in site, drawing, installation or coordination contexts.",observability
structured logging,"A software term meaning yapılandırılmış günlükleme, used in site, drawing, installation or coordination contexts.",observability
alerting threshold,"A software term meaning uyarı eşiği, used in site, drawing, installation or coordination contexts.",observability
service level indicator,"A software term meaning servis seviyesi göstergesi, used in site, drawing, installation or coordination contexts.",observability
observability platform,"A software term meaning gözlemlenebilirlik platformu, used in site, drawing, installation or coordination contexts.",observability
service level objective,"A software term meaning servis seviyesi hedefi (SLO), used in site, drawing, installation or coordination contexts.",observability
error budget,"A software term meaning hata bütçesi, used in site, drawing, installation or coordination contexts.",observability
full-stack observability strategy,"A software term meaning tam yığın gözlemlenebilirlik stratejisi, used in site, drawing, installation or coordination contexts.",observability
system status,"A software term meaning sistem durumu, used in site, drawing, installation or coordination contexts.",observability
audit log,"A software term meaning denetim günlüğü, used in site, drawing, installation or coordination contexts.",observability
real-time monitoring dashboard,"A software term meaning gerçek zamanlı izleme panosu, used in site, drawing, installation or coordination contexts.",observability
user manual,"A software term meaning kullanıcı kılavuzu, used in site, drawing, installation or coordination contexts.",documentation types
technical specification,"A software term meaning teknik şartname (yazılım), used in site, drawing, installation or coordination contexts.",documentation types
release notes,"A software term meaning sürüm notları, used in site, drawing, installation or coordination contexts.",documentation types
API changelog,"A software term meaning API değişiklik günlüğü, used in site, drawing, installation or coordination contexts.",documentation types
architecture diagram,"A software term meaning mimari diyagram, used in site, drawing, installation or coordination contexts.",documentation types
onboarding documentation,"A software term meaning işe alım dokümantasyonu, used in site, drawing, installation or coordination contexts.",documentation types
runbook,"A software term meaning çalışma kitabı (runbook), used in site, drawing, installation or coordination contexts.",documentation types
design document,"A software term meaning tasarım belgesi, used in site, drawing, installation or coordination contexts.",documentation types
postmortem document,"A software term meaning olay sonrası inceleme belgesi, used in site, drawing, installation or coordination contexts.",documentation types
architecture decision document,"A software term meaning mimari karar belgesi, used in site, drawing, installation or coordination contexts.",documentation types
help guide,"A software term meaning yardım rehberi, used in site, drawing, installation or coordination contexts.",documentation types
FAQ page,"A software term meaning sıkça sorulan sorular sayfası, used in site, drawing, installation or coordination contexts.",documentation types
knowledge base article,"A software term meaning bilgi bankası makalesi, used in site, drawing, installation or coordination contexts.",documentation types
living documentation practice,"A software term meaning canlı dokümantasyon uygulaması, used in site, drawing, installation or coordination contexts.",documentation types
embedded system,"A software term meaning gömülü sistem, used in site, drawing, installation or coordination contexts.",embedded software
firmware update,"A software term meaning aygıt yazılımı güncellemesi, used in site, drawing, installation or coordination contexts.",embedded software
microcontroller programming,"A software term meaning mikrodenetleyici programlama, used in site, drawing, installation or coordination contexts.",embedded software
real-time operating system,"A software term meaning gerçek zamanlı işletim sistemi, used in site, drawing, installation or coordination contexts.",embedded software
interrupt handler,"A software term meaning kesme işleyicisi, used in site, drawing, installation or coordination contexts.",embedded software
embedded software testing,"A software term meaning gömülü yazılım testi, used in site, drawing, installation or coordination contexts.",embedded software
low-power design,"A software term meaning düşük güç tasarımı, used in site, drawing, installation or coordination contexts.",embedded software
real-time constraint,"A software term meaning gerçek zamanlı kısıt, used in site, drawing, installation or coordination contexts.",embedded software
bare-metal programming,"A software term meaning çıplak donanım (bare-metal) programlama, used in site, drawing, installation or coordination contexts.",embedded software
bootloader,"A software term meaning önyükleyici (bootloader), used in site, drawing, installation or coordination contexts.",embedded software
sensor data,"A software term meaning sensör verisi, used in site, drawing, installation or coordination contexts.",embedded software
device firmware,"A software term meaning cihaz aygıt yazılımı, used in site, drawing, installation or coordination contexts.",embedded software
embedded communication protocol,"A software term meaning gömülü iletişim protokolü, used in site, drawing, installation or coordination contexts.",embedded software
watchdog timer,"A software term meaning bekçi zamanlayıcı, used in site, drawing, installation or coordination contexts.",embedded software
chip,"A software term meaning yonga (chip), used in site, drawing, installation or coordination contexts.",embedded software
privacy policy,"A software term meaning gizlilik politikası, used in site, drawing, installation or coordination contexts.",software compliance
data privacy,"A software term meaning veri gizliliği, used in site, drawing, installation or coordination contexts.",software compliance
terms of service,"A software term meaning kullanım koşulları, used in site, drawing, installation or coordination contexts.",software compliance
data protection regulation,"A software term meaning veri koruma düzenlemesi, used in site, drawing, installation or coordination contexts.",software compliance
user consent,"A software term meaning kullanıcı onayı, used in site, drawing, installation or coordination contexts.",software compliance
personally identifiable information,"A software term meaning kişisel olarak tanımlanabilir bilgi, used in site, drawing, installation or coordination contexts.",software compliance
data anonymization,"A software term meaning veri anonimleştirme, used in site, drawing, installation or coordination contexts.",software compliance
software compliance audit,"A software term meaning yazılım uyumluluk denetimi, used in site, drawing, installation or coordination contexts.",software compliance
data retention policy,"A software term meaning veri saklama politikası, used in site, drawing, installation or coordination contexts.",software compliance
cookie consent,"A software term meaning çerez onayı, used in site, drawing, installation or coordination contexts.",software compliance
software audit trail,"A software term meaning yazılım denetim izi, used in site, drawing, installation or coordination contexts.",software compliance
blockchain,"A software term meaning blok zinciri, used in site, drawing, installation or coordination contexts.",emerging tech
cryptocurrency,"A software term meaning kripto para, used in site, drawing, installation or coordination contexts.",emerging tech
smart contract,"A software term meaning akıllı sözleşme, used in site, drawing, installation or coordination contexts.",emerging tech
internet of things,"A software term meaning nesnelerin interneti (IoT), used in site, drawing, installation or coordination contexts.",emerging tech
augmented reality,"A software term meaning artırılmış gerçeklik, used in site, drawing, installation or coordination contexts.",emerging tech
virtual reality,"A software term meaning sanal gerçeklik, used in site, drawing, installation or coordination contexts.",emerging tech
quantum computing,"A software term meaning kuantum bilişim, used in site, drawing, installation or coordination contexts.",emerging tech
distributed ledger technology,"A software term meaning dağıtık defter teknolojisi, used in site, drawing, installation or coordination contexts.",emerging tech
digital twin,"A software term meaning dijital ikiz, used in site, drawing, installation or coordination contexts.",emerging tech
edge AI,"A software term meaning uç yapay zeka, used in site, drawing, installation or coordination contexts.",emerging tech
low-code platform,"A software term meaning az kodlu platform, used in site, drawing, installation or coordination contexts.",emerging tech
no-code development,"A software term meaning kodsuz geliştirme, used in site, drawing, installation or coordination contexts.",emerging tech
quantum-resistant cryptography,"A software term meaning kuantuma dayanıklı kriptografi, used in site, drawing, installation or coordination contexts.",emerging tech
generative AI application,"A software term meaning üretken yapay zeka uygulaması, used in site, drawing, installation or coordination contexts.",emerging tech
smart device,"A software term meaning akıllı cihaz, used in site, drawing, installation or coordination contexts.",emerging tech
wearable technology,"A software term meaning giyilebilir teknoloji, used in site, drawing, installation or coordination contexts.",emerging tech
digital transformation strategy,"A software term meaning dijital dönüşüm stratejisi, used in site, drawing, installation or coordination contexts.",emerging tech
autonomous system design,"A software term meaning otonom sistem tasarımı, used in site, drawing, installation or coordination contexts.",emerging tech
API-first development approach,"A software term meaning API öncelikli geliştirme yaklaşımı, used in site, drawing, installation or coordination contexts.",emerging tech
close all tabs,"A software term meaning tüm sekmeleri kapatmak, used in site, drawing, installation or coordination contexts.",computer literacy
save,"A software term meaning kaydetmek, used in site, drawing, installation or coordination contexts.",computer literacy
print,"A software term meaning yazdırmak, used in site, drawing, installation or coordination contexts.",computer literacy
type a message,"A software term meaning mesaj yazmak, used in site, drawing, installation or coordination contexts.",computer literacy
select multiple items,"A software term meaning birden fazla öğe seçmek, used in site, drawing, installation or coordination contexts.",computer literacy
cancel a request,"A software term meaning isteği iptal etmek, used in site, drawing, installation or coordination contexts.",computer literacy
confirm identity,"A software term meaning kimliği onaylamak, used in site, drawing, installation or coordination contexts.",computer literacy
edit,"A software term meaning düzenlemek, used in site, drawing, installation or coordination contexts.",computer literacy
share a link,"A software term meaning bağlantı paylaşmak, used in site, drawing, installation or coordination contexts.",computer literacy
send a file,"A software term meaning dosya göndermek, used in site, drawing, installation or coordination contexts.",computer literacy
receive,"A software term meaning almak, used in site, drawing, installation or coordination contexts.",computer literacy
email attachment size,"A software term meaning e-posta eki boyutu, used in site, drawing, installation or coordination contexts.",computer literacy
save as draft,"A software term meaning taslak olarak kaydetmek, used in site, drawing, installation or coordination contexts.",computer literacy
email template,"A software term meaning e-posta şablonu, used in site, drawing, installation or coordination contexts.",computer literacy
preview,"A software term meaning önizleme, used in site, drawing, installation or coordination contexts.",computer literacy
shortcut key,"A software term meaning kısayol tuşu, used in site, drawing, installation or coordination contexts.",computer literacy
toolbar,"A software term meaning araç çubuğu, used in site, drawing, installation or coordination contexts.",computer literacy
sidebar,"A software term meaning yan panel, used in site, drawing, installation or coordination contexts.",computer literacy
pop-up window,"A software term meaning açılır pencere, used in site, drawing, installation or coordination contexts.",computer literacy
tab (browser),"A software term meaning sekme (tarayıcı), used in site, drawing, installation or coordination contexts.",computer literacy
bookmark,"A software term meaning yer imi, used in site, drawing, installation or coordination contexts.",computer literacy
start a session,"A software term meaning oturum başlatmak, used in site, drawing, installation or coordination contexts.",os cli
stop a service,"A software term meaning servisi durdurmak, used in site, drawing, installation or coordination contexts.",os cli
pause a download,"A software term meaning indirmeyi duraklatmak, used in site, drawing, installation or coordination contexts.",os cli
run,"A software term meaning çalıştırmak, used in site, drawing, installation or coordination contexts.",os cli
install a package,"A software term meaning paket yüklemek, used in site, drawing, installation or coordination contexts.",os cli
uninstall,"A software term meaning kaldırmak, used in site, drawing, installation or coordination contexts.",os cli
update software,"A software term meaning yazılım güncellemek, used in site, drawing, installation or coordination contexts.",os cli
restart computer,"A software term meaning bilgisayarı yeniden başlatmak, used in site, drawing, installation or coordination contexts.",os cli
write code,"A software term meaning kod yazmak, used in site, drawing, installation or coordination contexts.",programming fundamentals
read code,"A software term meaning kod okumak, used in site, drawing, installation or coordination contexts.",programming fundamentals
test code,"A software term meaning kod test etmek, used in site, drawing, installation or coordination contexts.",programming fundamentals
run a program,"A software term meaning program çalıştırmak, used in site, drawing, installation or coordination contexts.",programming fundamentals
create a file,"A software term meaning dosya oluşturmak, used in site, drawing, installation or coordination contexts.",programming fundamentals
open a file,"A software term meaning dosya açmak, used in site, drawing, installation or coordination contexts.",programming fundamentals
edit code,"A software term meaning kod düzenlemek, used in site, drawing, installation or coordination contexts.",programming fundamentals
check the code,"A software term meaning kodu kontrol etmek, used in site, drawing, installation or coordination contexts.",programming fundamentals
safe password,"A software term meaning güvenli parola, used in site, drawing, installation or coordination contexts.",cybersecurity
secure connection,"A software term meaning güvenli bağlantı, used in site, drawing, installation or coordination contexts.",cybersecurity
log in,"A software term meaning oturum açmak, used in site, drawing, installation or coordination contexts.",cybersecurity
log out,"A software term meaning oturumu kapatmak, used in site, drawing, installation or coordination contexts.",cybersecurity
verify identity,"A software term meaning kimlik doğrulamak, used in site, drawing, installation or coordination contexts.",cybersecurity
connect a device,"A software term meaning cihaz bağlamak, used in site, drawing, installation or coordination contexts.",networking dev
disconnect from network,"A software term meaning ağ bağlantısını kesmek, used in site, drawing, installation or coordination contexts.",networking dev
share a file,"A software term meaning dosya paylaşmak, used in site, drawing, installation or coordination contexts.",networking dev
upload a file,"A software term meaning dosya yüklemek, used in site, drawing, installation or coordination contexts.",networking dev
check connection,"A software term meaning bağlantıyı kontrol etmek, used in site, drawing, installation or coordination contexts.",networking dev
design a page,"A software term meaning sayfa tasarlamak, used in site, drawing, installation or coordination contexts.",frontend dev
view a page,"A software term meaning sayfa görüntülemek, used in site, drawing, installation or coordination contexts.",frontend dev
resize window,"A software term meaning pencereyi yeniden boyutlandırmak, used in site, drawing, installation or coordination contexts.",frontend dev
refresh page,"A software term meaning sayfayı yenilemek, used in site, drawing, installation or coordination contexts.",frontend dev
build a server,"A software term meaning sunucu kurmak, used in site, drawing, installation or coordination contexts.",backend dev
handle a request,"A software term meaning isteği işlemek, used in site, drawing, installation or coordination contexts.",backend dev
process data,"A software term meaning veriyi işlemek, used in site, drawing, installation or coordination contexts.",backend dev
call an API,"A software term meaning API çağırmak, used in site, drawing, installation or coordination contexts.",apis
send a request,"A software term meaning istek göndermek, used in site, drawing, installation or coordination contexts.",apis
receive a response,"A software term meaning yanıt almak, used in site, drawing, installation or coordination contexts.",apis
store data,"A software term meaning veri saklamak, used in site, drawing, installation or coordination contexts.",databases sql
search a database,"A software term meaning veritabanında arama yapmak, used in site, drawing, installation or coordination contexts.",databases sql
update a record,"A software term meaning kayıt güncellemek, used in site, drawing, installation or coordination contexts.",databases sql
delete a record,"A software term meaning kayıt silmek, used in site, drawing, installation or coordination contexts.",databases sql
check the result,"A software term meaning sonucu kontrol etmek, used in site, drawing, installation or coordination contexts.",testing qa
run a test,"A software term meaning test çalıştırmak, used in site, drawing, installation or coordination contexts.",testing qa
report a bug,"A software term meaning hata bildirmek, used in site, drawing, installation or coordination contexts.",testing qa
fix an issue,"A software term meaning sorunu düzeltmek, used in site, drawing, installation or coordination contexts.",testing qa
start a project,"A software term meaning proje başlatmak, used in site, drawing, installation or coordination contexts.",agile scrum
assign a task,"A software term meaning görev atamak, used in site, drawing, installation or coordination contexts.",agile scrum
finish a task,"A software term meaning görevi bitirmek, used in site, drawing, installation or coordination contexts.",agile scrum
update status,"A software term meaning durumu güncellemek, used in site, drawing, installation or coordination contexts.",agile scrum
write software,"A software term meaning yazılım yazmak, used in site, drawing, installation or coordination contexts.",software roles
build an app,"A software term meaning uygulama geliştirmek, used in site, drawing, installation or coordination contexts.",software roles
plug in,"A software term meaning fişe takmak, used in site, drawing, installation or coordination contexts.",hardware basics
unplug,"A software term meaning fişten çekmek, used in site, drawing, installation or coordination contexts.",hardware basics
charge the battery,"A software term meaning pili şarj etmek, used in site, drawing, installation or coordination contexts.",hardware basics
connect a cable,"A software term meaning kablo bağlamak, used in site, drawing, installation or coordination contexts.",hardware basics
open an app,"A software term meaning uygulama açmak, used in site, drawing, installation or coordination contexts.",mobile dev
close an app,"A software term meaning uygulama kapatmak, used in site, drawing, installation or coordination contexts.",mobile dev
access from anywhere,"A software term meaning her yerden erişmek, used in site, drawing, installation or coordination contexts.",cloud computing
save a version,"A software term meaning bir sürüm kaydetmek, used in site, drawing, installation or coordination contexts.",version control
track changes,"A software term meaning değişiklikleri takip etmek, used in site, drawing, installation or coordination contexts.",version control
write documentation,"A software term meaning dokümantasyon yazmak, used in site, drawing, installation or coordination contexts.",documentation types
read the manual,"A software term meaning kılavuzu okumak, used in site, drawing, installation or coordination contexts.",documentation types
try new technology,"A software term meaning yeni teknoloji denemek, used in site, drawing, installation or coordination contexts.",emerging tech
check the log,"A software term meaning günlüğü kontrol etmek, used in site, drawing, installation or coordination contexts.",observability
monitor the system,"A software term meaning sistemi izlemek, used in site, drawing, installation or coordination contexts.",observability
reduce loading time,"A software term meaning yükleme süresini azaltmak, used in site, drawing, installation or coordination contexts.",performance
analyze the data,"A software term meaning veriyi analiz etmek, used in site, drawing, installation or coordination contexts.",data science
create a chart,"A software term meaning grafik oluşturmak, used in site, drawing, installation or coordination contexts.",data science
train a model,"A software term meaning model eğitmek, used in site, drawing, installation or coordination contexts.",ai ml
make a prediction,"A software term meaning tahmin yapmak, used in site, drawing, installation or coordination contexts.",ai ml
style guide (documentation),"A software term meaning stil rehberi (dokümantasyon), used in site, drawing, installation or coordination contexts.",documentation types
tutorial,"A software term meaning eğitim materyali (tutorial), used in site, drawing, installation or coordination contexts.",documentation types
device configuration file,"A software term meaning cihaz yapılandırma dosyası, used in site, drawing, installation or coordination contexts.",embedded software
firmware version control,"A software term meaning aygıt yazılımı sürüm kontrolü, used in site, drawing, installation or coordination contexts.",embedded software
edge device software,"A software term meaning uç cihaz yazılımı, used in site, drawing, installation or coordination contexts.",emerging tech
smart home automation,"A software term meaning akıllı ev otomasyonu, used in site, drawing, installation or coordination contexts.",emerging tech
dual licensing model,"A software term meaning çift lisanslama modeli, used in site, drawing, installation or coordination contexts.",licensing opensource
message payload,"A software term meaning mesaj yükü (payload), used in site, drawing, installation or coordination contexts.",message queues
queue depth monitoring,"A software term meaning kuyruk derinliği izleme, used in site, drawing, installation or coordination contexts.",message queues
service dependency mapping,"A software term meaning servis bağımlılığı haritalama, used in site, drawing, installation or coordination contexts.",microservices
service ownership model,"A software term meaning servis sahiplik modeli, used in site, drawing, installation or coordination contexts.",microservices
mobile deep linking,"A software term meaning mobil derin bağlantı (deep link), used in site, drawing, installation or coordination contexts.",mobile dev
app crash reporting,"A software term meaning uygulama çökme raporlama, used in site, drawing, installation or coordination contexts.",mobile dev
data quality assessment,"A software term meaning veri kalitesi değerlendirmesi, used in site, drawing, installation or coordination contexts.",data science
data storytelling,"A software term meaning veri ile hikaye anlatımı, used in site, drawing, installation or coordination contexts.",data science
container lifecycle management,"A software term meaning konteyner yaşam döngüsü yönetimi, used in site, drawing, installation or coordination contexts.",containers
container health check,"A software term meaning konteyner sağlık kontrolü, used in site, drawing, installation or coordination contexts.",containers
database sharding key,"A software term meaning veritabanı parçalama anahtarı, used in site, drawing, installation or coordination contexts.",databases nosql
secondary index,"A software term meaning ikincil indeks, used in site, drawing, installation or coordination contexts.",databases nosql
performance regression,"A software term meaning performans gerilemesi, used in site, drawing, installation or coordination contexts.",performance
system throughput measurement,"A software term meaning sistem verim ölçümü, used in site, drawing, installation or coordination contexts.",performance
user persona,"A software term meaning kullanıcı personası, used in site, drawing, installation or coordination contexts.",ux ui dev
user journey map,"A software term meaning kullanıcı yolculuğu haritası, used in site, drawing, installation or coordination contexts.",ux ui dev
log rotation,"A software term meaning günlük döndürme (log rotation), used in site, drawing, installation or coordination contexts.",observability
service dashboard,"A software term meaning servis panosu, used in site, drawing, installation or coordination contexts.",observability
hardware compatibility check,"A software term meaning donanım uyumluluk kontrolü, used in site, drawing, installation or coordination contexts.",hardware basics
system diagnostics,"A software term meaning sistem tanılaması, used in site, drawing, installation or coordination contexts.",hardware basics
cloud sync,"A software term meaning bulut senkronizasyonu, used in site, drawing, installation or coordination contexts.",computer literacy
multi-tasking (computer),"A software term meaning çoklu görev (bilgisayar), used in site, drawing, installation or coordination contexts.",computer literacy
security token,"A software term meaning güvenlik belirteci (token), used in site, drawing, installation or coordination contexts.",cybersecurity
endpoint protection,"A software term meaning uç nokta koruması, used in site, drawing, installation or coordination contexts.",cybersecurity
cloud resource tagging,"A software term meaning bulut kaynağı etiketleme, used in site, drawing, installation or coordination contexts.",cloud computing
database connection string,"A software term meaning veritabanı bağlantı dizesi, used in site, drawing, installation or coordination contexts.",databases sql
web component,"A software term meaning web bileşeni, used in site, drawing, installation or coordination contexts.",frontend dev
API throttling policy,"A software term meaning API kısıtlama politikası, used in site, drawing, installation or coordination contexts.",backend dev
test data management,"A software term meaning test veri yönetimi, used in site, drawing, installation or coordination contexts.",testing qa
deployment rollback strategy,"A software term meaning dağıtım geri alma stratejisi, used in site, drawing, installation or coordination contexts.",devops cicd
event bus,"A software term meaning olay veri yolu (event bus), used in site, drawing, installation or coordination contexts.",architecture patterns
model versioning,"A software term meaning model sürümleme, used in site, drawing, installation or coordination contexts.",ai ml
garbage collection tuning,"A software term meaning çöp toplama ayarlama, used in site, drawing, installation or coordination contexts.",performance
network segmentation,"A software term meaning ağ bölümlendirmesi, used in site, drawing, installation or coordination contexts.",networking dev
mobile analytics integration,"A software term meaning mobil analitik entegrasyonu, used in site, drawing, installation or coordination contexts.",mobile dev
data pipeline orchestration,"A software term meaning veri hattı orkestrasyonu, used in site, drawing, installation or coordination contexts.",data science
architectural decision governance,"A software term meaning mimari karar yönetişimi, used in site, drawing, installation or coordination contexts.",code quality
design system governance,"A software term meaning tasarım sistemi yönetişimi, used in site, drawing, installation or coordination contexts.",frontend dev
multi-master replication,"A software term meaning çoklu ana replikasyon, used in site, drawing, installation or coordination contexts.",databases sql
golden signal monitoring,"A software term meaning altın sinyal izleme, used in site, drawing, installation or coordination contexts.",observability
release train model,"A software term meaning sürüm treni modeli, used in site, drawing, installation or coordination contexts.",devops cicd
ternary operator,"A software term meaning üçlü operatör, used in site, drawing, installation or coordination contexts.",programming fundamentals
bitwise operation,"A software term meaning bit düzeyinde işlem, used in site, drawing, installation or coordination contexts.",programming fundamentals
switch statement,"A software term meaning switch ifadesi, used in site, drawing, installation or coordination contexts.",programming fundamentals
enum type,"A software term meaning numaralandırma tipi (enum), used in site, drawing, installation or coordination contexts.",programming fundamentals
sparse array,"A software term meaning seyrek dizi, used in site, drawing, installation or coordination contexts.",data structures
multi-dimensional array,"A software term meaning çok boyutlu dizi, used in site, drawing, installation or coordination contexts.",data structures
insertion sort,"A software term meaning ekleme sıralaması, used in site, drawing, installation or coordination contexts.",algorithms
selection sort,"A software term meaning seçim sıralaması, used in site, drawing, installation or coordination contexts.",algorithms
mixin,"A software term meaning mixin (yazılım), used in site, drawing, installation or coordination contexts.",oop
duck typing,"A software term meaning duck typing, used in site, drawing, installation or coordination contexts.",oop
partial application,"A software term meaning kısmi uygulama (partial application), used in site, drawing, installation or coordination contexts.",functional programming
strangler fig pattern,"A software term meaning boğucu incir (strangler fig) deseni, used in site, drawing, installation or coordination contexts.",architecture patterns
git stash,"A software term meaning git stash (geçici saklama), used in site, drawing, installation or coordination contexts.",version control
snapshot testing,"A software term meaning anlık görüntü testi (snapshot), used in site, drawing, installation or coordination contexts.",testing qa
watch expression,"A software term meaning izleme ifadesi (watch), used in site, drawing, installation or coordination contexts.",debugging
spot instance,"A software term meaning spot örneği (cloud), used in site, drawing, installation or coordination contexts.",cloud computing
container orchestration API,"A software term meaning konteyner orkestrasyon API'si, used in site, drawing, installation or coordination contexts.",containers
composite key,"A software term meaning bileşik anahtar, used in site, drawing, installation or coordination contexts.",databases sql
wide-column store,"A software term meaning geniş sütunlu depo, used in site, drawing, installation or coordination contexts.",databases nosql
form state management,"A software term meaning form durumu yönetimi, used in site, drawing, installation or coordination contexts.",frontend dev
dependency graph,"A software term meaning bağımlılık grafiği, used in site, drawing, installation or coordination contexts.",backend dev
API throttling response,"A software term meaning API kısıtlama yanıtı, used in site, drawing, installation or coordination contexts.",apis
network address translation,"A software term meaning ağ adresi çevirimi (NAT), used in site, drawing, installation or coordination contexts.",networking dev
certificate pinning,"A software term meaning sertifika sabitleme, used in site, drawing, installation or coordination contexts.",cybersecurity
environment path variable,"A software term meaning ortam yol değişkeni (PATH), used in site, drawing, installation or coordination contexts.",os cli
confusion matrix,"A software term meaning karışıklık matrisi, used in site, drawing, installation or coordination contexts.",ai ml
pivot table,"A software term meaning pivot tablo, used in site, drawing, installation or coordination contexts.",data science
spike (agile),"A software term meaning spike (agile araştırma görevi), used in site, drawing, installation or coordination contexts.",agile scrum
platform engineer,"A software term meaning platform mühendisi, used in site, drawing, installation or coordination contexts.",software roles
dead code elimination,"A software term meaning ölü kod eleme, used in site, drawing, installation or coordination contexts.",code quality
cold start latency,"A software term meaning soğuk başlangıç gecikmesi, used in site, drawing, installation or coordination contexts.",performance
micro-interaction design,"A software term meaning mikro etkileşim tasarımı, used in site, drawing, installation or coordination contexts.",ux ui dev
attribution requirement,"A software term meaning atıf gerekliliği, used in site, drawing, installation or coordination contexts.",licensing opensource
thermal throttling,"A software term meaning termal kısıtlama, used in site, drawing, installation or coordination contexts.",hardware basics
technical spike,"A software term meaning teknik araştırma (spike), used in site, drawing, installation or coordination contexts.",sdlc
service catalog,"A software term meaning servis kataloğu, used in site, drawing, installation or coordination contexts.",microservices
message replay,"A software term meaning mesaj tekrar oynatma, used in site, drawing, installation or coordination contexts.",message queues
distributed log correlation,"A software term meaning dağıtık günlük korelasyonu, used in site, drawing, installation or coordination contexts.",observability
versioned documentation,"A software term meaning sürümlü dokümantasyon, used in site, drawing, installation or coordination contexts.",documentation types
cookie tracking consent,"A software term meaning çerez takip onayı, used in site, drawing, installation or coordination contexts.",software compliance
federated learning,"A software term meaning federe öğrenme, used in site, drawing, installation or coordination contexts.",emerging tech
foreign function interface,"A software term meaning yabancı fonksiyon arayüzü, used in site, drawing, installation or coordination contexts.",languages paradigms
undefined behavior,"A software term meaning tanımsız davranış, used in site, drawing, installation or coordination contexts.",programming fundamentals
bloom filter,"A software term meaning bloom filtresi, used in site, drawing, installation or coordination contexts.",data structures
branch and bound,"A software term meaning dal ve sınır algoritması, used in site, drawing, installation or coordination contexts.",algorithms
law of Demeter,"A software term meaning Demeter yasası, used in site, drawing, installation or coordination contexts.",oop
saga orchestration,"A software term meaning saga orkestrasyonu, used in site, drawing, installation or coordination contexts.",architecture patterns
cloud landing zone,"A software term meaning bulut iniş bölgesi (landing zone), used in site, drawing, installation or coordination contexts.",cloud computing
optimistic locking,"A software term meaning iyimser kilitleme, used in site, drawing, installation or coordination contexts.",databases sql
security chaos engineering,"A software term meaning güvenlik kaos mühendisliği, used in site, drawing, installation or coordination contexts.",cybersecurity
model drift detection,"A software term meaning model kayması tespiti, used in site, drawing, installation or coordination contexts.",ai ml
adaptive load shedding,"A software term meaning uyarlanabilir yük atma, used in site, drawing, installation or coordination contexts.",performance
feature toggle governance,"A software term meaning özellik anahtarı yönetişimi, used in site, drawing, installation or coordination contexts.",devops cicd
password manager,"A software term meaning parola yöneticisi, used in site, drawing, installation or coordination contexts.",computer literacy
two-step verification,"A software term meaning iki adımlı doğrulama, used in site, drawing, installation or coordination contexts.",computer literacy
guest network,"A software term meaning misafir ağı, used in site, drawing, installation or coordination contexts.",networking dev
network name,"A software term meaning ağ adı (SSID), used in site, drawing, installation or coordination contexts.",networking dev
external hard drive,"A software term meaning harici sabit disk, used in site, drawing, installation or coordination contexts.",hardware basics
webcam,"A software term meaning web kamerası, used in site, drawing, installation or coordination contexts.",hardware basics
app icon,"A software term meaning uygulama simgesi, used in site, drawing, installation or coordination contexts.",mobile dev
mobile data,"A software term meaning mobil veri, used in site, drawing, installation or coordination contexts.",mobile dev
privacy setting,"A software term meaning gizlilik ayarı, used in site, drawing, installation or coordination contexts.",cybersecurity
spam email,"A software term meaning istenmeyen e-posta (spam), used in site, drawing, installation or coordination contexts.",cybersecurity
file extension,"A software term meaning dosya uzantısı, used in site, drawing, installation or coordination contexts.",os cli
hidden file,"A software term meaning gizli dosya, used in site, drawing, installation or coordination contexts.",os cli
page title,"A software term meaning sayfa başlığı, used in site, drawing, installation or coordination contexts.",frontend dev
footer,"A software term meaning alt bilgi (footer), used in site, drawing, installation or coordination contexts.",frontend dev
shared folder,"A software term meaning paylaşılan klasör, used in site, drawing, installation or coordination contexts.",cloud computing
sync status,"A software term meaning senkronizasyon durumu, used in site, drawing, installation or coordination contexts.",cloud computing
email address,"A software term meaning e-posta adresi, used in site, drawing, installation or coordination contexts.",computer literacy
user name,"A software term meaning kullanıcı adı, used in site, drawing, installation or coordination contexts.",computer literacy
home screen,"A software term meaning ana ekran, used in site, drawing, installation or coordination contexts.",computer literacy
test the app,"A software term meaning uygulamayı test etmek, used in site, drawing, installation or coordination contexts.",programming fundamentals
run the code,"A software term meaning kodu çalıştırmak, used in site, drawing, installation or coordination contexts.",programming fundamentals
secure password,"A software term meaning güvenli parola oluşturmak, used in site, drawing, installation or coordination contexts.",cybersecurity
network cable,"A software term meaning ağ kablosu, used in site, drawing, installation or coordination contexts.",networking dev
smartphone,"A software term meaning akıllı telefon, used in site, drawing, installation or coordination contexts.",mobile dev
power button,"A software term meaning güç düğmesi, used in site, drawing, installation or coordination contexts.",hardware basics
apis,Extracted from multi-word term in software.,vocabulary
app,Extracted from multi-word term in software.,vocabulary
attribution,Extracted from multi-word term in software.,vocabulary
backend,Extracted from multi-word term in software.,vocabulary
best,Extracted from multi-word term in software.,vocabulary
by,Extracted from multi-word term in software.,vocabulary
cardinality,Extracted from multi-word term in software.,vocabulary
chaos,Extracted from multi-word term in software.,vocabulary
compilers,Extracted from multi-word term in software.,vocabulary
corruption,Extracted from multi-word term in software.,vocabulary
cryptographic,Extracted from multi-word term in software.,vocabulary
databases,Extracted from multi-word term in software.,vocabulary
debugging,Extracted from multi-word term in software.,vocabulary
denial,Extracted from multi-word term in software.,vocabulary
eventual,Extracted from multi-word term in software.,vocabulary
example,Extracted from multi-word term in software.,vocabulary
frontend,Extracted from multi-word term in software.,vocabulary
hardening,Extracted from multi-word term in software.,vocabulary
hypermedia,Extracted from multi-word term in software.,vocabulary
intellectual,Extracted from multi-word term in software.,vocabulary
invalidation,Extracted from multi-word term in software.,vocabulary
manifesto,Extracted from multi-word term in software.,vocabulary
metrics,Extracted from multi-word term in software.,vocabulary
microservices,Extracted from multi-word term in software.,vocabulary
multitasking,Extracted from multi-word term in software.,vocabulary
networking,Extracted from multi-word term in software.,vocabulary
new,Extracted from multi-word term in software.,vocabulary
orchestration,Extracted from multi-word term in software.,vocabulary
pooling,Extracted from multi-word term in software.,vocabulary
practice,Extracted from multi-word term in software.,vocabulary
preemptive,Extracted from multi-word term in software.,vocabulary
principles,Extracted from multi-word term in software.,vocabulary
protocol,Extracted from multi-word term in software.,vocabulary
proxy,Extracted from multi-word term in software.,vocabulary
representation,Extracted from multi-word term in software.,vocabulary
rest,Extracted from multi-word term in software.,vocabulary
sidecar,Extracted from multi-word term in software.,vocabulary
stateful,Extracted from multi-word term in software.,vocabulary
sync,Extracted from multi-word term in software.,vocabulary
tab,Extracted from multi-word term in software.,vocabulary
throttling,Extracted from multi-word term in software.,vocabulary
tracing,Extracted from multi-word term in software.,vocabulary
transaction,Extracted from multi-word term in software.,vocabulary
transit,Extracted from multi-word term in software.,vocabulary
