term,definition,category
wire,"A electrical term meaning tel / kablo, used in site, drawing, installation or coordination contexts.",cables
button,"A electrical term meaning buton / düğme, used in site, drawing, installation or coordination contexts.",controls
IT server,"A electrical term meaning BT sunucu, used in site, drawing, installation or coordination contexts.",electrical systems
electricity,"A electrical term meaning elektrik, used in site, drawing, installation or coordination contexts.",general electrical
plug,"A electrical term meaning fiş, used in site, drawing, installation or coordination contexts.",home electrical
bulb,"A electrical term meaning ampul, used in site, drawing, installation or coordination contexts.",lighting
light,"A electrical term meaning ışık / hafif, used in site, drawing, installation or coordination contexts.",lighting
line,"A electrical term meaning hat / çizgi, used in site, drawing, installation or coordination contexts.",power distribution
socket,"A electrical term meaning priz, used in site, drawing, installation or coordination contexts.",power distribution
camera,"A electrical term meaning kamera, used in site, drawing, installation or coordination contexts.",security systems
switch,"A electrical term meaning anahtar / şalter, used in site, drawing, installation or coordination contexts.",switchgear
speaker,"A electrical term meaning hoparlör / konuşmacı, used in site, drawing, installation or coordination contexts.",ELV systems
network,"A electrical term meaning ağ / şebeke, used in site, drawing, installation or coordination contexts.",IT & networks
router,"A electrical term meaning router / yönlendirici, used in site, drawing, installation or coordination contexts.",IT & networks
battery,"A electrical term meaning akü / batarya, used in site, drawing, installation or coordination contexts.",UPS & batteries
charge,"A electrical term meaning ücret / şarj etmek, used in site, drawing, installation or coordination contexts.",batteries
ladder,"A electrical term meaning merdiven / kablo merdiveni, used in site, drawing, installation or coordination contexts.",cable containment
pull,"A electrical term meaning çekmek, used in site, drawing, installation or coordination contexts.",cable installation
pulled,"A electrical term meaning çekilmiş, used in site, drawing, installation or coordination contexts.",cable installation
pulling,"A electrical term meaning çekme, used in site, drawing, installation or coordination contexts.",cable installation
cable,"An adjective meaning “kablo”, used to describe a condition, issue, status or requirement.",cables
flexible,"An adjective meaning “esnek”, used to describe a condition, issue, status or requirement.",cables
screen,"A electrical term meaning ekran / zırh ekranı, used in site, drawing, installation or coordination contexts.",cables
section,"A electrical term meaning kesit / bölüm, used in site, drawing, installation or coordination contexts.",cables
voice,"A electrical term meaning ses, used in site, drawing, installation or coordination contexts.",communication systems
contact,"A electrical term meaning kontak / iletişim, used in site, drawing, installation or coordination contexts.",components
device,"A electrical term meaning cihaz, used in site, drawing, installation or coordination contexts.",components
control,"A electrical term meaning kontrol, used in site, drawing, installation or coordination contexts.",controls
display,"A electrical term meaning ekran / göstermek, used in site, drawing, installation or coordination contexts.",controls
input,"A electrical term meaning giriş, used in site, drawing, installation or coordination contexts.",controls
sensor,"A electrical term meaning sensör, used in site, drawing, installation or coordination contexts.",controls
signal,"An adjective meaning “sinyal”, used to describe a condition, issue, status or requirement.",controls
diagram,"A electrical term meaning diyagram / şema, used in site, drawing, installation or coordination contexts.",drawings
earth,"A electrical term meaning toprak / topraklamak, used in site, drawing, installation or coordination contexts.",earthing & bonding
heat,"A electrical term meaning ısı / sıcaklık, used in site, drawing, installation or coordination contexts.",electrical components
smoke,"A electrical term meaning duman, used in site, drawing, installation or coordination contexts.",electrical safety / protection
safety cable,"A electrical term meaning Emniyet/Güvenlik Kablosu, used in site, drawing, installation or coordination contexts.",electrical systems
equipment,"An adjective meaning “ekipman”, used to describe a condition, issue, status or requirement.",equipment
fail,"A electrical term meaning arızalanmak / başarısız olmak, used in site, drawing, installation or coordination contexts.",faults
failed,"A electrical term meaning arızalı / başarısız, used in site, drawing, installation or coordination contexts.",faults
failing,"A electrical term meaning arızalanma / başarısız olma, used in site, drawing, installation or coordination contexts.",faults
failure,"A electrical term meaning arıza / başarısızlık, used in site, drawing, installation or coordination contexts.",faults
alarm,"A electrical term meaning alarm, used in site, drawing, installation or coordination contexts.",fire alarm & life safety
electric,"An adjective meaning “elektrikli”, used to describe a condition, issue, status or requirement.",general electrical
electrical,"An adjective meaning “elektriksel / elektrik”, used to describe a condition, issue, status or requirement.",general electrical
adapter,"A electrical term meaning adaptör, used in site, drawing, installation or coordination contexts.",home electrical
charger,"A electrical term meaning şarj cihazı, used in site, drawing, installation or coordination contexts.",home electrical
doorbell,"A electrical term meaning kapı zili, used in site, drawing, installation or coordination contexts.",home electrical
smoke alarm,"A electrical term meaning duman alarmı, used in site, drawing, installation or coordination contexts.",home electrical
connect,"To connect something in a work, site or daily communication context.",installation
connected,"A electrical term meaning bağlı / bağlanmış, used in site, drawing, installation or coordination contexts.",installation
connecting,"A electrical term meaning bağlama, used in site, drawing, installation or coordination contexts.",installation
connection,"A electrical term meaning bağlantı, used in site, drawing, installation or coordination contexts.",installation
install,"To install something in a work, site or daily communication context.",installation
installation,"A electrical term meaning kurulum / montaj, used in site, drawing, installation or coordination contexts.",installation
installed,"A electrical term meaning kurulmuş / monte edilmiş, used in site, drawing, installation or coordination contexts.",installation
installing,"A electrical term meaning kurma / monte etme, used in site, drawing, installation or coordination contexts.",installation
clip,"A electrical term meaning klips, used in site, drawing, installation or coordination contexts.",installation materials
driver,"A electrical term meaning sürücü / driver, used in site, drawing, installation or coordination contexts.",lighting
led,"A electrical term meaning LED / ışık yayan diyot, used in site, drawing, installation or coordination contexts.",lighting
lighting,"A electrical term meaning aydınlatma, used in site, drawing, installation or coordination contexts.",lighting
daylight,"A electrical term meaning gün ışığı, used in site, drawing, installation or coordination contexts.",lighting controls
load,"A electrical term meaning yük, used in site, drawing, installation or coordination contexts.",load calculations
aluminium,"A electrical term meaning alüminyum, used in site, drawing, installation or coordination contexts.",materials
aluminum,"A electrical term meaning alüminyum, used in site, drawing, installation or coordination contexts.",materials
copper,"A electrical term meaning bakır, used in site, drawing, installation or coordination contexts.",materials
meter,"A electrical term meaning sayaç / metre, used in site, drawing, installation or coordination contexts.",metering
monitor,"A electrical term meaning izlemek, used in site, drawing, installation or coordination contexts.",monitoring
monitored,"A electrical term meaning izlenmiş, used in site, drawing, installation or coordination contexts.",monitoring
monitoring,"A electrical term meaning izleme, used in site, drawing, installation or coordination contexts.",monitoring
monitorring,"A electrical term meaning izleme, used in site, drawing, installation or coordination contexts.",monitoring
board,"A electrical term meaning pano / tahta, used in site, drawing, installation or coordination contexts.",panelboards
cabinet,"A electrical term meaning kabin / dolap, used in site, drawing, installation or coordination contexts.",panelboards
panel,"A electrical term meaning pano / panel, used in site, drawing, installation or coordination contexts.",panelboards
ampere,"A electrical term meaning amper, used in site, drawing, installation or coordination contexts.",parameters
current,"An adjective meaning “akım / mevcut”, used to describe a condition, issue, status or requirement.",parameters
hertz,"A electrical term meaning hertz, used in site, drawing, installation or coordination contexts.",parameters
kilowatt,"A electrical term meaning kilowatt, used in site, drawing, installation or coordination contexts.",parameters
output,"A electrical term meaning çıkış, used in site, drawing, installation or coordination contexts.",parameters
voltage,"A electrical term meaning gerilim / voltaj, used in site, drawing, installation or coordination contexts.",parameters
watt,"A electrical term meaning watt, used in site, drawing, installation or coordination contexts.",parameters
bar,"A electrical term meaning çubuk / bara, used in site, drawing, installation or coordination contexts.",power distribution
energy,"A electrical term meaning enerji, used in site, drawing, installation or coordination contexts.",power distribution
main,"A electrical term meaning ana, used in site, drawing, installation or coordination contexts.",power distribution
outlet,"A electrical term meaning priz / çıkış, used in site, drawing, installation or coordination contexts.",power distribution
power,"A electrical term meaning güç / enerji, used in site, drawing, installation or coordination contexts.",power distribution
source,"A electrical term meaning kaynak, used in site, drawing, installation or coordination contexts.",power supply
supply,"An adverb meaning “besleme / tedarik”, used to describe how or when an action is done.",power supply
fuse,"A electrical term meaning sigorta, used in site, drawing, installation or coordination contexts.",protection
security,"A electrical term meaning güvenlik, used in site, drawing, installation or coordination contexts.",security systems
electrician,"A electrical term meaning elektrikçi, used in site, drawing, installation or coordination contexts.",site team
dome,"A electrical term meaning kubbe / dome, used in site, drawing, installation or coordination contexts.",ELV systems
IP,IP is an acronym used in electrical communication.,IT & networks
LAN,LAN is an acronym used in electrical communication.,IT & networks
patch,"A electrical term meaning patch / bağlantı kablosu, used in site, drawing, installation or coordination contexts.",IT & networks
final circuit,"A electrical term meaning final devre, used in site, drawing, installation or coordination contexts.",MEP
UPS,UPS is an acronym used in electrical communication.,UPS & batteries
cell,"A electrical term meaning hücre, used in site, drawing, installation or coordination contexts.",batteries & panels
BMS,BMS is an acronym used in electrical communication.,building management system
conduit,"A electrical term meaning boru / kablo borusu, used in site, drawing, installation or coordination contexts.",cable containment
junction,"A electrical term meaning ek / bağlantı noktası, used in site, drawing, installation or coordination contexts.",cable containment
laid,"A electrical term meaning döşenmiş, used in site, drawing, installation or coordination contexts.",cable containment
lay,"A electrical term meaning döşemek, used in site, drawing, installation or coordination contexts.",cable containment
laying,"A electrical term meaning döşeme, used in site, drawing, installation or coordination contexts.",cable containment
route,"A electrical term meaning güzergâhlamak / yönlendirmek, used in site, drawing, installation or coordination contexts.",cable containment
routed,"A electrical term meaning güzergâhlandırılmış, used in site, drawing, installation or coordination contexts.",cable containment
routing,"A electrical term meaning güzergâhlama / yönlendirme, used in site, drawing, installation or coordination contexts.",cable containment
tray,"A electrical term meaning tava / kablo tavası, used in site, drawing, installation or coordination contexts.",cable containment
bend,"A electrical term meaning dirsek / büküm, used in site, drawing, installation or coordination contexts.",cable installation
bending,"A electrical term meaning bükme, used in site, drawing, installation or coordination contexts.",cable installation
core,"A electrical term meaning damar / çekirdek, used in site, drawing, installation or coordination contexts.",cables
branch,"A electrical term meaning branş / kol devre, used in site, drawing, installation or coordination contexts.",circuits
circuit,"A electrical term meaning devre, used in site, drawing, installation or coordination contexts.",circuits
healthcare access control,"A electrical term meaning sağlık tesisi erişim kontrolü, used in site, drawing, installation or coordination contexts.",clinical systems
hospital access control,"A electrical term meaning hastane erişim kontrolü, used in site, drawing, installation or coordination contexts.",clinical systems
medical access control,"A electrical term meaning medikal erişim kontrolü, used in site, drawing, installation or coordination contexts.",clinical systems
graphic,"An adjective meaning “grafik”, used to describe a condition, issue, status or requirement.",communication / ELV
workstation,"A electrical term meaning iş istasyonu, used in site, drawing, installation or coordination contexts.",communication / ELV
antenna,"A electrical term meaning anten, used in site, drawing, installation or coordination contexts.",communication systems
broadcast,"A electrical term meaning yayın, used in site, drawing, installation or coordination contexts.",communication systems
channel,"A electrical term meaning kanal, used in site, drawing, installation or coordination contexts.",communication systems
component,"An adjective meaning “bileşen”, used to describe a condition, issue, status or requirement.",components
connector,"A electrical term meaning konnektör / bağlantı elemanı, used in site, drawing, installation or coordination contexts.",components
automatic,"An adjective meaning “otomatik”, used to describe a condition, issue, status or requirement.",controls
automatically,"An adverb meaning “otomatik olarak”, used to describe how or when an action is done.",controls
automation,"A electrical term meaning otomasyon, used in site, drawing, installation or coordination contexts.",controls
enabled,"A electrical term meaning etkinleştirilmiş, used in site, drawing, installation or coordination contexts.",controls
indicator,"A electrical term meaning gösterge, used in site, drawing, installation or coordination contexts.",controls
module,"A electrical term meaning modül, used in site, drawing, installation or coordination contexts.",controls
variable,"An adjective meaning “değişken”, used to describe a condition, issue, status or requirement.",controls
rack,"A electrical term meaning rack / kabin, used in site, drawing, installation or coordination contexts.",data center
calculate,"A electrical term meaning hesaplamak, used in site, drawing, installation or coordination contexts.",design calculations
calculated,"A electrical term meaning hesaplanmış, used in site, drawing, installation or coordination contexts.",design calculations
calculating,"A electrical term meaning hesaplama, used in site, drawing, installation or coordination contexts.",design calculations
calculation,"A electrical term meaning hesap, used in site, drawing, installation or coordination contexts.",design calculations
size,"A electrical term meaning boyutlandırmak, used in site, drawing, installation or coordination contexts.",design calculations
sized,"A electrical term meaning boyutlandırılmış, used in site, drawing, installation or coordination contexts.",design calculations
sizing,"A electrical term meaning boyutlandırma, used in site, drawing, installation or coordination contexts.",design calculations
reserve,"A electrical term meaning yedek / rezerv, used in site, drawing, installation or coordination contexts.",design criteria
scheme,"A electrical term meaning şema / düzen, used in site, drawing, installation or coordination contexts.",drawings
earthing,"A electrical term meaning topraklama, used in site, drawing, installation or coordination contexts.",earthing & bonding
ground,"A electrical term meaning topraklamak, used in site, drawing, installation or coordination contexts.",earthing & bonding
grounded,"A electrical term meaning topraklanmış, used in site, drawing, installation or coordination contexts.",earthing & bonding
grounding,"A electrical term meaning topraklama, used in site, drawing, installation or coordination contexts.",earthing & bonding
rod,"A electrical term meaning çubuk / elektrot, used in site, drawing, installation or coordination contexts.",earthing & bonding
coupler,"A electrical term meaning kuplör / bağlayıcı, used in site, drawing, installation or coordination contexts.",electrical components
earthquake,"A electrical term meaning deprem, used in site, drawing, installation or coordination contexts.",electrical components
feed,"A electrical term meaning besleme, used in site, drawing, installation or coordination contexts.",electrical components
gear,"A electrical term meaning dişli / mekanizma, used in site, drawing, installation or coordination contexts.",electrical components
halogen,"A electrical term meaning halojen, used in site, drawing, installation or coordination contexts.",electrical components
lineup,"A electrical term meaning hücre dizisi / pano sıralaması, used in site, drawing, installation or coordination contexts.",electrical components
motion,"A electrical term meaning hareket, used in site, drawing, installation or coordination contexts.",electrical components
motorized,"A electrical term meaning motorlu, used in site, drawing, installation or coordination contexts.",electrical components
patching,"A electrical term meaning patchleme / bağlantı düzenleme, used in site, drawing, installation or coordination contexts.",electrical components
proximity,"A electrical term meaning yakınlık / proximity, used in site, drawing, installation or coordination contexts.",electrical components
reader,"A electrical term meaning okuyucu, used in site, drawing, installation or coordination contexts.",electrical components
stopping,"A electrical term meaning durdurma / yangın durdurma, used in site, drawing, installation or coordination contexts.",electrical components
submersible,"An adjective meaning “dalgıç tip”, used to describe a condition, issue, status or requirement.",electrical components
tape,"A electrical term meaning bant / çekme şeridi, used in site, drawing, installation or coordination contexts.",electrical components
earthed,"A electrical term meaning topraklanmış, used in site, drawing, installation or coordination contexts.",electrical safety / protection
addressable fire alarm,"A electrical term meaning adreslenebilir yangın alarm, used in site, drawing, installation or coordination contexts.",electrical systems
anti-panic lighting,"A electrical term meaning panik önleyici aydınlatma, used in site, drawing, installation or coordination contexts.",electrical systems
armoured cable,"A electrical term meaning zırhlı kablo, used in site, drawing, installation or coordination contexts.",electrical systems
artificial lighting,"A electrical term meaning artificial aydınlatma, used in site, drawing, installation or coordination contexts.",electrical systems
basic parameters lighting,"A electrical term meaning temel parameters aydınlatma, used in site, drawing, installation or coordination contexts.",electrical systems
busbar expansion joint,"A electrical term meaning bara genişleme / genleşme joint, used in site, drawing, installation or coordination contexts.",electrical systems
busbar riser,"A electrical term meaning bara şaft hattı, used in site, drawing, installation or coordination contexts.",electrical systems
busbar section,"A electrical term meaning bara bölümü, used in site, drawing, installation or coordination contexts.",electrical systems
busbar trunking,"A electrical term meaning bara kanalı, used in site, drawing, installation or coordination contexts.",electrical systems
cable containment,"A electrical term meaning kablo taşıma sistemi, used in site, drawing, installation or coordination contexts.",electrical systems
cable ferrule,"A electrical term meaning kablo yüksüğü, used in site, drawing, installation or coordination contexts.",electrical systems
cable gland,"A electrical term meaning kablo rakoru, used in site, drawing, installation or coordination contexts.",electrical systems
cable interruption,"A electrical term meaning kablo kesinti, used in site, drawing, installation or coordination contexts.",electrical systems
cable lug,"A electrical term meaning kablo pabucu, used in site, drawing, installation or coordination contexts.",electrical systems
cable pulling,"A electrical term meaning kablo çekimi, used in site, drawing, installation or coordination contexts.",electrical systems
cable route,"A electrical term meaning kablo güzergâhı, used in site, drawing, installation or coordination contexts.",electrical systems
cable routing,"A electrical term meaning kablo güzergâhlama, used in site, drawing, installation or coordination contexts.",electrical systems
cable termination,"A electrical term meaning kablo sonlandırma, used in site, drawing, installation or coordination contexts.",electrical systems
cable ties,"A electrical term meaning kablo ties, used in site, drawing, installation or coordination contexts.",electrical systems
cable trunking,"A electrical term meaning kablo kanalı, used in site, drawing, installation or coordination contexts.",electrical systems
cable type,"A electrical term meaning kablo tip / tür, used in site, drawing, installation or coordination contexts.",electrical systems
cable weight balancing,"A electrical term meaning kablo ağırlık dengeleme, used in site, drawing, installation or coordination contexts.",electrical systems
cables,"A electrical term meaning kablolar, used in site, drawing, installation or coordination contexts.",electrical systems
campus-wide grounding,"A electrical term meaning campus-wide topraklama, used in site, drawing, installation or coordination contexts.",electrical systems
cast resin transformer,"A electrical term meaning cast resin trafo, used in site, drawing, installation or coordination contexts.",electrical systems
central UPS,"A electrical term meaning merkezi UPS, used in site, drawing, installation or coordination contexts.",electrical systems
cleaning sockets,"A electrical term meaning temizleme sockets, used in site, drawing, installation or coordination contexts.",electrical systems
clinical BMS,"A electrical term meaning klinik BMS, used in site, drawing, installation or coordination contexts.",electrical systems
clinical CCTV,"A electrical term meaning klinik cctv, used in site, drawing, installation or coordination contexts.",electrical systems
clinical earthing,"A electrical term meaning klinik topraklama, used in site, drawing, installation or coordination contexts.",electrical systems
clinical emergency lighting,"A electrical term meaning klinik acil aydınlatması, used in site, drawing, installation or coordination contexts.",electrical systems
clinical fire alarm,"A electrical term meaning klinik yangın alarmı, used in site, drawing, installation or coordination contexts.",electrical systems
control cable,"A electrical term meaning kontrol kablosu, used in site, drawing, installation or coordination contexts.",electrical systems
copper cable,"A electrical term meaning bakır kablosu, used in site, drawing, installation or coordination contexts.",electrical systems
coverage fire alarm,"A electrical term meaning coverage yangın alarm, used in site, drawing, installation or coordination contexts.",electrical systems
critical facility BMS,"A electrical term meaning kritik facility BMS, used in site, drawing, installation or coordination contexts.",electrical systems
current loading,"A electrical term meaning akım loading, used in site, drawing, installation or coordination contexts.",electrical systems
data cable,"A electrical term meaning data kablosu, used in site, drawing, installation or coordination contexts.",electrical systems
data center BMS,"A electrical term meaning veri merkezi BMS, used in site, drawing, installation or coordination contexts.",electrical systems
data hall BMS,"A electrical term meaning veri hall BMS, used in site, drawing, installation or coordination contexts.",electrical systems
dedicated UPS,"A electrical term meaning özel ayrılmış UPS, used in site, drawing, installation or coordination contexts.",electrical systems
dry-type transformer,"A electrical term meaning kuru tip trafo, used in site, drawing, installation or coordination contexts.",electrical systems
earthing conductor,"A electrical term meaning topraklama iletkeni, used in site, drawing, installation or coordination contexts.",electrical systems
earthing grid,"A electrical term meaning topraklama ağı, used in site, drawing, installation or coordination contexts.",electrical systems
earthing system,"A electrical term meaning topraklama sistemi, used in site, drawing, installation or coordination contexts.",electrical systems
egress lighting,"A electrical term meaning kaçış yolu aydınlatma, used in site, drawing, installation or coordination contexts.",electrical systems
electric lighting,"A electrical term meaning elektrikli aydınlatma, used in site, drawing, installation or coordination contexts.",electrical systems
electric main panel,"A electrical term meaning elektrikli ana paneli, used in site, drawing, installation or coordination contexts.",electrical systems
equalization busbar,"A electrical term meaning equalization bara, used in site, drawing, installation or coordination contexts.",electrical systems
exit lighting,"A electrical term meaning çıkış aydınlatma, used in site, drawing, installation or coordination contexts.",electrical systems
extensive lighting,"A electrical term meaning extensive aydınlatma, used in site, drawing, installation or coordination contexts.",electrical systems
facade lighting,"A electrical term meaning cephe aydınlatma, used in site, drawing, installation or coordination contexts.",electrical systems
fault current,"A electrical term meaning arıza akımı, used in site, drawing, installation or coordination contexts.",electrical systems
fiber backbone,"A electrical term meaning fiber omurga, used in site, drawing, installation or coordination contexts.",electrical systems
fiber cable,"A electrical term meaning fiber kablosu, used in site, drawing, installation or coordination contexts.",electrical systems
fiber optic,"A electrical term meaning fiber optik, used in site, drawing, installation or coordination contexts.",electrical systems
fiber optic cables,"A electrical term meaning fiber optik kablolar, used in site, drawing, installation or coordination contexts.",electrical systems
fire alarm,"A electrical term meaning yangın alarmı, used in site, drawing, installation or coordination contexts.",electrical systems
fire alarm control,"A electrical term meaning yangın alarm kontrolü, used in site, drawing, installation or coordination contexts.",electrical systems
fire alarm panel,"A electrical term meaning yangın alarm paneli, used in site, drawing, installation or coordination contexts.",electrical systems
fire alarm system,"A electrical term meaning yangın alarm sistemi, used in site, drawing, installation or coordination contexts.",electrical systems
fixed lighting,"A electrical term meaning sabit / düzeltilmiş aydınlatma, used in site, drawing, installation or coordination contexts.",electrical systems
foundation grounding,"A electrical term meaning temel topraklama, used in site, drawing, installation or coordination contexts.",electrical systems
generator room,"A electrical term meaning jeneratör odası, used in site, drawing, installation or coordination contexts.",electrical systems
generator sets,"A electrical term meaning jeneratör sets, used in site, drawing, installation or coordination contexts.",electrical systems
grounding conductor,"A electrical term meaning topraklama iletkeni, used in site, drawing, installation or coordination contexts.",electrical systems
grounding electrode,"A electrical term meaning topraklama elektrot, used in site, drawing, installation or coordination contexts.",electrical systems
grounding grid,"A electrical term meaning topraklama ağı, used in site, drawing, installation or coordination contexts.",electrical systems
grounding set,"A electrical term meaning topraklama ayarlanmış, used in site, drawing, installation or coordination contexts.",electrical systems
grounding system,"A electrical term meaning topraklama sistemi, used in site, drawing, installation or coordination contexts.",electrical systems
halogen-free cables,"A electrical term meaning halojensiz kablolar, used in site, drawing, installation or coordination contexts.",electrical systems
healthcare BMS,"A electrical term meaning sağlık tesisi BMS, used in site, drawing, installation or coordination contexts.",electrical systems
healthcare CCTV,"A electrical term meaning sağlık tesisi cctv, used in site, drawing, installation or coordination contexts.",electrical systems
healthcare earthing,"A electrical term meaning sağlık tesisi topraklama, used in site, drawing, installation or coordination contexts.",electrical systems
healthcare emergency lighting,"A electrical term meaning sağlık tesisi acil aydınlatması, used in site, drawing, installation or coordination contexts.",electrical systems
healthcare fire alarm,"A electrical term meaning sağlık tesisi yangın alarmı, used in site, drawing, installation or coordination contexts.",electrical systems
helipad lighting,"A electrical term meaning helikopter pisti aydınlatma, used in site, drawing, installation or coordination contexts.",electrical systems
high voltage,"A electrical term meaning yüksek gerilim, used in site, drawing, installation or coordination contexts.",electrical systems
hospital BMS,"A electrical term meaning hastane BMS, used in site, drawing, installation or coordination contexts.",electrical systems
hospital CCTV,"A electrical term meaning hastane cctv, used in site, drawing, installation or coordination contexts.",electrical systems
hospital earthing,"A electrical term meaning hastane topraklama, used in site, drawing, installation or coordination contexts.",electrical systems
hospital emergency lighting,"A electrical term meaning hastane acil aydınlatması, used in site, drawing, installation or coordination contexts.",electrical systems
hospital fire alarm,"A electrical term meaning hastane yangın alarmı, used in site, drawing, installation or coordination contexts.",electrical systems
incoming breaker,"A electrical term meaning giriş kesicisi/şalteri, used in site, drawing, installation or coordination contexts.",electrical systems
incoming switchgear,"A electrical term meaning giriş şalt ekipmanı / hücre, used in site, drawing, installation or coordination contexts.",electrical systems
instrument cable,"A electrical term meaning enstrüman kablosu, used in site, drawing, installation or coordination contexts.",electrical systems
interior lighting,"A electrical term meaning interior aydınlatma, used in site, drawing, installation or coordination contexts.",electrical systems
IT BMS,"A electrical term meaning BT BMS, used in site, drawing, installation or coordination contexts.",electrical systems
IT copper cable,"A electrical term meaning BT bakır kablosu, used in site, drawing, installation or coordination contexts.",electrical systems
IT fiber cable,"A electrical term meaning BT fiber kablosu, used in site, drawing, installation or coordination contexts.",electrical systems
IT patch panel,"A electrical term meaning BT patch paneli, used in site, drawing, installation or coordination contexts.",electrical systems
landscaping lighting,"A electrical term meaning landscaping aydınlatma, used in site, drawing, installation or coordination contexts.",electrical systems
lighting consultant,"A electrical term meaning aydınlatma müşavir / danışman, used in site, drawing, installation or coordination contexts.",electrical systems
lighting zones,"A electrical term meaning aydınlatma zones, used in site, drawing, installation or coordination contexts.",electrical systems
low current,"A electrical term meaning alçak akım, used in site, drawing, installation or coordination contexts.",electrical systems
low noise grounding,"A electrical term meaning alçak gürültü topraklama, used in site, drawing, installation or coordination contexts.",electrical systems
low voltage,"A electrical term meaning alçak gerilim, used in site, drawing, installation or coordination contexts.",electrical systems
low voltage panel,"A electrical term meaning düşük gerilim paneli, used in site, drawing, installation or coordination contexts.",electrical systems
main service switchboard,"A electrical term meaning ana servis / hizmet ana pano / şalt panosu, used in site, drawing, installation or coordination contexts.",electrical systems
main switchboard,"A electrical term meaning ana pano, used in site, drawing, installation or coordination contexts.",electrical systems
main transformer,"A electrical term meaning ana trafo, used in site, drawing, installation or coordination contexts.",electrical systems
medical BMS,"A electrical term meaning medikal BMS, used in site, drawing, installation or coordination contexts.",electrical systems
medical CCTV,"A electrical term meaning medikal cctv, used in site, drawing, installation or coordination contexts.",electrical systems
medical earthing,"A electrical term meaning medikal topraklama, used in site, drawing, installation or coordination contexts.",electrical systems
medical emergency lighting,"A electrical term meaning medikal acil aydınlatması, used in site, drawing, installation or coordination contexts.",electrical systems
medical fire alarm,"A electrical term meaning medikal yangın alarmı, used in site, drawing, installation or coordination contexts.",electrical systems
medium voltage,"A electrical term meaning orta gerilim, used in site, drawing, installation or coordination contexts.",electrical systems
metal enclosed switchgear,"A electrical term meaning metal kapalı / muhafazalı şalt ekipmanı / hücre, used in site, drawing, installation or coordination contexts.",electrical systems
noise grounding,"A electrical term meaning gürültü topraklama, used in site, drawing, installation or coordination contexts.",electrical systems
outdoor lighting,"A electrical term meaning dış mekân aydınlatma, used in site, drawing, installation or coordination contexts.",electrical systems
override lighting,"A electrical term meaning aydınlatmayı manuel devreye alma / override, used in site, drawing, installation or coordination contexts.",electrical systems
panel schedule,"A electrical term meaning pano yük cetveli, used in site, drawing, installation or coordination contexts.",electrical systems
panelboard buses,"A electrical term meaning pano / dağıtım panosu buses, used in site, drawing, installation or coordination contexts.",electrical systems
partially/dim lighting,"A electrical term meaning partially/dim aydınlatma, used in site, drawing, installation or coordination contexts.",electrical systems
patch panel,"A electrical term meaning patch panel, used in site, drawing, installation or coordination contexts.",electrical systems
perimeter grounding,"A electrical term meaning çevre / perimetre topraklama, used in site, drawing, installation or coordination contexts.",electrical systems
permanent lighting,"A electrical term meaning permanent aydınlatma, used in site, drawing, installation or coordination contexts.",electrical systems
potential equalization busbar,"A electrical term meaning potansiyel equalization bara, used in site, drawing, installation or coordination contexts.",electrical systems
power cable,"A electrical term meaning güç kablosu, used in site, drawing, installation or coordination contexts.",electrical systems
protective grounding,"A electrical term meaning koruyucu topraklama, used in site, drawing, installation or coordination contexts.",electrical systems
rack row,"A electrical term meaning rack/kabin ROW, used in site, drawing, installation or coordination contexts.",electrical systems
remote panel,"A electrical term meaning Uzaktan kontrollü Panosu, used in site, drawing, installation or coordination contexts.",electrical systems
security/fire alarm,"A electrical term meaning güvenlik/yangın alarmı, used in site, drawing, installation or coordination contexts.",electrical systems
separate busbar,"A electrical term meaning ayırmak bara, used in site, drawing, installation or coordination contexts.",electrical systems
server rack,"A electrical term meaning server rack kabini, used in site, drawing, installation or coordination contexts.",electrical systems
server room,"A electrical term meaning server odası, used in site, drawing, installation or coordination contexts.",electrical systems
sf6 insulated switchgear,"A electrical term meaning sf6 yalıtımlı / izole edilmiş şalt ekipmanı / hücre, used in site, drawing, installation or coordination contexts.",electrical systems
short-circuit current,"A electrical term meaning kısa devre akımı, used in site, drawing, installation or coordination contexts.",electrical systems
socket groups,"A electrical term meaning priz groups, used in site, drawing, installation or coordination contexts.",electrical systems
sockets accessories,"A electrical term meaning priz aksesuarları, used in site, drawing, installation or coordination contexts.",electrical systems
stage lighting,"A electrical term meaning aşama aydınlatma, used in site, drawing, installation or coordination contexts.",electrical systems
supply cables,"A electrical term meaning besleme / tedarik cables, used in site, drawing, installation or coordination contexts.",electrical systems
system rack,"A electrical term meaning sistem rack / kabin, used in site, drawing, installation or coordination contexts.",electrical systems
transformer main,"A electrical term meaning trafo ana, used in site, drawing, installation or coordination contexts.",electrical systems
transformer room,"A electrical term meaning trafo odası, used in site, drawing, installation or coordination contexts.",electrical systems
transformer secondaries,"A electrical term meaning trafo secondaries, used in site, drawing, installation or coordination contexts.",electrical systems
transformer substation,"A electrical term meaning trafo trafo merkezi / şalt tesisi, used in site, drawing, installation or coordination contexts.",electrical systems
UPS batteries,"A electrical term meaning UPS aküleri, used in site, drawing, installation or coordination contexts.",electrical systems
UPS capacities,"A electrical term meaning UPS kapasiteleri, used in site, drawing, installation or coordination contexts.",electrical systems
UPS room,"A electrical term meaning UPS odası, used in site, drawing, installation or coordination contexts.",electrical systems
UPS set,"A electrical term meaning UPS ayarlanmış, used in site, drawing, installation or coordination contexts.",electrical systems
voltage drop,"A electrical term meaning gerilim düşümü, used in site, drawing, installation or coordination contexts.",electrical systems
voltage level,"A electrical term meaning gerilim seviye, used in site, drawing, installation or coordination contexts.",electrical systems
compact,"A electrical term meaning kompakt, used in site, drawing, installation or coordination contexts.",equipment
portable,"An adjective meaning “taşınabilir”, used to describe a condition, issue, status or requirement.",equipment
fault,"A electrical term meaning arıza / hata, used in site, drawing, installation or coordination contexts.",faults
detector,"A electrical term meaning dedektör, used in site, drawing, installation or coordination contexts.",fire alarm & ELV
diesel,"A electrical term meaning dizel, used in site, drawing, installation or coordination contexts.",generators
generator,"A electrical term meaning jeneratör, used in site, drawing, installation or coordination contexts.",generators
internet speed,"A electrical term meaning internet hızı, used in site, drawing, installation or coordination contexts.",home electrical
lead,"A electrical term meaning kablo / öncülük etmek, used in site, drawing, installation or coordination contexts.",home electrical
assemble,"A electrical term meaning monte etmek / toplamak, used in site, drawing, installation or coordination contexts.",installation
assembled,"A electrical term meaning monte edilmiş, used in site, drawing, installation or coordination contexts.",installation
extension,"A electrical term meaning uzatma / genişleme, used in site, drawing, installation or coordination contexts.",installation
installer,"A electrical term meaning montajcı / kurulumcu, used in site, drawing, installation or coordination contexts.",installation
mount,"A electrical term meaning monte etmek, used in site, drawing, installation or coordination contexts.",installation
mounted,"A electrical term meaning monte edilmiş, used in site, drawing, installation or coordination contexts.",installation
mounting,"A electrical term meaning monte etme, used in site, drawing, installation or coordination contexts.",installation
separate,"A electrical term meaning ayırmak, used in site, drawing, installation or coordination contexts.",installation
separated,"A electrical term meaning ayrılmış, used in site, drawing, installation or coordination contexts.",installation
separating,"A electrical term meaning ayırma, used in site, drawing, installation or coordination contexts.",installation
separation,"A electrical term meaning ayırma, used in site, drawing, installation or coordination contexts.",installation
wiring,"A electrical term meaning kablolama, used in site, drawing, installation or coordination contexts.",installation
clamp,"A electrical term meaning kelepçe, used in site, drawing, installation or coordination contexts.",installation materials
disconnect,"A electrical term meaning bağlantıyı kesmek, used in site, drawing, installation or coordination contexts.",isolation
disconnected,"A electrical term meaning bağlantısı kesilmiş, used in site, drawing, installation or coordination contexts.",isolation
disconnecting,"A electrical term meaning bağlantıyı kesme, used in site, drawing, installation or coordination contexts.",isolation
disconnection,"A electrical term meaning bağlantı kesme, used in site, drawing, installation or coordination contexts.",isolation
isolate,"A electrical term meaning ayırmak / izole etmek, used in site, drawing, installation or coordination contexts.",isolation
isolated,"A electrical term meaning ayrılmış / izole, used in site, drawing, installation or coordination contexts.",isolation
isolating,"A electrical term meaning ayırma / izole etme, used in site, drawing, installation or coordination contexts.",isolation
isolation,"A electrical term meaning izolasyon / ayırma, used in site, drawing, installation or coordination contexts.",isolation
fitting,"A electrical term meaning armatür / bağlantı parçası, used in site, drawing, installation or coordination contexts.",lighting
fixture,"A electrical term meaning armatür, used in site, drawing, installation or coordination contexts.",lighting
kelvin,"A electrical term meaning kelvin, used in site, drawing, installation or coordination contexts.",lighting
lumen,"A electrical term meaning lümen, used in site, drawing, installation or coordination contexts.",lighting
lux,"A electrical term meaning lüks / aydınlık düzeyi birimi, used in site, drawing, installation or coordination contexts.",lighting
dimmer,"A electrical term meaning dimmer / ışık kısıcı, used in site, drawing, installation or coordination contexts.",lighting controls
capacity,"A electrical term meaning kapasite, used in site, drawing, installation or coordination contexts.",load calculations
demand,"A electrical term meaning talep / yük talebi, used in site, drawing, installation or coordination contexts.",load calculations
power cut,"A electrical term meaning güç/enerji CUT, used in site, drawing, installation or coordination contexts.",maintenance
consumption,"A electrical term meaning tüketim, used in site, drawing, installation or coordination contexts.",metering
kwh,"A electrical term meaning kWh / kilowatt-saat, used in site, drawing, installation or coordination contexts.",metering
metering,"A electrical term meaning ölçümleme / sayaçlama, used in site, drawing, installation or coordination contexts.",metering
remotely,"An adverb meaning “uzaktan”, used to describe how or when an action is done.",monitoring
enclosure,"A electrical term meaning muhafaza / pano kabini, used in site, drawing, installation or coordination contexts.",panelboards
ac,"A electrical term meaning alternatif akım, used in site, drawing, installation or coordination contexts.",parameters
dc,"A electrical term meaning doğru akım, used in site, drawing, installation or coordination contexts.",parameters
drop,"A electrical term meaning düşüm / düşmek, used in site, drawing, installation or coordination contexts.",parameters
frequency,"A electrical term meaning frekans, used in site, drawing, installation or coordination contexts.",parameters
kilovolt,"A electrical term meaning kilovolt, used in site, drawing, installation or coordination contexts.",parameters
kva,"A electrical term meaning kVA / kilovoltamper, used in site, drawing, installation or coordination contexts.",parameters
megawatt,"A electrical term meaning megawatt, used in site, drawing, installation or coordination contexts.",parameters
rating,"A electrical term meaning anma değeri / sınıf, used in site, drawing, installation or coordination contexts.",parameters
resistance,"A electrical term meaning direnç, used in site, drawing, installation or coordination contexts.",parameters
wattage,"A electrical term meaning watt değeri / güç değeri, used in site, drawing, installation or coordination contexts.",parameters
backup power,"A electrical term meaning yedekleme güç/enerji, used in site, drawing, installation or coordination contexts.",power
consumer,"A electrical term meaning tüketici / alıcı, used in site, drawing, installation or coordination contexts.",power distribution
distribution,"A electrical term meaning dağıtım, used in site, drawing, installation or coordination contexts.",power distribution
grid,"A electrical term meaning şebeke / grid, used in site, drawing, installation or coordination contexts.",power distribution
LV,LV is an acronym used in electrical communication.,power distribution
MV,MV is an acronym used in electrical communication.,power distribution
neutral,"An adjective meaning “nötr”, used to describe a condition, issue, status or requirement.",power distribution
parallel,"A electrical term meaning paralel, used in site, drawing, installation or coordination contexts.",power distribution
phase,"A electrical term meaning faz, used in site, drawing, installation or coordination contexts.",power distribution
primary,"An adjective meaning “birincil / primer”, used to describe a condition, issue, status or requirement.",power distribution
secondary,"An adjective meaning “ikincil / sekonder”, used to describe a condition, issue, status or requirement.",power distribution
sequence,"A electrical term meaning sıra / faz sırası, used in site, drawing, installation or coordination contexts.",power distribution
generation,"A electrical term meaning üretim / nesil, used in site, drawing, installation or coordination contexts.",power generation
static,"An adjective meaning “statik”, used to describe a condition, issue, status or requirement.",power quality
backup,"A electrical term meaning yedek / yedekleme, used in site, drawing, installation or coordination contexts.",power supply
blackout,"A electrical term meaning elektrik kesintisi, used in site, drawing, installation or coordination contexts.",power supply
interrupt,"A electrical term meaning kesmek / kesintiye uğratmak, used in site, drawing, installation or coordination contexts.",power supply
interruption,"A electrical term meaning kesinti, used in site, drawing, installation or coordination contexts.",power supply
outage,"A electrical term meaning kesinti, used in site, drawing, installation or coordination contexts.",power supply
breaker,"A electrical term meaning şalter / kesici, used in site, drawing, installation or coordination contexts.",protection
leakage,"A electrical term meaning kaçak, used in site, drawing, installation or coordination contexts.",protection
MCB,MCB is an acronym used in electrical communication.,protection
overload,"A electrical term meaning aşırı yük, used in site, drawing, installation or coordination contexts.",protection
relay,"A electrical term meaning röle, used in site, drawing, installation or coordination contexts.",protection
trip,"A electrical term meaning açma yapmak, used in site, drawing, installation or coordination contexts.",protection
tripped,"A electrical term meaning açmış / trip etmiş, used in site, drawing, installation or coordination contexts.",protection
tripping,"A electrical term meaning açma yapma, used in site, drawing, installation or coordination contexts.",protection
reliable,"An adjective meaning “güvenilir”, used to describe a condition, issue, status or requirement.",reliability
CCTV,CCTV is an acronym used in electrical communication.,security systems
active,"An adjective meaning “aktif”, used to describe a condition, issue, status or requirement.",status & operation
fiber,"A electrical term meaning fiber, used in site, drawing, installation or coordination contexts.",structured cabling
fibre,"A electrical term meaning fiber, used in site, drawing, installation or coordination contexts.",structured cabling
incoming,"A electrical term meaning giriş / gelen hat, used in site, drawing, installation or coordination contexts.",switchgear
outgoing,"A electrical term meaning çıkış / giden hat, used in site, drawing, installation or coordination contexts.",switchgear
terminal,"An adjective meaning “terminal / bağlantı ucu”, used to describe a condition, issue, status or requirement.",termination
loop,"A electrical term meaning çevrim / loop, used in site, drawing, installation or coordination contexts.",testing
multimeter,"A electrical term meaning multimetre, used in site, drawing, installation or coordination contexts.",testing
stripper,"A electrical term meaning kablo soyucu, used in site, drawing, installation or coordination contexts.",tools
transformer,"A electrical term meaning trafo / transformatör, used in site, drawing, installation or coordination contexts.",transformers
amplifier,"A electrical term meaning amplifikatör / yükselteç, used in site, drawing, installation or coordination contexts.",ELV systems
ELV,ELV is an acronym used in electrical communication.,ELV systems
gateway,"A electrical term meaning ağ geçidi, used in site, drawing, installation or coordination contexts.",IT & networks
ICT,ICT is an acronym used in electrical communication.,IT & networks
POE,POE is an acronym used in electrical communication.,IT & networks
WAN,WAN is an acronym used in electrical communication.,IT & networks
RMU,RMU is an acronym used in electrical communication.,MV switchgear
battery alarm,"A electrical term meaning akü alarmı, used in site, drawing, installation or coordination contexts.",UPS & batteries
battery charger,"A electrical term meaning akü şarj cihazı, used in site, drawing, installation or coordination contexts.",UPS & batteries
battery connection,"A electrical term meaning akü bağlantısı, used in site, drawing, installation or coordination contexts.",UPS & batteries
battery datasheet,"A electrical term meaning akü veri sayfası, used in site, drawing, installation or coordination contexts.",UPS & batteries
battery detail,"A electrical term meaning akü detayı, used in site, drawing, installation or coordination contexts.",UPS & batteries
battery fault,"A electrical term meaning akü arızası, used in site, drawing, installation or coordination contexts.",UPS & batteries
battery interface,"A electrical term meaning akü arayüzü, used in site, drawing, installation or coordination contexts.",UPS & batteries
battery manual,"A electrical term meaning akü kılavuzu, used in site, drawing, installation or coordination contexts.",UPS & batteries
battery nameplate,"A electrical term meaning akü etiket plakası, used in site, drawing, installation or coordination contexts.",UPS & batteries
battery status,"A electrical term meaning akü durumu, used in site, drawing, installation or coordination contexts.",UPS & batteries
battery string,"A electrical term meaning akü dizisi, used in site, drawing, installation or coordination contexts.",UPS & batteries
inverter,"A electrical term meaning inverter / evirici, used in site, drawing, installation or coordination contexts.",UPS & batteries
standby,"A electrical term meaning yedek bekleme / standby, used in site, drawing, installation or coordination contexts.",UPS & batteries
biometric,"An adjective meaning “biyometrik”, used to describe a condition, issue, status or requirement.",access control
unauthorized,"A electrical term meaning yetkisiz, used in site, drawing, installation or coordination contexts.",access control
arc flash alarm,"A electrical term meaning ark flaşı alarmı, used in site, drawing, installation or coordination contexts.",alarms
differential protection alarm,"A electrical term meaning diferansiyel koruma alarmı, used in site, drawing, installation or coordination contexts.",alarms
harmonic distortion alarm,"A electrical term meaning harmonik bozulma alarmı, used in site, drawing, installation or coordination contexts.",alarms
lightning protection alarm,"A electrical term meaning yıldırım koruma alarmı, used in site, drawing, installation or coordination contexts.",alarms
load imbalance alarm,"A electrical term meaning yük dengesizliği alarmı, used in site, drawing, installation or coordination contexts.",alarms
mains failure alarm,"A electrical term meaning şebeke arızası alarmı, used in site, drawing, installation or coordination contexts.",alarms
neutral displacement alarm,"A electrical term meaning nötr kayması alarmı, used in site, drawing, installation or coordination contexts.",alarms
open circuit alarm,"A electrical term meaning açık devre alarmı, used in site, drawing, installation or coordination contexts.",alarms
phase imbalance alarm,"A electrical term meaning faz dengesizliği alarmı, used in site, drawing, installation or coordination contexts.",alarms
phase loss alarm,"A electrical term meaning faz kaybı alarmı, used in site, drawing, installation or coordination contexts.",alarms
phase reversal alarm,"A electrical term meaning faz tersliği alarmı, used in site, drawing, installation or coordination contexts.",alarms
phase rotation alarm,"A electrical term meaning faz yönü alarmı, used in site, drawing, installation or coordination contexts.",alarms
phase sequence alarm,"A electrical term meaning faz sırası alarmı, used in site, drawing, installation or coordination contexts.",alarms
reverse power alarm,"A electrical term meaning ters güç alarmı, used in site, drawing, installation or coordination contexts.",alarms
short circuit alarm,"A electrical term meaning kısa devre alarmı, used in site, drawing, installation or coordination contexts.",alarms
surge protection alarm,"A electrical term meaning aşırı gerilim koruma alarmı, used in site, drawing, installation or coordination contexts.",alarms
thermal overload alarm,"A electrical term meaning termik aşırı yük alarmı, used in site, drawing, installation or coordination contexts.",alarms
hmi,"A electrical term meaning HMI / insan-makine arayüzü, used in site, drawing, installation or coordination contexts.",automation
plc,"A electrical term meaning PLC / programlanabilir lojik kontrolör, used in site, drawing, installation or coordination contexts.",automation
SCADA,SCADA is an acronym used in electrical communication.,automation
containment,"An adjective meaning “kablo taşıma sistemi / containment”, used to describe a condition, issue, status or requirement.",cable containment
galvanized conduit,"A electrical term meaning galvanizli kablo borusu, used in site, drawing, installation or coordination contexts.",cable containment
heavy duty conduit,"A electrical term meaning ağır hizmet tipi kablo borusu, used in site, drawing, installation or coordination contexts.",cable containment
horizontal conduit,"A electrical term meaning yatay kablo borusu, used in site, drawing, installation or coordination contexts.",cable containment
pathway,"A electrical term meaning güzergâh / yol, used in site, drawing, installation or coordination contexts.",cable containment
perforated conduit,"A electrical term meaning delikli kablo borusu, used in site, drawing, installation or coordination contexts.",cable containment
raceway,"A electrical term meaning kablo kanalı / raceway, used in site, drawing, installation or coordination contexts.",cable containment
trunking,"A electrical term meaning kanal / kablo kanalı, used in site, drawing, installation or coordination contexts.",cable containment
underfloor,"A electrical term meaning döşeme altı, used in site, drawing, installation or coordination contexts.",cable containment
vertical conduit,"A electrical term meaning dikey kablo borusu, used in site, drawing, installation or coordination contexts.",cable containment
wire mesh conduit,"A electrical term meaning tel örgü kablo borusu, used in site, drawing, installation or coordination contexts.",cable containment
armored,"A electrical term meaning zırhlı, used in site, drawing, installation or coordination contexts.",cables
armour,"A electrical term meaning zırh, used in site, drawing, installation or coordination contexts.",cables
armouring,"A electrical term meaning zırhlama, used in site, drawing, installation or coordination contexts.",cables
braid,"A electrical term meaning örgü ekran / braid, used in site, drawing, installation or coordination contexts.",cables
conductor,"A electrical term meaning iletken, used in site, drawing, installation or coordination contexts.",cables
sheath,"A electrical term meaning kılıf / kablo dış kılıfı, used in site, drawing, installation or coordination contexts.",cables
sheathing,"A electrical term meaning kılıflama / dış kılıf, used in site, drawing, installation or coordination contexts.",cables
single-core,"A electrical term meaning tek damarlı, used in site, drawing, installation or coordination contexts.",cables
stranded,"A electrical term meaning çok telli, used in site, drawing, installation or coordination contexts.",cables
essential power,"A electrical term meaning kritik/temel güç/enerji, used in site, drawing, installation or coordination contexts.",clinical systems
normal power,"A electrical term meaning normal güç/enerji, used in site, drawing, installation or coordination contexts.",clinical systems
aerial,"An adjective meaning “hava hattı / antene ait”, used to describe a condition, issue, status or requirement.",communication systems
pabx,"A electrical term meaning PABX / telefon santrali, used in site, drawing, installation or coordination contexts.",communication systems
transmit,"A electrical term meaning iletmek, used in site, drawing, installation or coordination contexts.",communication systems
transmitted,"A electrical term meaning iletilmiş, used in site, drawing, installation or coordination contexts.",communication systems
transmitting,"A electrical term meaning iletme, used in site, drawing, installation or coordination contexts.",communication systems
adjustable,"An adjective meaning “ayarlanabilir”, used to describe a condition, issue, status or requirement.",components
coil,"A electrical term meaning bobin, used in site, drawing, installation or coordination contexts.",components
contactor,"A electrical term meaning kontaktör, used in site, drawing, installation or coordination contexts.",components
cubicle,"A electrical term meaning hücre / pano bölmesi, used in site, drawing, installation or coordination contexts.",components
grommet,"A electrical term meaning kablo geçiş lastiği / gromet, used in site, drawing, installation or coordination contexts.",components
insulator,"A electrical term meaning yalıtkan / izolatör, used in site, drawing, installation or coordination contexts.",components
plug-in,"A electrical term meaning tak-çıkar / plug-in, used in site, drawing, installation or coordination contexts.",components
resistor,"A electrical term meaning direnç elemanı, used in site, drawing, installation or coordination contexts.",components
solenoid,"A electrical term meaning solenoid, used in site, drawing, installation or coordination contexts.",components
analog,"A electrical term meaning analog, used in site, drawing, installation or coordination contexts.",controls
analogue,"A electrical term meaning analog, used in site, drawing, installation or coordination contexts.",controls
automated,"A electrical term meaning otomatikleştirilmiş, used in site, drawing, installation or coordination contexts.",controls
auxiliary,"An adjective meaning “yardımcı”, used to describe a condition, issue, status or requirement.",controls
bypass,"A electrical term meaning bypass / devre dışı geçiş, used in site, drawing, installation or coordination contexts.",controls
bypassed,"A electrical term meaning bypass edilmiş, used in site, drawing, installation or coordination contexts.",controls
bypassing,"A electrical term meaning bypass etme, used in site, drawing, installation or coordination contexts.",controls
centralized,"A electrical term meaning merkezi, used in site, drawing, installation or coordination contexts.",controls
interlock,"A electrical term meaning kilitleme / interlock, used in site, drawing, installation or coordination contexts.",controls
anode,"A electrical term meaning anot, used in site, drawing, installation or coordination contexts.",corrosion protection
cathode,"A electrical term meaning katot, used in site, drawing, installation or coordination contexts.",corrosion protection
cold aisle containment,"A electrical term meaning soğuk koridor kapama, used in site, drawing, installation or coordination contexts.",data center
critical power,"A electrical term meaning kritik güç, used in site, drawing, installation or coordination contexts.",data center
hot aisle containment,"A electrical term meaning sıcak koridor kapama, used in site, drawing, installation or coordination contexts.",data center
overhead busway,"A electrical term meaning üstten bara kanalı, used in site, drawing, installation or coordination contexts.",data center
PDU,PDU is an acronym used in electrical communication.,data center
static transfer switch,"A electrical term meaning statik transfer şalteri, used in site, drawing, installation or coordination contexts.",data center
power usage effectiveness,"A electrical term meaning Güç kullanım etkinliği / PUE, used in site, drawing, installation or coordination contexts.",data hall
configuration,"A electrical term meaning konfigürasyon / düzen, used in site, drawing, installation or coordination contexts.",design criteria
intermediate,"A electrical term meaning ara / orta, used in site, drawing, installation or coordination contexts.",distribution
schematic,"An adjective meaning “şematik”, used to describe a condition, issue, status or requirement.",drawings
equalize,"A electrical term meaning eşitlemek, used in site, drawing, installation or coordination contexts.",earthing
bond,"A electrical term meaning eşpotansiyel bağlamak, used in site, drawing, installation or coordination contexts.",earthing & bonding
bonded,"A electrical term meaning bağlanmış, used in site, drawing, installation or coordination contexts.",earthing & bonding
bonding,"A electrical term meaning eşpotansiyel bağlama, used in site, drawing, installation or coordination contexts.",earthing & bonding
electrode,"A electrical term meaning elektrot, used in site, drawing, installation or coordination contexts.",earthing & bonding
perimeter,"A electrical term meaning çevre / perimetre, used in site, drawing, installation or coordination contexts.",earthing & bonding
fish,"A electrical term meaning kablo çekme teli bağlamında fish, used in site, drawing, installation or coordination contexts.",electrical components
solar,"A electrical term meaning güneş / solar, used in site, drawing, installation or coordination contexts.",electrical components
access control panel,"A electrical term meaning geçiş kontrol paneli, used in site, drawing, installation or coordination contexts.",electrical systems
additional flexible cable,"A electrical term meaning ilave / ek esnek kablosu, used in site, drawing, installation or coordination contexts.",electrical systems
aided lighting calculations,"A electrical term meaning aided aydınlatma calculations, used in site, drawing, installation or coordination contexts.",electrical systems
alarm panel,"A electrical term meaning alarm paneli, used in site, drawing, installation or coordination contexts.",electrical systems
alarm repeater panels,"A electrical term meaning alarm tekrarlayıcı panel panels, used in site, drawing, installation or coordination contexts.",electrical systems
armored cable,"A electrical term meaning zırhlı kablosu, used in site, drawing, installation or coordination contexts.",electrical systems
armored cable route,"A electrical term meaning zırhlı kablo güzergâhı, used in site, drawing, installation or coordination contexts.",electrical systems
armoured cable route,"A electrical term meaning zırhlı kablo güzergâhı, used in site, drawing, installation or coordination contexts.",electrical systems
automatic generator,"A electrical term meaning otomatik jeneratör, used in site, drawing, installation or coordination contexts.",electrical systems
automatic generator panel,"A electrical term meaning otomatik jeneratör paneli, used in site, drawing, installation or coordination contexts.",electrical systems
automatic generator room,"A electrical term meaning otomatik jeneratör odası, used in site, drawing, installation or coordination contexts.",electrical systems
auxiliary transformer,"A electrical term meaning yardımcı trafo, used in site, drawing, installation or coordination contexts.",electrical systems
auxiliary transformer room,"A electrical term meaning yardımcı trafo odası, used in site, drawing, installation or coordination contexts.",electrical systems
backup generator,"A electrical term meaning yedek jeneratör, used in site, drawing, installation or coordination contexts.",electrical systems
backup generator panel,"A electrical term meaning yedek jeneratör paneli, used in site, drawing, installation or coordination contexts.",electrical systems
backup generator room,"A electrical term meaning yedek jeneratör odası, used in site, drawing, installation or coordination contexts.",electrical systems
battery breaker,"A electrical term meaning akü şalteri, used in site, drawing, installation or coordination contexts.",electrical systems
battery cable,"A electrical term meaning akü kablosu, used in site, drawing, installation or coordination contexts.",electrical systems
battery cable route,"A electrical term meaning akü kablo güzergâhı, used in site, drawing, installation or coordination contexts.",electrical systems
battery rack,"A electrical term meaning akü racki, used in site, drawing, installation or coordination contexts.",electrical systems
BMS alarm,"A electrical term meaning BMS alarmı, used in site, drawing, installation or coordination contexts.",electrical systems
BMS alarm point,"A electrical term meaning BMS alarm noktası, used in site, drawing, installation or coordination contexts.",electrical systems
BMS board,"A electrical term meaning BMS panosu, used in site, drawing, installation or coordination contexts.",electrical systems
BMS calibration,"A electrical term meaning BMS kalibrasyonu, used in site, drawing, installation or coordination contexts.",electrical systems
BMS checklist,"A electrical term meaning BMS kontrol listesi, used in site, drawing, installation or coordination contexts.",electrical systems
BMS connection,"A electrical term meaning BMS bağlantısı, used in site, drawing, installation or coordination contexts.",electrical systems
BMS control point,"A electrical term meaning BMS kontrol noktası, used in site, drawing, installation or coordination contexts.",electrical systems
BMS datasheet,"A electrical term meaning BMS veri sayfası, used in site, drawing, installation or coordination contexts.",electrical systems
BMS detail,"A electrical term meaning BMS detayı, used in site, drawing, installation or coordination contexts.",electrical systems
BMS fault,"A electrical term meaning BMS arızası, used in site, drawing, installation or coordination contexts.",electrical systems
BMS fault point,"A electrical term meaning BMS arıza noktası, used in site, drawing, installation or coordination contexts.",electrical systems
BMS field controller,"A electrical term meaning BMS saha kontrolörü, used in site, drawing, installation or coordination contexts.",electrical systems
BMS graphics page,"A electrical term meaning BMS grafik sayfası, used in site, drawing, installation or coordination contexts.",electrical systems
BMS inspection,"A electrical term meaning BMS kontrolü, used in site, drawing, installation or coordination contexts.",electrical systems
BMS integration gateway,"A electrical term meaning BMS entegrasyon geçidi, used in site, drawing, installation or coordination contexts.",electrical systems
BMS interface,"A electrical term meaning BMS arayüzü, used in site, drawing, installation or coordination contexts.",electrical systems
BMS layout,"A electrical term meaning BMS yerleşimi, used in site, drawing, installation or coordination contexts.",electrical systems
BMS maintenance,"A electrical term meaning BMS bakımı, used in site, drawing, installation or coordination contexts.",electrical systems
BMS manual,"A electrical term meaning BMS kılavuzu, used in site, drawing, installation or coordination contexts.",electrical systems
BMS monitoring point,"A electrical term meaning BMS izleme noktası, used in site, drawing, installation or coordination contexts.",electrical systems
BMS nameplate,"A electrical term meaning BMS etiket plakası, used in site, drawing, installation or coordination contexts.",electrical systems
BMS operator workstation,"A electrical term meaning BMS operatör iş istasyonu, used in site, drawing, installation or coordination contexts.",electrical systems
BMS panel,"A electrical term meaning BMS paneli, used in site, drawing, installation or coordination contexts.",electrical systems
BMS point list,"A electrical term meaning BMS / bina yönetim sistemi point listesi, used in site, drawing, installation or coordination contexts.",electrical systems
BMS procedure,"A electrical term meaning BMS prosedürü, used in site, drawing, installation or coordination contexts.",electrical systems
BMS report,"A electrical term meaning BMS raporu, used in site, drawing, installation or coordination contexts.",electrical systems
BMS schedule,"A electrical term meaning BMS programı/cetveli, used in site, drawing, installation or coordination contexts.",electrical systems
BMS security,"A electrical term meaning BMS / bina yönetim sistemi güvenlik, used in site, drawing, installation or coordination contexts.",electrical systems
BMS status,"A electrical term meaning BMS durumu, used in site, drawing, installation or coordination contexts.",electrical systems
BMS status point,"A electrical term meaning BMS durum noktası, used in site, drawing, installation or coordination contexts.",electrical systems
BMS testing,"A electrical term meaning BMS testi, used in site, drawing, installation or coordination contexts.",electrical systems
BMS trend log,"A electrical term meaning BMS trend kaydı, used in site, drawing, installation or coordination contexts.",electrical systems
bonding cable,"A electrical term meaning bonding kablosu, used in site, drawing, installation or coordination contexts.",electrical systems
bonding cable route,"A electrical term meaning bonding kablo güzergâhı, used in site, drawing, installation or coordination contexts.",electrical systems
branch circuit panelboard,"A electrical term meaning branş devre panosu, used in site, drawing, installation or coordination contexts.",electrical systems
branch circuit panelboards,"A electrical term meaning branş devre panelboards, used in site, drawing, installation or coordination contexts.",electrical systems
breakers for protection,"A electrical term meaning breakers for koruması, used in site, drawing, installation or coordination contexts.",electrical systems
busbar cable,"A electrical term meaning bara kablosu, used in site, drawing, installation or coordination contexts.",electrical systems
busbar cable route,"A electrical term meaning bara kablo güzergâhı, used in site, drawing, installation or coordination contexts.",electrical systems
busbar coupler,"A electrical term meaning bara kuplaj hücresi, used in site, drawing, installation or coordination contexts.",electrical systems
busbar protection,"A electrical term meaning bara koruması, used in site, drawing, installation or coordination contexts.",electrical systems
cabinet grounding,"A electrical term meaning kabin topraklaması, used in site, drawing, installation or coordination contexts.",electrical systems
cable ladder,"A electrical term meaning kablo merdiveni, used in site, drawing, installation or coordination contexts.",electrical systems
cable tray,"A electrical term meaning kablo tavası, used in site, drawing, installation or coordination contexts.",electrical systems
cables of lighting,"A electrical term meaning cables of aydınlatma, used in site, drawing, installation or coordination contexts.",electrical systems
capacitor bank panel,"A electrical term meaning kompanzasyon paneli, used in site, drawing, installation or coordination contexts.",electrical systems
cat6 cable,"A electrical term meaning Cat6 kablosu, used in site, drawing, installation or coordination contexts.",electrical systems
cat6 cable route,"A electrical term meaning Cat6 kablo güzergâhı, used in site, drawing, installation or coordination contexts.",electrical systems
cat7 cable,"A electrical term meaning Cat7 kablosu, used in site, drawing, installation or coordination contexts.",electrical systems
cat7 cable route,"A electrical term meaning Cat7 kablo güzergâhı, used in site, drawing, installation or coordination contexts.",electrical systems
CCTV board,"A electrical term meaning CCTV panosu, used in site, drawing, installation or coordination contexts.",electrical systems
CCTV panel,"A electrical term meaning CCTV paneli, used in site, drawing, installation or coordination contexts.",electrical systems
CCTV system,"A electrical term meaning CCTV sistemi, used in site, drawing, installation or coordination contexts.",electrical systems
CCTV system alarm,"A electrical term meaning CCTV sistemi alarmı, used in site, drawing, installation or coordination contexts.",electrical systems
CCTV system checklist,"A electrical term meaning CCTV sistemi kontrol listesi, used in site, drawing, installation or coordination contexts.",electrical systems
CCTV system connection,"A electrical term meaning CCTV sistemi bağlantısı, used in site, drawing, installation or coordination contexts.",electrical systems
CCTV system datasheet,"A electrical term meaning CCTV sistemi veri sayfası, used in site, drawing, installation or coordination contexts.",electrical systems
CCTV system detail,"A electrical term meaning CCTV sistemi detayı, used in site, drawing, installation or coordination contexts.",electrical systems
CCTV system fault,"A electrical term meaning CCTV sistemi arızası, used in site, drawing, installation or coordination contexts.",electrical systems
CCTV system inspection,"A electrical term meaning CCTV sistemi kontrolü, used in site, drawing, installation or coordination contexts.",electrical systems
CCTV system interface,"A electrical term meaning CCTV sistemi arayüzü, used in site, drawing, installation or coordination contexts.",electrical systems
CCTV system layout,"A electrical term meaning CCTV sistemi yerleşimi, used in site, drawing, installation or coordination contexts.",electrical systems
CCTV system maintenance,"A electrical term meaning CCTV sistemi bakımı, used in site, drawing, installation or coordination contexts.",electrical systems
CCTV system manual,"A electrical term meaning CCTV sistemi kılavuzu, used in site, drawing, installation or coordination contexts.",electrical systems
CCTV system nameplate,"A electrical term meaning CCTV sistemi etiket plakası, used in site, drawing, installation or coordination contexts.",electrical systems
CCTV system procedure,"A electrical term meaning CCTV sistemi prosedürü, used in site, drawing, installation or coordination contexts.",electrical systems
CCTV system report,"A electrical term meaning CCTV sistemi raporu, used in site, drawing, installation or coordination contexts.",electrical systems
CCTV system schedule,"A electrical term meaning CCTV sistemi programı/cetveli, used in site, drawing, installation or coordination contexts.",electrical systems
CCTV system status,"A electrical term meaning CCTV sistemi durumu, used in site, drawing, installation or coordination contexts.",electrical systems
CCTV system testing,"A electrical term meaning CCTV sistemi testi, used in site, drawing, installation or coordination contexts.",electrical systems
central grounding,"A electrical term meaning Merkezi topraklama, used in site, drawing, installation or coordination contexts.",electrical systems
central UPS panel,"A electrical term meaning merkezi UPS paneli, used in site, drawing, installation or coordination contexts.",electrical systems
circuit breaker,"A electrical term meaning devre kesicisi/şalteri, used in site, drawing, installation or coordination contexts.",electrical systems
circuit breaker truck,"A electrical term meaning kesici arabası, used in site, drawing, installation or coordination contexts.",electrical systems
circuit panelboards,"A electrical term meaning devre panelboards, used in site, drawing, installation or coordination contexts.",electrical systems
clinical UPS autonomy,"A electrical term meaning klinik UPS autonomy, used in site, drawing, installation or coordination contexts.",electrical systems
coaxial cable,"A electrical term meaning koaksiyel kablosu, used in site, drawing, installation or coordination contexts.",electrical systems
coaxial cable route,"A electrical term meaning koaksiyel kablo güzergâhı, used in site, drawing, installation or coordination contexts.",electrical systems
communication cable,"A electrical term meaning haberleşme kablosu, used in site, drawing, installation or coordination contexts.",electrical systems
communication cable route,"A electrical term meaning haberleşme kablo güzergâhı, used in site, drawing, installation or coordination contexts.",electrical systems
compact circuit breakers,"A electrical term meaning kompakt devre breakers, used in site, drawing, installation or coordination contexts.",electrical systems
containerized generator,"A electrical term meaning konteyner tipi jeneratör, used in site, drawing, installation or coordination contexts.",electrical systems
containerized generator panel,"A electrical term meaning konteyner tipi jeneratör paneli, used in site, drawing, installation or coordination contexts.",electrical systems
containerized generator room,"A electrical term meaning konteyner tipi jeneratör odası, used in site, drawing, installation or coordination contexts.",electrical systems
control cable route,"A electrical term meaning kontrol kablo güzergâhı, used in site, drawing, installation or coordination contexts.",electrical systems
control cable termination,"A electrical term meaning kontrol kablo sonlandırması, used in site, drawing, installation or coordination contexts.",electrical systems
control panel,"A electrical term meaning kontrol paneli, used in site, drawing, installation or coordination contexts.",electrical systems
critical generator,"A electrical term meaning kritik jeneratör, used in site, drawing, installation or coordination contexts.",electrical systems
critical generator panel,"A electrical term meaning kritik jeneratör paneli, used in site, drawing, installation or coordination contexts.",electrical systems
critical generator room,"A electrical term meaning kritik jeneratör odası, used in site, drawing, installation or coordination contexts.",electrical systems
current loading calculations,"A electrical term meaning akım loading calculations, used in site, drawing, installation or coordination contexts.",electrical systems
data cable route,"A electrical term meaning data kablo güzergâhı, used in site, drawing, installation or coordination contexts.",electrical systems
data cable termination,"A electrical term meaning data kablo sonlandırması, used in site, drawing, installation or coordination contexts.",electrical systems
data rack board,"A electrical term meaning data rack panosu, used in site, drawing, installation or coordination contexts.",electrical systems
data rack panel,"A electrical term meaning data rack paneli, used in site, drawing, installation or coordination contexts.",electrical systems
dedicated UPS panel,"A electrical term meaning özel ayrılmış UPS paneli, used in site, drawing, installation or coordination contexts.",electrical systems
diesel generator,"A electrical term meaning dizel jeneratör, used in site, drawing, installation or coordination contexts.",electrical systems
diesel generator panel,"A electrical term meaning dizel jeneratör paneli, used in site, drawing, installation or coordination contexts.",electrical systems
diesel generator room,"A electrical term meaning dizel jeneratör odası, used in site, drawing, installation or coordination contexts.",electrical systems
diesel generator set,"A electrical term meaning dizel jeneratör ayarlanmış, used in site, drawing, installation or coordination contexts.",electrical systems
dimmable lighting,"A electrical term meaning dimmable aydınlatma, used in site, drawing, installation or coordination contexts.",electrical systems
distribution panel,"A electrical term meaning dağıtım paneli, used in site, drawing, installation or coordination contexts.",electrical systems
distribution panelboards,"A electrical term meaning dağıtım panelboards, used in site, drawing, installation or coordination contexts.",electrical systems
distribution transformer,"A electrical term meaning dağıtım trafo, used in site, drawing, installation or coordination contexts.",electrical systems
distribution transformer room,"A electrical term meaning dağıtım trafo odası, used in site, drawing, installation or coordination contexts.",electrical systems
dry type transformer,"A electrical term meaning kuru tip trafo, used in site, drawing, installation or coordination contexts.",electrical systems
earth cable,"A electrical term meaning topraklama kablosu, used in site, drawing, installation or coordination contexts.",electrical systems
earth cable route,"A electrical term meaning topraklama kablo güzergâhı, used in site, drawing, installation or coordination contexts.",electrical systems
earth leakage breaker,"A electrical term meaning kaçak akım şalteri, used in site, drawing, installation or coordination contexts.",electrical systems
earth leakage breakers,"A electrical term meaning toprak kaçak breakers, used in site, drawing, installation or coordination contexts.",electrical systems
earthing bar,"A electrical term meaning topraklama barası, used in site, drawing, installation or coordination contexts.",electrical systems
earthing busbar,"A electrical term meaning topraklama bara, used in site, drawing, installation or coordination contexts.",electrical systems
earthing switch,"A electrical term meaning topraklama ayırıcısı, used in site, drawing, installation or coordination contexts.",electrical systems
electrical panel,"A electrical term meaning elektriksel / elektrik paneli, used in site, drawing, installation or coordination contexts.",electrical systems
elevator shaft lighting,"A electrical term meaning asansör kuyu aydınlatması, used in site, drawing, installation or coordination contexts.",electrical systems
elevator travel cable,"A electrical term meaning asansör seyir kablosu, used in site, drawing, installation or coordination contexts.",electrical systems
emergency distribution panel,"A electrical term meaning acil dağıtım paneli, used in site, drawing, installation or coordination contexts.",electrical systems
emergency distribution switchboard,"A electrical term meaning acil dağıtım şalt panosu, used in site, drawing, installation or coordination contexts.",electrical systems
emergency generator,"A electrical term meaning acil jeneratör, used in site, drawing, installation or coordination contexts.",electrical systems
emergency generator panel,"A electrical term meaning acil jeneratör paneli, used in site, drawing, installation or coordination contexts.",electrical systems
emergency generator room,"A electrical term meaning acil jeneratör odası, used in site, drawing, installation or coordination contexts.",electrical systems
emergency lighting,"A electrical term meaning acil aydınlatma, used in site, drawing, installation or coordination contexts.",electrical systems
exit lighting fixtures,"A electrical term meaning çıkış aydınlatma fixtures, used in site, drawing, installation or coordination contexts.",electrical systems
extensive lighting control,"A electrical term meaning extensive aydınlatma kontrolü, used in site, drawing, installation or coordination contexts.",electrical systems
feeder cable,"A electrical term meaning besleme kablosu, used in site, drawing, installation or coordination contexts.",electrical systems
feeder cable route,"A electrical term meaning besleme kablo güzergâhı, used in site, drawing, installation or coordination contexts.",electrical systems
fiber optic cable,"A electrical term meaning fiber optik kablosu, used in site, drawing, installation or coordination contexts.",electrical systems
final distribution panel,"A electrical term meaning son dağıtım paneli, used in site, drawing, installation or coordination contexts.",electrical systems
final distribution switchboard,"A electrical term meaning son dağıtım şalt panosu, used in site, drawing, installation or coordination contexts.",electrical systems
fire alarm board,"A electrical term meaning yangın alarm panosu, used in site, drawing, installation or coordination contexts.",electrical systems
fire alarm cable,"A electrical term meaning yangın alarm kablosu, used in site, drawing, installation or coordination contexts.",electrical systems
fire alarm interface,"A electrical term meaning yangın alarm arayüz, used in site, drawing, installation or coordination contexts.",electrical systems
fire resistant cable,"A electrical term meaning yangına dayanıklı kablo, used in site, drawing, installation or coordination contexts.",electrical systems
fire-rated cable,"A electrical term meaning yangın dayanımlı kablo, used in site, drawing, installation or coordination contexts.",electrical systems
fire-resistant cable,"A electrical term meaning yangına dayanıklı kablosu, used in site, drawing, installation or coordination contexts.",electrical systems
firefighting distribution panel,"A electrical term meaning yangınla mücadele dağıtım paneli, used in site, drawing, installation or coordination contexts.",electrical systems
fixed lighting fixtures,"A electrical term meaning sabit / düzeltilmiş aydınlatma fixtures, used in site, drawing, installation or coordination contexts.",electrical systems
flare stack lighting,"A electrical term meaning flare bacası aydınlatması, used in site, drawing, installation or coordination contexts.",electrical systems
flexible cable,"A electrical term meaning esnek kablo, used in site, drawing, installation or coordination contexts.",electrical systems
flexible cable route,"A electrical term meaning esnek kablo güzergâhı, used in site, drawing, installation or coordination contexts.",electrical systems
galvanized cable ladder,"A electrical term meaning galvanizli kablo merdiveni, used in site, drawing, installation or coordination contexts.",electrical systems
galvanized cable tray,"A electrical term meaning galvanizli kablo tavası, used in site, drawing, installation or coordination contexts.",electrical systems
galvanized cable trunking,"A electrical term meaning galvanizli kablo kanalı, used in site, drawing, installation or coordination contexts.",electrical systems
generator alarm,"A electrical term meaning jeneratör alarmı, used in site, drawing, installation or coordination contexts.",electrical systems
generator board,"A electrical term meaning jeneratör panosu, used in site, drawing, installation or coordination contexts.",electrical systems
generator checklist,"A electrical term meaning jeneratör kontrol listesi, used in site, drawing, installation or coordination contexts.",electrical systems
generator connection,"A electrical term meaning jeneratör bağlantısı, used in site, drawing, installation or coordination contexts.",electrical systems
generator datasheet,"A electrical term meaning jeneratör veri sayfası, used in site, drawing, installation or coordination contexts.",electrical systems
generator detail,"A electrical term meaning jeneratör detayı, used in site, drawing, installation or coordination contexts.",electrical systems
generator failure,"A electrical term meaning jeneratör arızası, used in site, drawing, installation or coordination contexts.",electrical systems
generator failure alarm,"A electrical term meaning jeneratör arızası alarmı, used in site, drawing, installation or coordination contexts.",electrical systems
generator failure protection,"A electrical term meaning jeneratör arızası koruması, used in site, drawing, installation or coordination contexts.",electrical systems
generator fault,"A electrical term meaning jeneratör arızası, used in site, drawing, installation or coordination contexts.",electrical systems
generator inspection,"A electrical term meaning jeneratör kontrolü, used in site, drawing, installation or coordination contexts.",electrical systems
generator interface,"A electrical term meaning jeneratör arayüzü, used in site, drawing, installation or coordination contexts.",electrical systems
generator layout,"A electrical term meaning jeneratör yerleşimi, used in site, drawing, installation or coordination contexts.",electrical systems
generator load test,"A electrical term meaning jeneratör yük testi, used in site, drawing, installation or coordination contexts.",electrical systems
generator maintenance,"A electrical term meaning jeneratör bakımı, used in site, drawing, installation or coordination contexts.",electrical systems
generator manual,"A electrical term meaning jeneratör kılavuzu, used in site, drawing, installation or coordination contexts.",electrical systems
generator nameplate,"A electrical term meaning jeneratör etiket plakası, used in site, drawing, installation or coordination contexts.",electrical systems
generator panel,"A electrical term meaning jeneratör paneli, used in site, drawing, installation or coordination contexts.",electrical systems
generator procedure,"A electrical term meaning jeneratör prosedürü, used in site, drawing, installation or coordination contexts.",electrical systems
generator redundancy,"A electrical term meaning jeneratör yedekliliği, used in site, drawing, installation or coordination contexts.",electrical systems
generator report,"A electrical term meaning jeneratör raporu, used in site, drawing, installation or coordination contexts.",electrical systems
generator rooms,"A electrical term meaning jeneratör rooms, used in site, drawing, installation or coordination contexts.",electrical systems
generator schedule,"A electrical term meaning jeneratör programı/cetveli, used in site, drawing, installation or coordination contexts.",electrical systems
generator status,"A electrical term meaning jeneratör durumu, used in site, drawing, installation or coordination contexts.",electrical systems
generator testing,"A electrical term meaning jeneratör testi, used in site, drawing, installation or coordination contexts.",electrical systems
generators diesel,"A electrical term meaning generators dizel, used in site, drawing, installation or coordination contexts.",electrical systems
generators MV,"A electrical term meaning generators OG, used in site, drawing, installation or coordination contexts.",electrical systems
grounding network,"A electrical term meaning topraklama ağ / şebeke, used in site, drawing, installation or coordination contexts.",electrical systems
grounding rod,"A electrical term meaning topraklama çubuk / elektrot, used in site, drawing, installation or coordination contexts.",electrical systems
grounding separate busbar,"A electrical term meaning topraklama ayırmak bara, used in site, drawing, installation or coordination contexts.",electrical systems
halogen-free cable,"A electrical term meaning halojensiz kablosu, used in site, drawing, installation or coordination contexts.",electrical systems
healthcare UPS autonomy,"A electrical term meaning sağlık tesisi UPS autonomy, used in site, drawing, installation or coordination contexts.",electrical systems
heat resistant cable,"A electrical term meaning ısıya dayanıklı kablosu, used in site, drawing, installation or coordination contexts.",electrical systems
high voltage cable,"A electrical term meaning yüksek gerilim kablosu, used in site, drawing, installation or coordination contexts.",electrical systems
horizontal cable ladder,"A electrical term meaning yatay kablo merdiveni, used in site, drawing, installation or coordination contexts.",electrical systems
horizontal cable tray,"A electrical term meaning yatay kablo tavası, used in site, drawing, installation or coordination contexts.",electrical systems
horizontal cable trunking,"A electrical term meaning yatay kablo kanalı, used in site, drawing, installation or coordination contexts.",electrical systems
hospital UPS autonomy,"A electrical term meaning hastane UPS autonomy, used in site, drawing, installation or coordination contexts.",electrical systems
HV cable,"A electrical term meaning YG kablosu, used in site, drawing, installation or coordination contexts.",electrical systems
HV cable route,"A electrical term meaning YG kablo güzergâhı, used in site, drawing, installation or coordination contexts.",electrical systems
imaging UPS,"A electrical term meaning görüntüleme UPS, used in site, drawing, installation or coordination contexts.",electrical systems
imaging UPS panel,"A electrical term meaning görüntüleme UPS paneli, used in site, drawing, installation or coordination contexts.",electrical systems
indoor cable,"A electrical term meaning iç ortam kablosu, used in site, drawing, installation or coordination contexts.",electrical systems
indoor cable route,"A electrical term meaning iç ortam kablo güzergâhı, used in site, drawing, installation or coordination contexts.",electrical systems
instrument cable route,"A electrical term meaning enstrüman kablo güzergâhı, used in site, drawing, installation or coordination contexts.",electrical systems
instrument cable termination,"A electrical term meaning enstrüman kablo sonlandırması, used in site, drawing, installation or coordination contexts.",electrical systems
IPS panel,"A electrical term meaning IPS panosu, used in site, drawing, installation or coordination contexts.",electrical systems
isolated power panel,"A electrical term meaning izole güç panosu, used in site, drawing, installation or coordination contexts.",electrical systems
isolating transformer,"A electrical term meaning ayırma / izole etme trafo, used in site, drawing, installation or coordination contexts.",electrical systems
isolation panel,"A electrical term meaning izolasyon paneli, used in site, drawing, installation or coordination contexts.",electrical systems
isolation transformer room,"A electrical term meaning izolasyon trafo odası, used in site, drawing, installation or coordination contexts.",electrical systems
IT generator synchronization,"A electrical term meaning BT jeneratör synchronization, used in site, drawing, installation or coordination contexts.",electrical systems
IT UPS,"A electrical term meaning IT UPS, used in site, drawing, installation or coordination contexts.",electrical systems
IT UPS module,"A electrical term meaning BT ups modülü, used in site, drawing, installation or coordination contexts.",electrical systems
IT UPS panel,"A electrical term meaning IT UPS paneli, used in site, drawing, installation or coordination contexts.",electrical systems
lighting board,"A electrical term meaning aydınlatma panosu, used in site, drawing, installation or coordination contexts.",electrical systems
lighting calculations,"A electrical term meaning aydınlatma calculations, used in site, drawing, installation or coordination contexts.",electrical systems
lighting circuit,"A electrical term meaning aydınlatma devre, used in site, drawing, installation or coordination contexts.",electrical systems
lighting control,"A electrical term meaning aydınlatma kontrolü, used in site, drawing, installation or coordination contexts.",electrical systems
lighting control module,"A electrical term meaning aydınlatma kontrol modülü, used in site, drawing, installation or coordination contexts.",electrical systems
lighting control panel,"A electrical term meaning aydınlatma kontrol paneli, used in site, drawing, installation or coordination contexts.",electrical systems
lighting DALI gateway,"A electrical term meaning aydınlatma DALI geçidi, used in site, drawing, installation or coordination contexts.",electrical systems
lighting daylight sensor,"A electrical term meaning aydınlatma gün ışığı sensörü, used in site, drawing, installation or coordination contexts.",electrical systems
lighting design calculations,"A electrical term meaning aydınlatma tasarım / tasarlamak calculations, used in site, drawing, installation or coordination contexts.",electrical systems
lighting dimming module,"A electrical term meaning aydınlatma dimleme modülü, used in site, drawing, installation or coordination contexts.",electrical systems
lighting emergency driver,"A electrical term meaning aydınlatma acil durum sürücüsü, used in site, drawing, installation or coordination contexts.",electrical systems
lighting exit luminaire,"A electrical term meaning aydınlatma çıkış armatürü, used in site, drawing, installation or coordination contexts.",electrical systems
lighting facade lighting,"A electrical term meaning aydınlatma cephe aydınlatması, used in site, drawing, installation or coordination contexts.",electrical systems
lighting fixture,"A electrical term meaning aydınlatma armatürü, used in site, drawing, installation or coordination contexts.",electrical systems
lighting helipad lighting,"A electrical term meaning aydınlatma helikopter pisti aydınlatması, used in site, drawing, installation or coordination contexts.",electrical systems
lighting landscape lighting,"A electrical term meaning aydınlatma peyzaj aydınlatması, used in site, drawing, installation or coordination contexts.",electrical systems
lighting panel,"A electrical term meaning aydınlatma paneli, used in site, drawing, installation or coordination contexts.",electrical systems
lighting switchboard,"A electrical term meaning aydınlatma şalt panosu, used in site, drawing, installation or coordination contexts.",electrical systems
line electrical panel,"A electrical term meaning hat elektriksel / elektrik paneli, used in site, drawing, installation or coordination contexts.",electrical systems
local control panel,"A electrical term meaning lokal kontrol paneli, used in site, drawing, installation or coordination contexts.",electrical systems
low noise generator,"A electrical term meaning düşük gürültülü jeneratör, used in site, drawing, installation or coordination contexts.",electrical systems
low smoke cable,"A electrical term meaning düşük dumanlı kablosu, used in site, drawing, installation or coordination contexts.",electrical systems
low voltage cable,"A electrical term meaning alçak gerilim kablosu, used in site, drawing, installation or coordination contexts.",electrical systems
low voltage distribution,"A electrical term meaning alçak gerilim dağıtım, used in site, drawing, installation or coordination contexts.",electrical systems
low voltage switchboard,"A electrical term meaning alçak gerilim ana panosu, used in site, drawing, installation or coordination contexts.",electrical systems
LV cable,"A electrical term meaning AG kablosu, used in site, drawing, installation or coordination contexts.",electrical systems
LV cable route,"A electrical term meaning AG kablo güzergâhı, used in site, drawing, installation or coordination contexts.",electrical systems
LV cable termination,"A electrical term meaning AG kablo sonlandırması, used in site, drawing, installation or coordination contexts.",electrical systems
LV switchboard,"A electrical term meaning AG ana pano / şalt panosu, used in site, drawing, installation or coordination contexts.",electrical systems
LV switchgear,"A electrical term meaning AG şalt ekipmanı / hücre, used in site, drawing, installation or coordination contexts.",electrical systems
main distribution panel,"A electrical term meaning ana dağıtım panosu, used in site, drawing, installation or coordination contexts.",electrical systems
main distribution panelboard,"A electrical term meaning ana dağıtım panosu, used in site, drawing, installation or coordination contexts.",electrical systems
main distribution panelboards,"A electrical term meaning ana dağıtım panelboards, used in site, drawing, installation or coordination contexts.",electrical systems
main distribution switchboard,"A electrical term meaning ana dağıtım şalt panosu, used in site, drawing, installation or coordination contexts.",electrical systems
main LV switchboard,"A electrical term meaning ana AG ana pano / şalt panosu, used in site, drawing, installation or coordination contexts.",electrical systems
main transformer switchboard,"A electrical term meaning ana trafo ana pano / şalt panosu, used in site, drawing, installation or coordination contexts.",electrical systems
manual generator,"A electrical term meaning manuel jeneratör, used in site, drawing, installation or coordination contexts.",electrical systems
manual generator panel,"A electrical term meaning manuel jeneratör paneli, used in site, drawing, installation or coordination contexts.",electrical systems
manual generator room,"A electrical term meaning manuel jeneratör odası, used in site, drawing, installation or coordination contexts.",electrical systems
marine cable,"A electrical term meaning deniz tipi kablosu, used in site, drawing, installation or coordination contexts.",electrical systems
marine cable route,"A electrical term meaning deniz tipi kablo güzergâhı, used in site, drawing, installation or coordination contexts.",electrical systems
marshalling panel,"A electrical term meaning marshalling paneli, used in site, drawing, installation or coordination contexts.",electrical systems
mechanical panel,"A electrical term meaning mekanik paneli, used in site, drawing, installation or coordination contexts.",electrical systems
medical it transformer,"A electrical term meaning medikal it trafo, used in site, drawing, installation or coordination contexts.",electrical systems
medical UPS,"A electrical term meaning medikal UPS, used in site, drawing, installation or coordination contexts.",electrical systems
medical UPS autonomy,"A electrical term meaning medikal UPS autonomy, used in site, drawing, installation or coordination contexts.",electrical systems
medical UPS panel,"A electrical term meaning medikal UPS paneli, used in site, drawing, installation or coordination contexts.",electrical systems
medium voltage cable,"A electrical term meaning orta gerilim kablosu, used in site, drawing, installation or coordination contexts.",electrical systems
medium voltage distribution,"A electrical term meaning orta gerilim dağıtım, used in site, drawing, installation or coordination contexts.",electrical systems
medium voltage switchgear,"A electrical term meaning orta gerilim şalt hücresi, used in site, drawing, installation or coordination contexts.",electrical systems
metering panel,"A electrical term meaning ölçümleme paneli, used in site, drawing, installation or coordination contexts.",electrical systems
microprocessor control panel,"A electrical term meaning microprocessor kontrol paneli, used in site, drawing, installation or coordination contexts.",electrical systems
miniature circuit breaker,"A electrical term meaning otomatik sigorta, used in site, drawing, installation or coordination contexts.",electrical systems
mobile generator,"A electrical term meaning mobil jeneratör, used in site, drawing, installation or coordination contexts.",electrical systems
mobile generator panel,"A electrical term meaning mobil jeneratör paneli, used in site, drawing, installation or coordination contexts.",electrical systems
mobile generator room,"A electrical term meaning mobil jeneratör odası, used in site, drawing, installation or coordination contexts.",electrical systems
modular UPS,"A electrical term meaning modüler UPS, used in site, drawing, installation or coordination contexts.",electrical systems
modular UPS panel,"A electrical term meaning modüler UPS paneli, used in site, drawing, installation or coordination contexts.",electrical systems
motor control panel,"A electrical term meaning motor kontrol paneli, used in site, drawing, installation or coordination contexts.",electrical systems
motor control switchboard,"A electrical term meaning motor kontrol şalt panosu, used in site, drawing, installation or coordination contexts.",electrical systems
multi core cable,"A electrical term meaning çok damarlı kablo, used in site, drawing, installation or coordination contexts.",electrical systems
MV cable,"A electrical term meaning OG kablosu, used in site, drawing, installation or coordination contexts.",electrical systems
MV cable route,"A electrical term meaning OG kablo güzergâhı, used in site, drawing, installation or coordination contexts.",electrical systems
MV cable termination,"A electrical term meaning OG kablo sonlandırması, used in site, drawing, installation or coordination contexts.",electrical systems
MV incoming switchgear,"A electrical term meaning OG giriş şalt ekipmanı / hücre, used in site, drawing, installation or coordination contexts.",electrical systems
MV switchgear,"A electrical term meaning OG şalt ekipmanı / hücre, used in site, drawing, installation or coordination contexts.",electrical systems
MV switchgears distribution,"A electrical term meaning OG switchgears dağıtım, used in site, drawing, installation or coordination contexts.",electrical systems
network rack,"A electrical term meaning network rack kabini, used in site, drawing, installation or coordination contexts.",electrical systems
neutral earthing,"A electrical term meaning nötr topraklama, used in site, drawing, installation or coordination contexts.",electrical systems
noise grounding networks,"A electrical term meaning gürültü topraklama networks, used in site, drawing, installation or coordination contexts.",electrical systems
nurse call panel,"A electrical term meaning hemşire çağrı paneli, used in site, drawing, installation or coordination contexts.",electrical systems
oil immersed transformer,"A electrical term meaning yağlı tip trafo, used in site, drawing, installation or coordination contexts.",electrical systems
oil resistant cable,"A electrical term meaning yağa dayanıklı kablosu, used in site, drawing, installation or coordination contexts.",electrical systems
online UPS,"A electrical term meaning online UPS, used in site, drawing, installation or coordination contexts.",electrical systems
online UPS panel,"A electrical term meaning online UPS paneli, used in site, drawing, installation or coordination contexts.",electrical systems
open type generator,"A electrical term meaning açık tip jeneratör, used in site, drawing, installation or coordination contexts.",electrical systems
operating theatre panel,"A electrical term meaning operating ameliyathane paneli, used in site, drawing, installation or coordination contexts.",electrical systems
outdoor cable,"A electrical term meaning dış ortam kablosu, used in site, drawing, installation or coordination contexts.",electrical systems
outdoor cable route,"A electrical term meaning dış ortam kablo güzergâhı, used in site, drawing, installation or coordination contexts.",electrical systems
overcurrent alarm,"A electrical term meaning aşırı akım alarmı, used in site, drawing, installation or coordination contexts.",electrical systems
overcurrent protection,"A electrical term meaning aşırı akım koruması, used in site, drawing, installation or coordination contexts.",electrical systems
override lighting controls,"A electrical term meaning aydınlatma kontrolünü manuel geçersiz kılma, used in site, drawing, installation or coordination contexts.",electrical systems
overvoltage,"A electrical term meaning aşırı gerilim, used in site, drawing, installation or coordination contexts.",electrical systems
overvoltage alarm,"A electrical term meaning aşırı gerilim alarmı, used in site, drawing, installation or coordination contexts.",electrical systems
overvoltage protection,"A electrical term meaning aşırı gerilim koruması, used in site, drawing, installation or coordination contexts.",electrical systems
panel boards,"A electrical term meaning pano boards, used in site, drawing, installation or coordination contexts.",electrical systems
panel schedule review,"A electrical term meaning pano yük cetveli incelemesi, used in site, drawing, installation or coordination contexts.",electrical systems
panel schedule status,"A electrical term meaning pano yük cetveli durumu, used in site, drawing, installation or coordination contexts.",electrical systems
patch cable,"A electrical term meaning patch kablosu, used in site, drawing, installation or coordination contexts.",electrical systems
patch cable route,"A electrical term meaning patch kablo güzergâhı, used in site, drawing, installation or coordination contexts.",electrical systems
PDU alarm,"A electrical term meaning PDU alarmı, used in site, drawing, installation or coordination contexts.",electrical systems
PDU checklist,"A electrical term meaning PDU kontrol listesi, used in site, drawing, installation or coordination contexts.",electrical systems
PDU connection,"A electrical term meaning PDU bağlantısı, used in site, drawing, installation or coordination contexts.",electrical systems
PDU datasheet,"A electrical term meaning PDU veri sayfası, used in site, drawing, installation or coordination contexts.",electrical systems
PDU detail,"A electrical term meaning PDU detayı, used in site, drawing, installation or coordination contexts.",electrical systems
PDU fault,"A electrical term meaning PDU arızası, used in site, drawing, installation or coordination contexts.",electrical systems
PDU inspection,"A electrical term meaning PDU kontrolü, used in site, drawing, installation or coordination contexts.",electrical systems
PDU interface,"A electrical term meaning PDU arayüzü, used in site, drawing, installation or coordination contexts.",electrical systems
PDU layout,"A electrical term meaning PDU yerleşimi, used in site, drawing, installation or coordination contexts.",electrical systems
PDU maintenance,"A electrical term meaning PDU bakımı, used in site, drawing, installation or coordination contexts.",electrical systems
PDU manual,"A electrical term meaning PDU kılavuzu, used in site, drawing, installation or coordination contexts.",electrical systems
PDU nameplate,"A electrical term meaning PDU etiket plakası, used in site, drawing, installation or coordination contexts.",electrical systems
PDU procedure,"A electrical term meaning PDU prosedürü, used in site, drawing, installation or coordination contexts.",electrical systems
PDU report,"A electrical term meaning PDU raporu, used in site, drawing, installation or coordination contexts.",electrical systems
PDU schedule,"A electrical term meaning PDU programı/cetveli, used in site, drawing, installation or coordination contexts.",electrical systems
PDU status,"A electrical term meaning PDU durumu, used in site, drawing, installation or coordination contexts.",electrical systems
PDU testing,"A electrical term meaning PDU testi, used in site, drawing, installation or coordination contexts.",electrical systems
perforated cable ladder,"A electrical term meaning delikli kablo merdiveni, used in site, drawing, installation or coordination contexts.",electrical systems
perforated cable tray,"A electrical term meaning delikli kablo tavası, used in site, drawing, installation or coordination contexts.",electrical systems
perforated cable trunking,"A electrical term meaning delikli kablo kanalı, used in site, drawing, installation or coordination contexts.",electrical systems
permanent cable,"A electrical term meaning kalıcı kablosu, used in site, drawing, installation or coordination contexts.",electrical systems
permanent cable route,"A electrical term meaning kalıcı kablo güzergâhı, used in site, drawing, installation or coordination contexts.",electrical systems
pfc relay,"A electrical term meaning pfc rölesi, used in site, drawing, installation or coordination contexts.",electrical systems
power cable route,"A electrical term meaning güç kablo güzergâhı, used in site, drawing, installation or coordination contexts.",electrical systems
power cable termination,"A electrical term meaning güç kablo sonlandırması, used in site, drawing, installation or coordination contexts.",electrical systems
power cables,"A electrical term meaning güç cables, used in site, drawing, installation or coordination contexts.",electrical systems
power panels,"A electrical term meaning güç panels, used in site, drawing, installation or coordination contexts.",electrical systems
power sockets,"A electrical term meaning güç sockets, used in site, drawing, installation or coordination contexts.",electrical systems
power supply cables,"A electrical term meaning güç besleme / tedarik cables, used in site, drawing, installation or coordination contexts.",electrical systems
power transformer,"A electrical term meaning güç trafo, used in site, drawing, installation or coordination contexts.",electrical systems
power transformer room,"A electrical term meaning güç trafo odası, used in site, drawing, installation or coordination contexts.",electrical systems
prime rated generator,"A electrical term meaning prime rated jeneratör, used in site, drawing, installation or coordination contexts.",electrical systems
protection grounding,"A electrical term meaning koruma topraklama, used in site, drawing, installation or coordination contexts.",electrical systems
protection relay,"A electrical term meaning koruma rölesi, used in site, drawing, installation or coordination contexts.",electrical systems
protective grounding network,"A electrical term meaning koruyucu topraklama ağ / şebeke, used in site, drawing, installation or coordination contexts.",electrical systems
public address panel,"A electrical term meaning genel anons paneli, used in site, drawing, installation or coordination contexts.",electrical systems
rack elevation,"A electrical term meaning rack yerleşim görünüşü, used in site, drawing, installation or coordination contexts.",electrical systems
rack PDU,"A electrical term meaning rack PDU, used in site, drawing, installation or coordination contexts.",electrical systems
relay setting,"A electrical term meaning röle ayarı, used in site, drawing, installation or coordination contexts.",electrical systems
remote control panel,"A electrical term meaning uzaktan kontrol paneli, used in site, drawing, installation or coordination contexts.",electrical systems
remote power panel,"A electrical term meaning uzak güç paneli, used in site, drawing, installation or coordination contexts.",electrical systems
residual current device,"A electrical term meaning kaçak akım koruma cihazı, used in site, drawing, installation or coordination contexts.",electrical systems
room as generators,"A electrical term meaning oda olarak / gibi generators, used in site, drawing, installation or coordination contexts.",electrical systems
rubber insulated cable,"A electrical term meaning kauçuk izoleli kablosu, used in site, drawing, installation or coordination contexts.",electrical systems
screened cable,"A electrical term meaning ekranlı kablosu, used in site, drawing, installation or coordination contexts.",electrical systems
screened cable route,"A electrical term meaning ekranlı kablo güzergâhı, used in site, drawing, installation or coordination contexts.",electrical systems
secondary distribution panel,"A electrical term meaning sekonder dağıtım paneli, used in site, drawing, installation or coordination contexts.",electrical systems
secondary distribution switchboard,"A electrical term meaning sekonder dağıtım şalt panosu, used in site, drawing, installation or coordination contexts.",electrical systems
security CCTV,"A electrical term meaning güvenlik CCTV, used in site, drawing, installation or coordination contexts.",electrical systems
security panel,"A electrical term meaning güvenlik paneli, used in site, drawing, installation or coordination contexts.",electrical systems
security UPS,"A electrical term meaning güvenlik UPS, used in site, drawing, installation or coordination contexts.",electrical systems
security UPS panel,"A electrical term meaning güvenlik UPS paneli, used in site, drawing, installation or coordination contexts.",electrical systems
server rack alarm,"A electrical term meaning server rack kabini alarmı, used in site, drawing, installation or coordination contexts.",electrical systems
server rack checklist,"A electrical term meaning server rack kabini kontrol listesi, used in site, drawing, installation or coordination contexts.",electrical systems
server rack connection,"A electrical term meaning server rack kabini bağlantısı, used in site, drawing, installation or coordination contexts.",electrical systems
server rack datasheet,"A electrical term meaning server rack kabini veri sayfası, used in site, drawing, installation or coordination contexts.",electrical systems
server rack detail,"A electrical term meaning server rack kabini detayı, used in site, drawing, installation or coordination contexts.",electrical systems
server rack fault,"A electrical term meaning server rack kabini arızası, used in site, drawing, installation or coordination contexts.",electrical systems
server rack inspection,"A electrical term meaning server rack kabini kontrolü, used in site, drawing, installation or coordination contexts.",electrical systems
server rack interface,"A electrical term meaning server rack kabini arayüzü, used in site, drawing, installation or coordination contexts.",electrical systems
server rack layout,"A electrical term meaning server rack kabini yerleşimi, used in site, drawing, installation or coordination contexts.",electrical systems
server rack maintenance,"A electrical term meaning server rack kabini bakımı, used in site, drawing, installation or coordination contexts.",electrical systems
server rack manual,"A electrical term meaning server rack kabini kılavuzu, used in site, drawing, installation or coordination contexts.",electrical systems
server rack nameplate,"A electrical term meaning server rack kabini etiket plakası, used in site, drawing, installation or coordination contexts.",electrical systems
server rack procedure,"A electrical term meaning server rack kabini prosedürü, used in site, drawing, installation or coordination contexts.",electrical systems
server rack report,"A electrical term meaning server rack kabini raporu, used in site, drawing, installation or coordination contexts.",electrical systems
server rack schedule,"A electrical term meaning server rack kabini programı/cetveli, used in site, drawing, installation or coordination contexts.",electrical systems
server rack status,"A electrical term meaning server rack kabini durumu, used in site, drawing, installation or coordination contexts.",electrical systems
server rack testing,"A electrical term meaning server rack kabini testi, used in site, drawing, installation or coordination contexts.",electrical systems
shielded cable,"A electrical term meaning ekranlı kablosu, used in site, drawing, installation or coordination contexts.",electrical systems
shielded cable route,"A electrical term meaning ekranlı kablo güzergâhı, used in site, drawing, installation or coordination contexts.",electrical systems
single core cable,"A electrical term meaning tek damarlı kablo, used in site, drawing, installation or coordination contexts.",electrical systems
single phase UPS,"A electrical term meaning tek fazlı UPS, used in site, drawing, installation or coordination contexts.",electrical systems
small power panel,"A electrical term meaning küçük güç paneli, used in site, drawing, installation or coordination contexts.",electrical systems
small power switchboard,"A electrical term meaning küçük güç şalt panosu, used in site, drawing, installation or coordination contexts.",electrical systems
socket circuit,"A electrical term meaning priz devre, used in site, drawing, installation or coordination contexts.",electrical systems
socket networks,"A electrical term meaning priz networks, used in site, drawing, installation or coordination contexts.",electrical systems
solar cable,"A electrical term meaning solar kablosu, used in site, drawing, installation or coordination contexts.",electrical systems
solar cable route,"A electrical term meaning solar kablo güzergâhı, used in site, drawing, installation or coordination contexts.",electrical systems
soundproof generator,"A electrical term meaning ses yalıtımlı jeneratör, used in site, drawing, installation or coordination contexts.",electrical systems
soundproof generator panel,"A electrical term meaning ses yalıtımlı jeneratör paneli, used in site, drawing, installation or coordination contexts.",electrical systems
soundproof generator room,"A electrical term meaning ses yalıtımlı jeneratör odası, used in site, drawing, installation or coordination contexts.",electrical systems
standby generator,"A electrical term meaning standby/yedek jeneratör, used in site, drawing, installation or coordination contexts.",electrical systems
standby generator panel,"A electrical term meaning standby/yedek jeneratör paneli, used in site, drawing, installation or coordination contexts.",electrical systems
standby generator room,"A electrical term meaning standby/yedek jeneratör odası, used in site, drawing, installation or coordination contexts.",electrical systems
step down transformer,"A electrical term meaning indirici trafo, used in site, drawing, installation or coordination contexts.",electrical systems
step up transformer,"A electrical term meaning yükseltici trafo, used in site, drawing, installation or coordination contexts.",electrical systems
sub-main cable,"A electrical term meaning ana alt besleme kablosu, used in site, drawing, installation or coordination contexts.",electrical systems
support bracket,"A electrical term meaning destek braketi, used in site, drawing, installation or coordination contexts.",electrical systems
surgeon control panel,"A electrical term meaning cerrah kontrol paneli, used in site, drawing, installation or coordination contexts.",electrical systems
suspension system cable,"A electrical term meaning suspension sistem kablosu, used in site, drawing, installation or coordination contexts.",electrical systems
switchboard alarm,"A electrical term meaning şalt panosu alarmı, used in site, drawing, installation or coordination contexts.",electrical systems
switchboard checklist,"A electrical term meaning şalt panosu kontrol listesi, used in site, drawing, installation or coordination contexts.",electrical systems
switchboard connection,"A electrical term meaning şalt panosu bağlantısı, used in site, drawing, installation or coordination contexts.",electrical systems
switchboard datasheet,"A electrical term meaning şalt panosu veri sayfası, used in site, drawing, installation or coordination contexts.",electrical systems
switchboard detail,"A electrical term meaning şalt panosu detayı, used in site, drawing, installation or coordination contexts.",electrical systems
switchboard fault,"A electrical term meaning şalt panosu arızası, used in site, drawing, installation or coordination contexts.",electrical systems
switchboard inspection,"A electrical term meaning şalt panosu kontrolü, used in site, drawing, installation or coordination contexts.",electrical systems
switchboard interface,"A electrical term meaning şalt panosu arayüzü, used in site, drawing, installation or coordination contexts.",electrical systems
switchboard layout,"A electrical term meaning şalt panosu yerleşimi, used in site, drawing, installation or coordination contexts.",electrical systems
switchboard maintenance,"A electrical term meaning şalt panosu bakımı, used in site, drawing, installation or coordination contexts.",electrical systems
switchboard manual,"A electrical term meaning şalt panosu kılavuzu, used in site, drawing, installation or coordination contexts.",electrical systems
switchboard nameplate,"A electrical term meaning şalt panosu etiket plakası, used in site, drawing, installation or coordination contexts.",electrical systems
switchboard procedure,"A electrical term meaning şalt panosu prosedürü, used in site, drawing, installation or coordination contexts.",electrical systems
switchboard report,"A electrical term meaning şalt panosu raporu, used in site, drawing, installation or coordination contexts.",electrical systems
switchboard schedule,"A electrical term meaning şalt panosu programı/cetveli, used in site, drawing, installation or coordination contexts.",electrical systems
switchboard status,"A electrical term meaning şalt panosu durumu, used in site, drawing, installation or coordination contexts.",electrical systems
switchboard testing,"A electrical term meaning şalt panosu testi, used in site, drawing, installation or coordination contexts.",electrical systems
switchboard to panelboards,"A electrical term meaning ana pano / şalt panosu to panelboards, used in site, drawing, installation or coordination contexts.",electrical systems
switchboard to sockets,"A electrical term meaning ana pano / şalt panosu to sockets, used in site, drawing, installation or coordination contexts.",electrical systems
switchgear alarm,"A electrical term meaning şalt hücresi alarmı, used in site, drawing, installation or coordination contexts.",electrical systems
switchgear checklist,"A electrical term meaning şalt hücresi kontrol listesi, used in site, drawing, installation or coordination contexts.",electrical systems
switchgear connection,"A electrical term meaning şalt hücresi bağlantısı, used in site, drawing, installation or coordination contexts.",electrical systems
switchgear datasheet,"A electrical term meaning şalt hücresi veri sayfası, used in site, drawing, installation or coordination contexts.",electrical systems
switchgear detail,"A electrical term meaning şalt hücresi detayı, used in site, drawing, installation or coordination contexts.",electrical systems
switchgear fault,"A electrical term meaning şalt hücresi arızası, used in site, drawing, installation or coordination contexts.",electrical systems
switchgear inspection,"A electrical term meaning şalt hücresi kontrolü, used in site, drawing, installation or coordination contexts.",electrical systems
switchgear interface,"A electrical term meaning şalt hücresi arayüzü, used in site, drawing, installation or coordination contexts.",electrical systems
switchgear layout,"A electrical term meaning şalt hücresi yerleşimi, used in site, drawing, installation or coordination contexts.",electrical systems
switchgear lineup,"A electrical term meaning şalt hücre dizilimi, used in site, drawing, installation or coordination contexts.",electrical systems
switchgear maintenance,"A electrical term meaning şalt hücresi bakımı, used in site, drawing, installation or coordination contexts.",electrical systems
switchgear manual,"A electrical term meaning şalt hücresi kılavuzu, used in site, drawing, installation or coordination contexts.",electrical systems
switchgear nameplate,"A electrical term meaning şalt hücresi etiket plakası, used in site, drawing, installation or coordination contexts.",electrical systems
switchgear procedure,"A electrical term meaning şalt hücresi prosedürü, used in site, drawing, installation or coordination contexts.",electrical systems
switchgear report,"A electrical term meaning şalt hücresi raporu, used in site, drawing, installation or coordination contexts.",electrical systems
switchgear rooms,"A electrical term meaning şalt ekipmanı / hücre rooms, used in site, drawing, installation or coordination contexts.",electrical systems
switchgear schedule,"A electrical term meaning şalt hücresi programı/cetveli, used in site, drawing, installation or coordination contexts.",electrical systems
switchgear status,"A electrical term meaning şalt hücresi durumu, used in site, drawing, installation or coordination contexts.",electrical systems
switchgear testing,"A electrical term meaning şalt hücresi testi, used in site, drawing, installation or coordination contexts.",electrical systems
synchronization panel,"A electrical term meaning senkronizasyon paneli, used in site, drawing, installation or coordination contexts.",electrical systems
synchronized generator,"A electrical term meaning senkronize jeneratör, used in site, drawing, installation or coordination contexts.",electrical systems
synchronized generator panel,"A electrical term meaning senkronize jeneratör paneli, used in site, drawing, installation or coordination contexts.",electrical systems
synchronized generator room,"A electrical term meaning senkronize jeneratör odası, used in site, drawing, installation or coordination contexts.",electrical systems
tank farm lighting,"A electrical term meaning tank sahası aydınlatması, used in site, drawing, installation or coordination contexts.",electrical systems
temporary cable,"A electrical term meaning geçici kablosu, used in site, drawing, installation or coordination contexts.",electrical systems
temporary cable route,"A electrical term meaning geçici kablo güzergâhı, used in site, drawing, installation or coordination contexts.",electrical systems
three phase UPS,"A electrical term meaning üç fazlı UPS, used in site, drawing, installation or coordination contexts.",electrical systems
three-phase sockets,"A electrical term meaning üç fazlı prizler, used in site, drawing, installation or coordination contexts.",electrical systems
transfer circuit breaker,"A electrical term meaning aktarma / transfer devre kesicisi/şalteri, used in site, drawing, installation or coordination contexts.",electrical systems
transformer alarm,"A electrical term meaning trafo alarmı, used in site, drawing, installation or coordination contexts.",electrical systems
transformer bay,"A electrical term meaning trafo hücresi, used in site, drawing, installation or coordination contexts.",electrical systems
transformer board,"A electrical term meaning trafo panosu, used in site, drawing, installation or coordination contexts.",electrical systems
transformer checklist,"A electrical term meaning trafo kontrol listesi, used in site, drawing, installation or coordination contexts.",electrical systems
transformer connection,"A electrical term meaning trafo bağlantısı, used in site, drawing, installation or coordination contexts.",electrical systems
transformer datasheet,"A electrical term meaning trafo veri sayfası, used in site, drawing, installation or coordination contexts.",electrical systems
transformer detail,"A electrical term meaning trafo detayı, used in site, drawing, installation or coordination contexts.",electrical systems
transformer fault,"A electrical term meaning trafo arızası, used in site, drawing, installation or coordination contexts.",electrical systems
transformer generator,"A electrical term meaning trafo jeneratör, used in site, drawing, installation or coordination contexts.",electrical systems
transformer inspection,"A electrical term meaning trafo kontrolü, used in site, drawing, installation or coordination contexts.",electrical systems
transformer interface,"A electrical term meaning trafo arayüzü, used in site, drawing, installation or coordination contexts.",electrical systems
transformer layout,"A electrical term meaning trafo yerleşimi, used in site, drawing, installation or coordination contexts.",electrical systems
transformer main distribution,"A electrical term meaning trafo ana dağıtım, used in site, drawing, installation or coordination contexts.",electrical systems
transformer maintenance,"A electrical term meaning trafo bakımı, used in site, drawing, installation or coordination contexts.",electrical systems
transformer manual,"A electrical term meaning trafo kılavuzu, used in site, drawing, installation or coordination contexts.",electrical systems
transformer nameplate,"A electrical term meaning trafo etiket plakası, used in site, drawing, installation or coordination contexts.",electrical systems
transformer panel,"A electrical term meaning trafo paneli, used in site, drawing, installation or coordination contexts.",electrical systems
transformer procedure,"A electrical term meaning trafo prosedürü, used in site, drawing, installation or coordination contexts.",electrical systems
transformer report,"A electrical term meaning trafo raporu, used in site, drawing, installation or coordination contexts.",electrical systems
transformer schedule,"A electrical term meaning trafo programı/cetveli, used in site, drawing, installation or coordination contexts.",electrical systems
transformer status,"A electrical term meaning trafo durumu, used in site, drawing, installation or coordination contexts.",electrical systems
transformer switchboard,"A electrical term meaning trafo ana pano / şalt panosu, used in site, drawing, installation or coordination contexts.",electrical systems
transformer testing,"A electrical term meaning trafo testi, used in site, drawing, installation or coordination contexts.",electrical systems
twisted pair cable,"A electrical term meaning bükümlü çift kablosu, used in site, drawing, installation or coordination contexts.",electrical systems
type pfc relays,"A electrical term meaning tip / tür pfc relays, used in site, drawing, installation or coordination contexts.",electrical systems
underfloor cable ladder,"A electrical term meaning döşeme altı kablo merdiveni, used in site, drawing, installation or coordination contexts.",electrical systems
underfloor cable tray,"A electrical term meaning döşeme altı kablo tavası, used in site, drawing, installation or coordination contexts.",electrical systems
underfloor cable trunking,"A electrical term meaning döşeme altı kablo kanalı, used in site, drawing, installation or coordination contexts.",electrical systems
undervoltage,"A electrical term meaning düşük gerilim, used in site, drawing, installation or coordination contexts.",electrical systems
undervoltage alarm,"A electrical term meaning düşük gerilim alarmı, used in site, drawing, installation or coordination contexts.",electrical systems
undervoltage protection,"A electrical term meaning düşük gerilim koruması, used in site, drawing, installation or coordination contexts.",electrical systems
UPS alarm,"A electrical term meaning UPS alarmı, used in site, drawing, installation or coordination contexts.",electrical systems
UPS battery room,"A electrical term meaning UPS akü odası, used in site, drawing, installation or coordination contexts.",electrical systems
UPS checklist,"A electrical term meaning UPS kontrol listesi, used in site, drawing, installation or coordination contexts.",electrical systems
UPS connection,"A electrical term meaning UPS bağlantısı, used in site, drawing, installation or coordination contexts.",electrical systems
UPS datasheet,"A electrical term meaning UPS veri sayfası, used in site, drawing, installation or coordination contexts.",electrical systems
UPS detail,"A electrical term meaning UPS detayı, used in site, drawing, installation or coordination contexts.",electrical systems
UPS distribution panel,"A electrical term meaning UPS dağıtım paneli, used in site, drawing, installation or coordination contexts.",electrical systems
UPS distribution switchboard,"A electrical term meaning UPS dağıtım şalt panosu, used in site, drawing, installation or coordination contexts.",electrical systems
UPS fault,"A electrical term meaning UPS arızası, used in site, drawing, installation or coordination contexts.",electrical systems
UPS inspection,"A electrical term meaning UPS kontrolü, used in site, drawing, installation or coordination contexts.",electrical systems
UPS interface,"A electrical term meaning UPS arayüzü, used in site, drawing, installation or coordination contexts.",electrical systems
UPS layout,"A electrical term meaning UPS yerleşimi, used in site, drawing, installation or coordination contexts.",electrical systems
UPS maintenance,"A electrical term meaning UPS bakımı, used in site, drawing, installation or coordination contexts.",electrical systems
UPS manual,"A electrical term meaning UPS kılavuzu, used in site, drawing, installation or coordination contexts.",electrical systems
UPS module,"A electrical term meaning ups modülü, used in site, drawing, installation or coordination contexts.",electrical systems
UPS nameplate,"A electrical term meaning UPS etiket plakası, used in site, drawing, installation or coordination contexts.",electrical systems
UPS power,"A electrical term meaning UPS güç, used in site, drawing, installation or coordination contexts.",electrical systems
UPS procedure,"A electrical term meaning UPS prosedürü, used in site, drawing, installation or coordination contexts.",electrical systems
UPS report,"A electrical term meaning UPS raporu, used in site, drawing, installation or coordination contexts.",electrical systems
UPS schedule,"A electrical term meaning UPS programı/cetveli, used in site, drawing, installation or coordination contexts.",electrical systems
UPS status,"A electrical term meaning UPS durumu, used in site, drawing, installation or coordination contexts.",electrical systems
UPS testing,"A electrical term meaning UPS testi, used in site, drawing, installation or coordination contexts.",electrical systems
vertical cable ladder,"A electrical term meaning dikey kablo merdiveni, used in site, drawing, installation or coordination contexts.",electrical systems
vertical cable tray,"A electrical term meaning dikey kablo tavası, used in site, drawing, installation or coordination contexts.",electrical systems
vertical cable trunking,"A electrical term meaning dikey kablo kanalı, used in site, drawing, installation or coordination contexts.",electrical systems
voltage current,"A electrical term meaning gerilim akım, used in site, drawing, installation or coordination contexts.",electrical systems
voltage dip,"A electrical term meaning gerilim çukuru, used in site, drawing, installation or coordination contexts.",electrical systems
voltage dip alarm,"A electrical term meaning gerilim çukuru alarmı, used in site, drawing, installation or coordination contexts.",electrical systems
voltage dip protection,"A electrical term meaning gerilim çukuru koruması, used in site, drawing, installation or coordination contexts.",electrical systems
voltage drop calculations,"A electrical term meaning gerilim düşüm / düşmek calculations, used in site, drawing, installation or coordination contexts.",electrical systems
voltage power,"A electrical term meaning gerilim güç, used in site, drawing, installation or coordination contexts.",electrical systems
voltage sag,"A electrical term meaning gerilim çukuru, used in site, drawing, installation or coordination contexts.",electrical systems
voltage sag alarm,"A electrical term meaning gerilim çukuru alarmı, used in site, drawing, installation or coordination contexts.",electrical systems
voltage sag protection,"A electrical term meaning gerilim çukuru koruması, used in site, drawing, installation or coordination contexts.",electrical systems
voltage swell,"A electrical term meaning gerilim yükselmesi, used in site, drawing, installation or coordination contexts.",electrical systems
voltage swell alarm,"A electrical term meaning gerilim yükselmesi alarmı, used in site, drawing, installation or coordination contexts.",electrical systems
voltage swell protection,"A electrical term meaning gerilim yükselmesi koruması, used in site, drawing, installation or coordination contexts.",electrical systems
apparatus,"A electrical term meaning cihaz / aparat, used in site, drawing, installation or coordination contexts.",equipment
casing,"A electrical term meaning muhafaza / dış gövde, used in site, drawing, installation or coordination contexts.",equipment
nameplate,"A electrical term meaning etiket plakası, used in site, drawing, installation or coordination contexts.",equipment
ik,"A electrical term meaning IK / darbe dayanım sınıfı, used in site, drawing, installation or coordination contexts.",equipment protection
addressable,"An adjective meaning “adreslenebilir”, used to describe a condition, issue, status or requirement.",fire alarm & ELV
alarmed,"A electrical term meaning alarmlı, used in site, drawing, installation or coordination contexts.",fire alarm & ELV
beacon,"A electrical term meaning flaşör / ışıklı uyarıcı, used in site, drawing, installation or coordination contexts.",fire alarm & ELV
breakglass,"A electrical term meaning cam kırma butonu, used in site, drawing, installation or coordination contexts.",fire alarm & ELV
callpoint,"A electrical term meaning yangın ihbar butonu, used in site, drawing, installation or coordination contexts.",fire alarm & ELV
repeater,"A electrical term meaning tekrarlayıcı panel, used in site, drawing, installation or coordination contexts.",fire alarm & ELV
sounder,"A electrical term meaning siren / sesli uyarıcı, used in site, drawing, installation or coordination contexts.",fire alarm & ELV
strobe,"A electrical term meaning flaşör, used in site, drawing, installation or coordination contexts.",fire alarm & ELV
electrically,"An adverb meaning “elektriksel olarak”, used to describe how or when an action is done.",general electrical
ceiling-mounted,"A electrical term meaning tavana montajlı, used in site, drawing, installation or coordination contexts.",installation
crimping,"A electrical term meaning krimpleme / sıkma, used in site, drawing, installation or coordination contexts.",installation
embedded,"A electrical term meaning gömülü, used in site, drawing, installation or coordination contexts.",installation
enclosed,"A electrical term meaning kapalı / muhafazalı, used in site, drawing, installation or coordination contexts.",installation
flush-mounted,"A electrical term meaning sıva altı montajlı, used in site, drawing, installation or coordination contexts.",installation
jointing,"A electrical term meaning ek yapma, used in site, drawing, installation or coordination contexts.",installation
sleeve,"A electrical term meaning kılıf / boru geçiş manşonu, used in site, drawing, installation or coordination contexts.",installation
splicing,"A electrical term meaning ekleme / fiber-kablo ekleme, used in site, drawing, installation or coordination contexts.",installation
watertight,"A electrical term meaning su geçirmez, used in site, drawing, installation or coordination contexts.",installation
weatherproof,"A electrical term meaning hava koşullarına dayanıklı, used in site, drawing, installation or coordination contexts.",installation
insulate,"A electrical term meaning yalıtmak / izole etmek, used in site, drawing, installation or coordination contexts.",insulation
insulated,"A electrical term meaning yalıtımlı / izole edilmiş, used in site, drawing, installation or coordination contexts.",insulation
insulating,"A electrical term meaning yalıtma / izole etme, used in site, drawing, installation or coordination contexts.",insulation
insulation,"A electrical term meaning yalıtım / izolasyon, used in site, drawing, installation or coordination contexts.",insulation
ballast,"A electrical term meaning balast, used in site, drawing, installation or coordination contexts.",lighting
cct,"A electrical term meaning CCT / ilişkili renk sıcaklığı, used in site, drawing, installation or coordination contexts.",lighting
cri,"A electrical term meaning CRI / renksel geriverim indeksi, used in site, drawing, installation or coordination contexts.",lighting
downlight,"A electrical term meaning downlight / gömme armatür, used in site, drawing, installation or coordination contexts.",lighting
glare,"A electrical term meaning parlama, used in site, drawing, installation or coordination contexts.",lighting
illuminance,"A electrical term meaning aydınlık düzeyi, used in site, drawing, installation or coordination contexts.",lighting
illumination,"A electrical term meaning aydınlatma seviyesi, used in site, drawing, installation or coordination contexts.",lighting
luminaire,"A electrical term meaning armatür, used in site, drawing, installation or coordination contexts.",lighting
luminous,"An adjective meaning “ışıklı / aydınlık”, used to describe a condition, issue, status or requirement.",lighting
DALI,DALI is an acronym used in electrical communication.,lighting controls
dimming,"A electrical term meaning dimleme / ışık kısma, used in site, drawing, installation or coordination contexts.",lighting controls
photocell,"A electrical term meaning fotosel, used in site, drawing, installation or coordination contexts.",lighting controls
diversity,"A electrical term meaning çeşitlilik / eşzamanlılık faktörü, used in site, drawing, installation or coordination contexts.",load calculations
amplify,"A electrical term meaning yükseltmek / güçlendirmek, used in site, drawing, installation or coordination contexts.",low current
interference,"A electrical term meaning girişim / parazit, used in site, drawing, installation or coordination contexts.",low current
low-current,"An adjective meaning “zayıf akım”, used to describe a condition, issue, status or requirement.",low current
conductive,"An adjective meaning “iletken”, used to describe a condition, issue, status or requirement.",materials
CT,CT is an acronym used in electrical communication.,metering
PT,PT is an acronym used in electrical communication.,metering
VT,VT is an acronym used in electrical communication.,metering
delta,"A electrical term meaning delta bağlantı, used in site, drawing, installation or coordination contexts.",motor control
MCC,MCC is an acronym used in electrical communication.,motor control
starter,"A electrical term meaning yolverici / starter, used in site, drawing, installation or coordination contexts.",motor control
VFD,VFD is an acronym used in electrical communication.,motor control
bandwidth,"A electrical term meaning bant genişliği, used in site, drawing, installation or coordination contexts.",network
gas detector alarm,"A electrical term meaning gaz dedektörü alarmı, used in site, drawing, installation or coordination contexts.",oil & gas construction
gas detector connection,"A electrical term meaning gaz dedektörü bağlantısı, used in site, drawing, installation or coordination contexts.",oil & gas construction
gas detector datasheet,"A electrical term meaning gaz dedektörü veri sayfası, used in site, drawing, installation or coordination contexts.",oil & gas construction
gas detector detail,"A electrical term meaning gaz dedektörü detayı, used in site, drawing, installation or coordination contexts.",oil & gas construction
gas detector fault,"A electrical term meaning gaz dedektörü arızası, used in site, drawing, installation or coordination contexts.",oil & gas construction
gas detector interface,"A electrical term meaning gaz dedektörü arayüzü, used in site, drawing, installation or coordination contexts.",oil & gas construction
gas detector manual,"A electrical term meaning gaz dedektörü kılavuzu, used in site, drawing, installation or coordination contexts.",oil & gas construction
gas detector nameplate,"A electrical term meaning gaz dedektörü etiket plakası, used in site, drawing, installation or coordination contexts.",oil & gas construction
gas detector status,"A electrical term meaning gaz dedektörü durumu, used in site, drawing, installation or coordination contexts.",oil & gas construction
instrument junction box,"A electrical term meaning enstrüman buatı, used in site, drawing, installation or coordination contexts.",oil & gas construction
intrinsically safe circuit,"A electrical term meaning kendinden emniyetli devre, used in site, drawing, installation or coordination contexts.",oil & gas construction
local control station,"A electrical term meaning lokal kontrol istasyonu, used in site, drawing, installation or coordination contexts.",oil & gas construction
pressure transmitter alarm,"A electrical term meaning basınç transmitteri alarmı, used in site, drawing, installation or coordination contexts.",oil & gas construction
pressure transmitter connection,"A electrical term meaning basınç transmitteri bağlantısı, used in site, drawing, installation or coordination contexts.",oil & gas construction
pressure transmitter datasheet,"A electrical term meaning basınç transmitteri veri sayfası, used in site, drawing, installation or coordination contexts.",oil & gas construction
pressure transmitter detail,"A electrical term meaning basınç transmitteri detayı, used in site, drawing, installation or coordination contexts.",oil & gas construction
pressure transmitter fault,"A electrical term meaning basınç transmitteri arızası, used in site, drawing, installation or coordination contexts.",oil & gas construction
pressure transmitter interface,"A electrical term meaning basınç transmitteri arayüzü, used in site, drawing, installation or coordination contexts.",oil & gas construction
pressure transmitter manual,"A electrical term meaning basınç transmitteri kılavuzu, used in site, drawing, installation or coordination contexts.",oil & gas construction
pressure transmitter nameplate,"A electrical term meaning basınç transmitteri etiket plakası, used in site, drawing, installation or coordination contexts.",oil & gas construction
pressure transmitter status,"A electrical term meaning basınç transmitteri durumu, used in site, drawing, installation or coordination contexts.",oil & gas construction
switching,"A electrical term meaning anahtarlama, used in site, drawing, installation or coordination contexts.",operation
access control board,"A electrical term meaning geçiş kontrol panosu, used in site, drawing, installation or coordination contexts.",panelboards
capacitor bank board,"A electrical term meaning kompanzasyon panosu, used in site, drawing, installation or coordination contexts.",panelboards
control board,"A electrical term meaning kontrol panosu, used in site, drawing, installation or coordination contexts.",panelboards
isolation board,"A electrical term meaning izolasyon panosu, used in site, drawing, installation or coordination contexts.",panelboards
local control board,"A electrical term meaning lokal kontrol panosu, used in site, drawing, installation or coordination contexts.",panelboards
marshalling board,"A electrical term meaning marshalling panosu, used in site, drawing, installation or coordination contexts.",panelboards
mechanical board,"A electrical term meaning mekanik panosu, used in site, drawing, installation or coordination contexts.",panelboards
metering board,"A electrical term meaning ölçümleme panosu, used in site, drawing, installation or coordination contexts.",panelboards
motor control board,"A electrical term meaning motor kontrol panosu, used in site, drawing, installation or coordination contexts.",panelboards
nurse call board,"A electrical term meaning hemşire çağrı panosu, used in site, drawing, installation or coordination contexts.",panelboards
panelboard,"A electrical term meaning pano / dağıtım panosu, used in site, drawing, installation or coordination contexts.",panelboards
partitioning,"A electrical term meaning bölmelendirme, used in site, drawing, installation or coordination contexts.",panelboards
public address board,"A electrical term meaning genel anons panosu, used in site, drawing, installation or coordination contexts.",panelboards
remote control board,"A electrical term meaning uzaktan kontrol panosu, used in site, drawing, installation or coordination contexts.",panelboards
security board,"A electrical term meaning güvenlik panosu, used in site, drawing, installation or coordination contexts.",panelboards
small power board,"A electrical term meaning küçük güç panosu, used in site, drawing, installation or coordination contexts.",panelboards
switchboard,"A electrical term meaning ana pano / şalt panosu, used in site, drawing, installation or coordination contexts.",panelboards
synchronization board,"A electrical term meaning senkronizasyon panosu, used in site, drawing, installation or coordination contexts.",panelboards
impedance,"A electrical term meaning empedans, used in site, drawing, installation or coordination contexts.",parameters
kilovoltampere,"A electrical term meaning kilovoltamper, used in site, drawing, installation or coordination contexts.",parameters
kvar,"A electrical term meaning kVAr / reaktif güç birimi, used in site, drawing, installation or coordination contexts.",parameters
rated,"A electrical term meaning anma değerli, used in site, drawing, installation or coordination contexts.",parameters
rms,"A electrical term meaning RMS / etkin değer, used in site, drawing, installation or coordination contexts.",parameters
busbar,"A electrical term meaning bara, used in site, drawing, installation or coordination contexts.",power distribution
busduct,"A electrical term meaning bara kanalı / busbar kanal, used in site, drawing, installation or coordination contexts.",power distribution
dedicated,"A electrical term meaning özel ayrılmış, used in site, drawing, installation or coordination contexts.",power distribution
downstream,"A electrical term meaning aşağı akış / sonraki besleme noktası, used in site, drawing, installation or coordination contexts.",power distribution
feeder,"A electrical term meaning besleme hattı / fider, used in site, drawing, installation or coordination contexts.",power distribution
HV,HV is an acronym used in electrical communication.,power distribution
overhead,"A electrical term meaning baş üstü / havai, used in site, drawing, installation or coordination contexts.",power distribution
receptacle,"A electrical term meaning priz / alıcı yuva, used in site, drawing, installation or coordination contexts.",power distribution
submain,"A electrical term meaning ana alt besleme, used in site, drawing, installation or coordination contexts.",power distribution
transmission,"A electrical term meaning iletim, used in site, drawing, installation or coordination contexts.",power distribution
upstream,"A electrical term meaning yukarı akış / önceki besleme noktası, used in site, drawing, installation or coordination contexts.",power distribution
capacitor,"A electrical term meaning kondansatör, used in site, drawing, installation or coordination contexts.",power factor correction
compensate,"A electrical term meaning telafi etmek / kompanze etmek, used in site, drawing, installation or coordination contexts.",power quality
flicker,"A electrical term meaning ışık titremesi, used in site, drawing, installation or coordination contexts.",power quality
harmonic,"An adjective meaning “harmonik”, used to describe a condition, issue, status or requirement.",power quality
reactive,"An adjective meaning “reaktif”, used to describe a condition, issue, status or requirement.",power quality
sag,"A electrical term meaning gerilim çukuru / sarkma, used in site, drawing, installation or coordination contexts.",power quality
swell,"A electrical term meaning gerilim yükselmesi, used in site, drawing, installation or coordination contexts.",power quality
unbalanced,"A electrical term meaning dengesiz, used in site, drawing, installation or coordination contexts.",power quality
waveform,"A electrical term meaning dalga şekli, used in site, drawing, installation or coordination contexts.",power quality
alternate,"A electrical term meaning alternatif / dönüşümlü, used in site, drawing, installation or coordination contexts.",power supply
ATS,ATS is an acronym used in electrical communication.,power supply
switchover,"A electrical term meaning kaynak aktarımı / transfer, used in site, drawing, installation or coordination contexts.",power supply
utility,"A electrical term meaning şebeke hizmeti / altyapı kuruluşu, used in site, drawing, installation or coordination contexts.",power supply
alternator,"A electrical term meaning alternatör, used in site, drawing, installation or coordination contexts.",power systems
changeover,"A electrical term meaning transfer / değişim, used in site, drawing, installation or coordination contexts.",power systems
phase-neutral,"An adjective meaning “faz-nötr”, used to describe a condition, issue, status or requirement.",power systems
phase-to-phase,"A electrical term meaning faz-faz, used in site, drawing, installation or coordination contexts.",power systems
phasing,"A electrical term meaning fazlama / aşamalandırma, used in site, drawing, installation or coordination contexts.",power systems
ACB,ACB is an acronym used in electrical communication.,protection
arc fault,"A electrical term meaning ark arızası, used in site, drawing, installation or coordination contexts.",protection
arc fault protection,"A electrical term meaning ark arızası koruması, used in site, drawing, installation or coordination contexts.",protection
arc flash,"A electrical term meaning ark flaşı, used in site, drawing, installation or coordination contexts.",protection
arc flash protection,"A electrical term meaning ark flaşı koruması, used in site, drawing, installation or coordination contexts.",protection
arrester,"A electrical term meaning parafudr / tutucu, used in site, drawing, installation or coordination contexts.",protection
differential protection,"A electrical term meaning diferansiyel koruma, used in site, drawing, installation or coordination contexts.",protection
differential protection protection,"A electrical term meaning diferansiyel koruma koruması, used in site, drawing, installation or coordination contexts.",protection
earth fault protection,"A electrical term meaning toprak arızası koruması, used in site, drawing, installation or coordination contexts.",protection
ELCB,ELCB is an acronym used in electrical communication.,protection
ground fault protection,"A electrical term meaning toprak arızası koruması, used in site, drawing, installation or coordination contexts.",protection
harmonic distortion,"A electrical term meaning harmonik bozulma, used in site, drawing, installation or coordination contexts.",protection
harmonic distortion protection,"A electrical term meaning harmonik bozulma koruması, used in site, drawing, installation or coordination contexts.",protection
lightning protection protection,"A electrical term meaning yıldırım koruma koruması, used in site, drawing, installation or coordination contexts.",protection
load imbalance,"A electrical term meaning yük dengesizliği, used in site, drawing, installation or coordination contexts.",protection
load imbalance protection,"A electrical term meaning yük dengesizliği koruması, used in site, drawing, installation or coordination contexts.",protection
mains failure,"A electrical term meaning şebeke arızası, used in site, drawing, installation or coordination contexts.",protection
mains failure protection,"A electrical term meaning şebeke arızası koruması, used in site, drawing, installation or coordination contexts.",protection
MCCB,MCCB is an acronym used in electrical communication.,protection
molded,"A electrical term meaning kalıplanmış, used in site, drawing, installation or coordination contexts.",protection
moulded,"A electrical term meaning kalıplanmış, used in site, drawing, installation or coordination contexts.",protection
neutral displacement,"A electrical term meaning nötr kayması, used in site, drawing, installation or coordination contexts.",protection
neutral displacement protection,"A electrical term meaning nötr kayması koruması, used in site, drawing, installation or coordination contexts.",protection
open circuit,"A electrical term meaning açık devre, used in site, drawing, installation or coordination contexts.",protection
open circuit protection,"A electrical term meaning açık devre koruması, used in site, drawing, installation or coordination contexts.",protection
overcurrent,"An adjective meaning “aşırı akım”, used to describe a condition, issue, status or requirement.",protection
phase fault,"A electrical term meaning faz arızası, used in site, drawing, installation or coordination contexts.",protection
phase fault protection,"A electrical term meaning faz arızası koruması, used in site, drawing, installation or coordination contexts.",protection
phase imbalance,"A electrical term meaning faz dengesizliği, used in site, drawing, installation or coordination contexts.",protection
phase imbalance protection,"A electrical term meaning faz dengesizliği koruması, used in site, drawing, installation or coordination contexts.",protection
phase loss,"A electrical term meaning faz kaybı, used in site, drawing, installation or coordination contexts.",protection
phase loss protection,"A electrical term meaning faz kaybı koruması, used in site, drawing, installation or coordination contexts.",protection
phase reversal,"A electrical term meaning faz tersliği, used in site, drawing, installation or coordination contexts.",protection
phase reversal protection,"A electrical term meaning faz tersliği koruması, used in site, drawing, installation or coordination contexts.",protection
phase rotation protection,"A electrical term meaning faz yönü koruması, used in site, drawing, installation or coordination contexts.",protection
phase sequence protection,"A electrical term meaning faz sırası koruması, used in site, drawing, installation or coordination contexts.",protection
RCD,RCD is an acronym used in electrical communication.,protection
residual,"An adjective meaning “kaçak / artık”, used to describe a condition, issue, status or requirement.",protection
reverse power,"A electrical term meaning ters güç, used in site, drawing, installation or coordination contexts.",protection
reverse power protection,"A electrical term meaning ters güç koruması, used in site, drawing, installation or coordination contexts.",protection
short circuit protection,"A electrical term meaning kısa devre koruması, used in site, drawing, installation or coordination contexts.",protection
short-circuit,"A electrical term meaning kısa devre, used in site, drawing, installation or coordination contexts.",protection
spd,"A electrical term meaning SPD / aşırı gerilim koruma cihazı, used in site, drawing, installation or coordination contexts.",protection
surge,"A electrical term meaning ani gerilim yükselmesi, used in site, drawing, installation or coordination contexts.",protection
surge protection protection,"A electrical term meaning aşırı gerilim koruma koruması, used in site, drawing, installation or coordination contexts.",protection
thermal,"An adjective meaning “termal / ısıl”, used to describe a condition, issue, status or requirement.",protection
thermal overload,"A electrical term meaning termik aşırı yük, used in site, drawing, installation or coordination contexts.",protection
thermal overload protection,"A electrical term meaning termik aşırı yük koruması, used in site, drawing, installation or coordination contexts.",protection
redundant,"An adjective meaning “yedekli”, used to describe a condition, issue, status or requirement.",reliability
reliability,"A electrical term meaning güvenilirlik, used in site, drawing, installation or coordination contexts.",reliability
proximity-card,"A electrical term meaning yakınlık kartı, used in site, drawing, installation or coordination contexts.",security
intrusion,"A electrical term meaning izinsiz giriş, used in site, drawing, installation or coordination contexts.",security systems
RFID,RFID is an acronym used in electrical communication.,security systems
surveillance,"A electrical term meaning gözetim / izleme, used in site, drawing, installation or coordination contexts.",security systems
backbone,"A electrical term meaning omurga, used in site, drawing, installation or coordination contexts.",structured cabling
coaxial,"An adjective meaning “koaksiyel”, used to describe a condition, issue, status or requirement.",structured cabling
bay,"A electrical term meaning hücre / bölüm, used in site, drawing, installation or coordination contexts.",substation
disconnecting switch,"A electrical term meaning ayırıcı, used in site, drawing, installation or coordination contexts.",substation
fault level,"A electrical term meaning arıza seviyesi, used in site, drawing, installation or coordination contexts.",substation
feeder bay,"A electrical term meaning fider hücresi, used in site, drawing, installation or coordination contexts.",substation
impedance earthed neutral,"A electrical term meaning empedans üzerinden topraklı nötr, used in site, drawing, installation or coordination contexts.",substation
interlocking scheme,"A electrical term meaning kilitleme şeması, used in site, drawing, installation or coordination contexts.",substation
metering bay,"A electrical term meaning ölçü hücresi, used in site, drawing, installation or coordination contexts.",substation
mimic diagram,"A electrical term meaning mimik diyagram, used in site, drawing, installation or coordination contexts.",substation
short circuit level,"A electrical term meaning kısa devre seviyesi, used in site, drawing, installation or coordination contexts.",substation
substation,"A electrical term meaning trafo merkezi / şalt tesisi, used in site, drawing, installation or coordination contexts.",substation
withdrawable unit,"A electrical term meaning çekmeceli ünite, used in site, drawing, installation or coordination contexts.",substation
disconnector,"A electrical term meaning ayırıcı, used in site, drawing, installation or coordination contexts.",switchgear
switchgear,"A electrical term meaning şalt ekipmanı / hücre, used in site, drawing, installation or coordination contexts.",switchgear
standalone,"A electrical term meaning bağımsız çalışan, used in site, drawing, installation or coordination contexts.",systems
integrate,"A electrical term meaning entegre etmek, used in site, drawing, installation or coordination contexts.",systems integration
integrated,"A electrical term meaning entegre edilmiş, used in site, drawing, installation or coordination contexts.",systems integration
integrating,"A electrical term meaning entegre etme, used in site, drawing, installation or coordination contexts.",systems integration
integration,"A electrical term meaning entegrasyon, used in site, drawing, installation or coordination contexts.",systems integration
crimp,"A electrical term meaning krimplemek / sıkma bağlantı, used in site, drawing, installation or coordination contexts.",termination
ferrule,"A electrical term meaning kablo yüksüğü / ferrül, used in site, drawing, installation or coordination contexts.",termination
gland,"A electrical term meaning rakor / kablo rakoru, used in site, drawing, installation or coordination contexts.",termination
lug,"A electrical term meaning kablo pabucu, used in site, drawing, installation or coordination contexts.",termination
terminate,"A electrical term meaning uçlandırmak / sonlandırmak, used in site, drawing, installation or coordination contexts.",termination
terminated,"A electrical term meaning uçlandırılmış, used in site, drawing, installation or coordination contexts.",termination
terminating,"A electrical term meaning uçlandırma / sonlandırma, used in site, drawing, installation or coordination contexts.",termination
termination,"A electrical term meaning uçlandırma / sonlandırma, used in site, drawing, installation or coordination contexts.",termination
clampmeter,"A electrical term meaning pens ampermetre, used in site, drawing, installation or coordination contexts.",testing
continuity,"A electrical term meaning süreklilik, used in site, drawing, installation or coordination contexts.",testing
hotspot,"A electrical term meaning sıcak nokta, used in site, drawing, installation or coordination contexts.",testing
infrared,"A electrical term meaning kızılötesi, used in site, drawing, installation or coordination contexts.",testing
megohm,"A electrical term meaning megaohm, used in site, drawing, installation or coordination contexts.",testing
oscilloscope,"A electrical term meaning osiloskop, used in site, drawing, installation or coordination contexts.",testing
polarity,"A electrical term meaning polarite / kutupluluk, used in site, drawing, installation or coordination contexts.",testing
crimper,"A electrical term meaning krimp pensesi, used in site, drawing, installation or coordination contexts.",tools
fish-tape,"A electrical term meaning kablo çekme yayı, used in site, drawing, installation or coordination contexts.",tools
dry-type,"A electrical term meaning kuru tip, used in site, drawing, installation or coordination contexts.",transformers
headend,"A electrical term meaning merkez ekipmanı / head-end, used in site, drawing, installation or coordination contexts.",ELV systems
topology,"A electrical term meaning topoloji, used in site, drawing, installation or coordination contexts.",IT & networks
autonomy,"A electrical term meaning yedekleme süresi / otonomi, used in site, drawing, installation or coordination contexts.",UPS & batteries
uninterruptible,"An adjective meaning “kesintisiz”, used to describe a condition, issue, status or requirement.",UPS & batteries
modbus,"A electrical term meaning Modbus / haberleşme protokolü, used in site, drawing, installation or coordination contexts.",automation
bacnet,"A electrical term meaning BACnet / bina otomasyon haberleşme protokolü, used in site, drawing, installation or coordination contexts.",building automation
knx,"A electrical term meaning KNX / bina otomasyon protokolü, used in site, drawing, installation or coordination contexts.",building automation
ampacity,"A electrical term meaning akım taşıma kapasitesi, used in site, drawing, installation or coordination contexts.",cables
concentric,"An adjective meaning “konsantrik”, used to describe a condition, issue, status or requirement.",cables
derating,"A electrical term meaning kapasite düşürme / derating, used in site, drawing, installation or coordination contexts.",cables
GSM,GSM is an acronym used in electrical communication.,communication / ELV
IT,IT is an acronym used in electrical communication.,communication / ELV
telecommunication,"A electrical term meaning telekomünikasyon, used in site, drawing, installation or coordination contexts.",communication / ELV
Wi-Fi,"A electrical term meaning Wi-Fi / kablosuz ağ, used in site, drawing, installation or coordination contexts.",communication / ELV
amplification,"A electrical term meaning yükseltme, used in site, drawing, installation or coordination contexts.",communication systems
equalizer,"A electrical term meaning eşitleyici, used in site, drawing, installation or coordination contexts.",components
lamination,"A electrical term meaning laminasyon / sac paket, used in site, drawing, installation or coordination contexts.",components
rectifier,"A electrical term meaning redresör / doğrultucu, used in site, drawing, installation or coordination contexts.",components
bypassable,"An adjective meaning “baypas edilebilir”, used to describe a condition, issue, status or requirement.",control
hardwired,"A electrical term meaning kablolu bağlı, used in site, drawing, installation or coordination contexts.",control
decentralized,"A electrical term meaning dağıtık / merkezi olmayan, used in site, drawing, installation or coordination contexts.",controls
cathodic,"An adjective meaning “katodik”, used to describe a condition, issue, status or requirement.",corrosion protection
fault tolerance,"A electrical term meaning arıza toleransı, used in site, drawing, installation or coordination contexts.",data center
RPP,RPP is an acronym used in electrical communication.,data center
earthing-ready,"A electrical term meaning topraklamaya hazır, used in site, drawing, installation or coordination contexts.",earthing
equipotential,"An adjective meaning “eşpotansiyel”, used to describe a condition, issue, status or requirement.",earthing & bonding
exothermic,"An adjective meaning “ekzotermik”, used to describe a condition, issue, status or requirement.",earthing & bonding
solidly,"An adverb meaning “sağlam şekilde / doğrudan”, used to describe how or when an action is done.",earthing & bonding
busway,"A electrical term meaning bara kanalı, used in site, drawing, installation or coordination contexts.",electrical components
cabling,"A electrical term meaning kablolama, used in site, drawing, installation or coordination contexts.",electrical components
cord,"A electrical term meaning kordon / kablo, used in site, drawing, installation or coordination contexts.",electrical components
governor,"A electrical term meaning hız regülatörü, used in site, drawing, installation or coordination contexts.",electrical components
ICU,ICU is an acronym used in electrical communication.,electrical components
instrument,"An adjective meaning “enstrüman / ölçü cihazı”, used to describe a condition, issue, status or requirement.",electrical components
intercom,"A electrical term meaning interkom, used in site, drawing, installation or coordination contexts.",electrical components
jockey,"A electrical term meaning jokey pompa, used in site, drawing, installation or coordination contexts.",electrical components
microprocessor,"A electrical term meaning mikroişlemci, used in site, drawing, installation or coordination contexts.",electrical components
mimic,"An adjective meaning “mimik pano / taklit diyagram”, used to describe a condition, issue, status or requirement.",electrical components
override,"A electrical term meaning manuel geçersiz kılma / override, used in site, drawing, installation or coordination contexts.",electrical components
pair,"A electrical term meaning çift, used in site, drawing, installation or coordination contexts.",electrical components
regulator,"A electrical term meaning regülatör / hız sınırlayıcı, used in site, drawing, installation or coordination contexts.",electrical components
screened,"A electrical term meaning ekranlı, used in site, drawing, installation or coordination contexts.",electrical components
shielded,"A electrical term meaning ekranlı / zırhlı, used in site, drawing, installation or coordination contexts.",electrical components
string,"A electrical term meaning dizi / akü stringi, used in site, drawing, installation or coordination contexts.",electrical components
tagging,"A electrical term meaning etiketleme, used in site, drawing, installation or coordination contexts.",electrical components
transmitter,"A electrical term meaning transmitter / verici, used in site, drawing, installation or coordination contexts.",electrical components
truck,"A electrical term meaning çekmeceli şalter arabası, used in site, drawing, installation or coordination contexts.",electrical components
twisted,"A electrical term meaning bükümlü, used in site, drawing, installation or coordination contexts.",electrical components
CO,CO is an acronym used in electrical communication.,electrical safety / protection
equalization,"A electrical term meaning eşpotansiyelleme, used in site, drawing, installation or coordination contexts.",electrical safety / protection
monoxide,"A electrical term meaning monoksit, used in site, drawing, installation or coordination contexts.",electrical safety / protection
optical,"An adjective meaning “optik”, used to describe a condition, issue, status or requirement.",electrical safety / protection
PFC,PFC is an acronym used in electrical communication.,electrical safety / protection
SF6,SF6 is an acronym used in electrical communication.,electrical safety / protection
air circuit breaker,"A electrical term meaning açık tip güç kesicisi, used in site, drawing, installation or coordination contexts.",electrical systems
alarm control panel,"A electrical term meaning alarm kontrol paneli, used in site, drawing, installation or coordination contexts.",electrical systems
alarm system cables,"A electrical term meaning alarm sistem cables, used in site, drawing, installation or coordination contexts.",electrical systems
calculations transformer generator,"A electrical term meaning calculations trafo jeneratör, used in site, drawing, installation or coordination contexts.",electrical systems
campus-wide grounding network,"A electrical term meaning campus-wide topraklama ağ / şebeke, used in site, drawing, installation or coordination contexts.",electrical systems
CCTV card access,"A electrical term meaning CCTV kart geçiş, used in site, drawing, installation or coordination contexts.",electrical systems
concurrent maintainability,"A electrical term meaning eş zamanlı bakım yapılabilirlik, used in site, drawing, installation or coordination contexts.",electrical systems
dimmable lighting control,"A electrical term meaning dimmable aydınlatma kontrolü, used in site, drawing, installation or coordination contexts.",electrical systems
distribution cable ladders,"A electrical term meaning dağıtım kablo ladders, used in site, drawing, installation or coordination contexts.",electrical systems
distribution panel boards,"A electrical term meaning dağıtım pano boards, used in site, drawing, installation or coordination contexts.",electrical systems
elevator control panel,"A electrical term meaning asansör kontrol paneli, used in site, drawing, installation or coordination contexts.",electrical systems
emergency lighting system,"A electrical term meaning acil aydınlatma sistemi, used in site, drawing, installation or coordination contexts.",electrical systems
evacuation system cables,"A electrical term meaning tahliye sistem cables, used in site, drawing, installation or coordination contexts.",electrical systems
ff partially/dim lighting,"A electrical term meaning ff partially/dim aydınlatma, used in site, drawing, installation or coordination contexts.",electrical systems
floor distribution panelboards,"A electrical term meaning kat / zemin dağıtım panelboards, used in site, drawing, installation or coordination contexts.",electrical systems
galvanized cable trays,"A electrical term meaning galvanizli kablo trays, used in site, drawing, installation or coordination contexts.",electrical systems
generator synchronization,"A electrical term meaning jeneratör senkronizasyon, used in site, drawing, installation or coordination contexts.",electrical systems
generators diesel generator,"A electrical term meaning generators dizel jeneratör, used in site, drawing, installation or coordination contexts.",electrical systems
grounding system grounding,"A electrical term meaning topraklama sistem topraklama, used in site, drawing, installation or coordination contexts.",electrical systems
ladders cable ladders,"A electrical term meaning ladders kablo ladders, used in site, drawing, installation or coordination contexts.",electrical systems
lighting control system,"A electrical term meaning aydınlatma kontrol sistemi, used in site, drawing, installation or coordination contexts.",electrical systems
LV switchgear chillers,"A electrical term meaning AG şalt ekipmanı / hücre chillers, used in site, drawing, installation or coordination contexts.",electrical systems
MV switchgear rooms,"A electrical term meaning OG şalt ekipmanı / hücre rooms, used in site, drawing, installation or coordination contexts.",electrical systems
MV switchgear transformers,"A electrical term meaning OG şalt ekipmanı / hücre transformers, used in site, drawing, installation or coordination contexts.",electrical systems
smoke halogen-free cables,"A electrical term meaning duman halogen-free cables, used in site, drawing, installation or coordination contexts.",electrical systems
tn-s earthing system,"A electrical term meaning tn-s topraklama sistemi, used in site, drawing, installation or coordination contexts.",electrical systems
transformer differential,"A electrical term meaning trafo diferansiyel koruma, used in site, drawing, installation or coordination contexts.",electrical systems
transformer redundancy,"A electrical term meaning trafo yedeklilik, used in site, drawing, installation or coordination contexts.",electrical systems
transformers diesel generators,"A electrical term meaning transformers dizel generators, used in site, drawing, installation or coordination contexts.",electrical systems
UPS autonomy,"A electrical term meaning UPS yedekleme süresi / otonomi, used in site, drawing, installation or coordination contexts.",electrical systems
UPS distribution network,"A electrical term meaning UPS dağıtım ağ / şebeke, used in site, drawing, installation or coordination contexts.",electrical systems
UPS power sockets,"A electrical term meaning UPS güç sockets, used in site, drawing, installation or coordination contexts.",electrical systems
annunciator,"A electrical term meaning gösterge paneli / annunciator, used in site, drawing, installation or coordination contexts.",fire alarm & ELV
VESDA,VESDA is an acronym used in electrical communication.,fire alarm & ELV
flameproof,"A electrical term meaning alev sızdırmaz / explosion-proof, used in site, drawing, installation or coordination contexts.",hazardous area
bending-radius,"A electrical term meaning bükülme yarıçapı, used in site, drawing, installation or coordination contexts.",installation
misroute,"A electrical term meaning yanlış güzergâhtan geçirmek, used in site, drawing, installation or coordination contexts.",installation
prewired,"A electrical term meaning önceden kablolanmış, used in site, drawing, installation or coordination contexts.",installation
routeable,"An adjective meaning “güzergâhı verilebilir”, used to describe a condition, issue, status or requirement.",installation
segregate,"A electrical term meaning ayırmak / segregasyon yapmak, used in site, drawing, installation or coordination contexts.",installation
segregation,"A electrical term meaning ayırma / segregasyon, used in site, drawing, installation or coordination contexts.",installation
termination-ready,"A electrical term meaning terminasyona hazır, used in site, drawing, installation or coordination contexts.",installation
transducer,"A electrical term meaning transdüser / dönüştürücü, used in site, drawing, installation or coordination contexts.",instruments
luminance,"A electrical term meaning parıltı / luminans, used in site, drawing, installation or coordination contexts.",lighting
air-terminal,"An adjective meaning “yakalama ucu”, used to describe a condition, issue, status or requirement.",lightning protection
downconductor,"A electrical term meaning iniş iletkeni, used in site, drawing, installation or coordination contexts.",lightning protection
dielectric,"An adjective meaning “dielektrik”, used to describe a condition, issue, status or requirement.",materials
galvanic,"An adjective meaning “galvanik”, used to describe a condition, issue, status or requirement.",materials
capacitance,"A electrical term meaning kapasitans, used in site, drawing, installation or coordination contexts.",parameters
conductivity,"A electrical term meaning iletkenlik, used in site, drawing, installation or coordination contexts.",parameters
crest,"A electrical term meaning tepe değer, used in site, drawing, installation or coordination contexts.",parameters
inductance,"A electrical term meaning endüktans, used in site, drawing, installation or coordination contexts.",parameters
reactance,"A electrical term meaning reaktans, used in site, drawing, installation or coordination contexts.",parameters
resistivity,"A electrical term meaning özdirenç, used in site, drawing, installation or coordination contexts.",parameters
backfeed,"A electrical term meaning ters besleme, used in site, drawing, installation or coordination contexts.",power distribution
asymmetric,"An adjective meaning “asimetrik”, used to describe a condition, issue, status or requirement.",power quality
capacitive,"An adjective meaning “kapasitif”, used to describe a condition, issue, status or requirement.",power quality
electromagnetic,"An adjective meaning “elektromanyetik”, used to describe a condition, issue, status or requirement.",power quality
fluctuation,"A electrical term meaning dalgalanma, used in site, drawing, installation or coordination contexts.",power quality
nonlinear,"A electrical term meaning doğrusal olmayan, used in site, drawing, installation or coordination contexts.",power quality
parasitic,"An adjective meaning “parazitik / istenmeyen”, used to describe a condition, issue, status or requirement.",power quality
ripple,"A electrical term meaning dalgalanma, used in site, drawing, installation or coordination contexts.",power quality
sinusoidal,"An adjective meaning “sinüzoidal”, used to describe a condition, issue, status or requirement.",power quality
transient,"An adjective meaning “geçici rejim”, used to describe a condition, issue, status or requirement.",power quality
feeder-ready,"A electrical term meaning besleme hattına hazır, used in site, drawing, installation or coordination contexts.",power systems
sectionalize,"A electrical term meaning bölümlere ayırmak, used in site, drawing, installation or coordination contexts.",power systems
differential,"An adjective meaning “diferansiyel”, used to describe a condition, issue, status or requirement.",protection
flashover,"A electrical term meaning atlama / ark atlaması, used in site, drawing, installation or coordination contexts.",protection
nuisance,"A electrical term meaning gereksiz / rahatsız edici, used in site, drawing, installation or coordination contexts.",protection
overloadable,"An adjective meaning “aşırı yüklenebilir”, used to describe a condition, issue, status or requirement.",protection
parafoudre,"A electrical term meaning parafudr, used in site, drawing, installation or coordination contexts.",protection
RCBO,RCBO is an acronym used in electrical communication.,protection
selectivity,"A electrical term meaning seçicilik, used in site, drawing, installation or coordination contexts.",protection
surgeproof,"A electrical term meaning darbe gerilimine dayanıklı, used in site, drawing, installation or coordination contexts.",protection
redundancy,"A electrical term meaning yedeklilik, used in site, drawing, installation or coordination contexts.",reliability
photovoltaic,"An adjective meaning “fotovoltaik”, used to describe a condition, issue, status or requirement.",renewable energy
arc flash study,"A electrical term meaning ark flaş çalışması, used in site, drawing, installation or coordination contexts.",substation
selectivity study,"A electrical term meaning seçicilik çalışması, used in site, drawing, installation or coordination contexts.",substation
withdrawable,"An adjective meaning “çekmeceli / çıkarılabilir”, used to describe a condition, issue, status or requirement.",switchgear
neutralize,"A electrical term meaning nötrlemek / etkisizleştirmek, used in site, drawing, installation or coordination contexts.",systems
meggar,"A electrical term meaning megger / izolasyon test cihazı, used in site, drawing, installation or coordination contexts.",testing
bushing,"A electrical term meaning buşing / izolatör geçişi, used in site, drawing, installation or coordination contexts.",transformers
lightning,"A electrical term meaning yıldırım, used in site, drawing, installation or coordination contexts.",electrical safety / protection
counterpoise,"A electrical term meaning topraklama çevre iletkeni, used in site, drawing, installation or coordination contexts.",lightning protection
overcurrent relay,"An electrical engineering term meaning aşırı akım rölesi, used in protection contexts on site, in drawings or in technical documentation.",protection
earth fault relay,"An electrical engineering term meaning toprak arıza rölesi, used in protection contexts on site, in drawings or in technical documentation.",protection
circuit breaker trip,"An electrical engineering term meaning devre kesici açması, used in protection contexts on site, in drawings or in technical documentation.",protection
trip setting,"An electrical engineering term meaning açma ayarı, used in protection contexts on site, in drawings or in technical documentation.",protection
backup protection,"An electrical engineering term meaning yedek koruma, used in protection contexts on site, in drawings or in technical documentation.",protection
primary protection,"An electrical engineering term meaning birincil koruma, used in protection contexts on site, in drawings or in technical documentation.",protection
protection relay burden,"An electrical engineering term meaning koruma rölesi yükü, used in protection contexts on site, in drawings or in technical documentation.",protection
protection scheme,"An electrical engineering term meaning koruma şeması, used in protection contexts on site, in drawings or in technical documentation.",protection
fuse coordination,"An electrical engineering term meaning sigorta koordinasyonu, used in protection contexts on site, in drawings or in technical documentation.",protection
instantaneous trip,"An electrical engineering term meaning ani açma, used in protection contexts on site, in drawings or in technical documentation.",protection
differential relay,"An electrical engineering term meaning diferansiyel röle, used in protection contexts on site, in drawings or in technical documentation.",protection
distance relay,"An electrical engineering term meaning mesafe rölesi, used in protection contexts on site, in drawings or in technical documentation.",protection
relay coordination,"An electrical engineering term meaning röle koordinasyonu, used in protection contexts on site, in drawings or in technical documentation.",protection
pickup current,"An electrical engineering term meaning çekme akımı, used in protection contexts on site, in drawings or in technical documentation.",protection
time-current curve,"An electrical engineering term meaning zaman-akım eğrisi, used in protection contexts on site, in drawings or in technical documentation.",protection
grading margin,"An electrical engineering term meaning kademeleme payı, used in protection contexts on site, in drawings or in technical documentation.",protection
zone of protection,"An electrical engineering term meaning koruma bölgesi, used in protection contexts on site, in drawings or in technical documentation.",protection
relay setting sheet,"An electrical engineering term meaning röle ayar çizelgesi, used in protection contexts on site, in drawings or in technical documentation.",protection
autoreclose,"An electrical engineering term meaning otomatik yeniden kapama, used in protection contexts on site, in drawings or in technical documentation.",protection
discrimination,"An electrical engineering term meaning ayırt etme (koruma), used in protection contexts on site, in drawings or in technical documentation.",protection
fault clearance time,"An electrical engineering term meaning arıza giderme süresi, used in protection contexts on site, in drawings or in technical documentation.",protection
setting group,"An electrical engineering term meaning ayar grubu, used in protection contexts on site, in drawings or in technical documentation.",protection
protective relay,"An electrical engineering term meaning koruma rölesi, used in protection contexts on site, in drawings or in technical documentation.",protection
prospective fault current,"An electrical engineering term meaning olası arıza akımı, used in protection contexts on site, in drawings or in technical documentation.",protection
short circuit current,"An electrical engineering term meaning kısa devre akımı, used in protection contexts on site, in drawings or in technical documentation.",protection
current transformer,"An electrical engineering term meaning akım trafosu, used in protection contexts on site, in drawings or in technical documentation.",protection
voltage transformer,"An electrical engineering term meaning gerilim trafosu, used in protection contexts on site, in drawings or in technical documentation.",protection
protection relay testing,"An electrical engineering term meaning koruma rölesi testi, used in protection contexts on site, in drawings or in technical documentation.",protection
trip coil,"An electrical engineering term meaning açma bobini, used in protection contexts on site, in drawings or in technical documentation.",protection
protection coordination study,"An electrical engineering term meaning koruma koordinasyon etüdü, used in protection contexts on site, in drawings or in technical documentation.",protection
restricted earth fault,"An electrical engineering term meaning sınırlı toprak arızası, used in protection contexts on site, in drawings or in technical documentation.",protection
bus zone protection,"An electrical engineering term meaning bara koruma bölgesi, used in protection contexts on site, in drawings or in technical documentation.",protection
breaker failure protection,"An electrical engineering term meaning kesici arıza koruması, used in protection contexts on site, in drawings or in technical documentation.",protection
IDMT relay,"An electrical engineering term meaning ters zamanlı aşırı akım rölesi, used in protection contexts on site, in drawings or in technical documentation.",protection
numerical relay,"An electrical engineering term meaning sayısal röle, used in protection contexts on site, in drawings or in technical documentation.",protection
electromechanical relay,"An electrical engineering term meaning elektromekanik röle, used in protection contexts on site, in drawings or in technical documentation.",protection
load center,"An electrical engineering term meaning yük merkezi, used in switchgear contexts on site, in drawings or in technical documentation.",switchgear
power contactor,"An electrical engineering term meaning güç kontaktörü, used in switchgear contexts on site, in drawings or in technical documentation.",switchgear
current-limiting circuit breaker,"An electrical engineering term meaning akım sınırlayıcı devre kesici, used in switchgear contexts on site, in drawings or in technical documentation.",switchgear
load interrupter switch,"An electrical engineering term meaning yük kesme ayırıcısı, used in switchgear contexts on site, in drawings or in technical documentation.",switchgear
isolator switch,"An electrical engineering term meaning izolasyon şalteri, used in switchgear contexts on site, in drawings or in technical documentation.",switchgear
fused switch,"An electrical engineering term meaning sigortalı şalter, used in switchgear contexts on site, in drawings or in technical documentation.",switchgear
rated voltage,"An electrical engineering term meaning anma gerilimi, used in switchgear contexts on site, in drawings or in technical documentation.",switchgear
rated current,"An electrical engineering term meaning anma akımı, used in switchgear contexts on site, in drawings or in technical documentation.",switchgear
panel directory,"An electrical engineering term meaning pano dizin listesi, used in switchgear contexts on site, in drawings or in technical documentation.",switchgear
load break switch,"An electrical engineering term meaning yük kesme şalteri, used in switchgear contexts on site, in drawings or in technical documentation.",switchgear
busbar chamber,"An electrical engineering term meaning bara bölmesi, used in switchgear contexts on site, in drawings or in technical documentation.",switchgear
switchgear cubicle,"An electrical engineering term meaning şalt hücresi, used in switchgear contexts on site, in drawings or in technical documentation.",switchgear
interlocking system,"An electrical engineering term meaning kilitleme sistemi, used in switchgear contexts on site, in drawings or in technical documentation.",switchgear
breaking capacity,"An electrical engineering term meaning kesme kapasitesi, used in switchgear contexts on site, in drawings or in technical documentation.",switchgear
switchgear compartment,"An electrical engineering term meaning şalt gözü, used in switchgear contexts on site, in drawings or in technical documentation.",switchgear
feeder pillar,"An electrical engineering term meaning besleme direği, used in switchgear contexts on site, in drawings or in technical documentation.",switchgear
withdrawable breaker,"An electrical engineering term meaning çekmeceli kesici, used in switchgear contexts on site, in drawings or in technical documentation.",switchgear
fixed pattern switchgear,"An electrical engineering term meaning sabit tip şalt cihazı, used in switchgear contexts on site, in drawings or in technical documentation.",switchgear
metal-clad switchgear,"An electrical engineering term meaning metal muhafazalı şalt tesisi, used in switchgear contexts on site, in drawings or in technical documentation.",switchgear
gas-insulated switchgear,"An electrical engineering term meaning gaz izoleli şalt tesisi, used in switchgear contexts on site, in drawings or in technical documentation.",switchgear
air-insulated switchgear,"An electrical engineering term meaning hava izoleli şalt tesisi, used in switchgear contexts on site, in drawings or in technical documentation.",switchgear
making capacity,"An electrical engineering term meaning kapatma kapasitesi, used in switchgear contexts on site, in drawings or in technical documentation.",switchgear
draw-out module,"An electrical engineering term meaning çıkarılabilir modül, used in switchgear contexts on site, in drawings or in technical documentation.",switchgear
arc-resistant switchgear,"An electrical engineering term meaning ark dayanımlı şalt cihazı, used in switchgear contexts on site, in drawings or in technical documentation.",switchgear
short-time withstand current,"An electrical engineering term meaning kısa süreli dayanım akımı, used in switchgear contexts on site, in drawings or in technical documentation.",switchgear
step-up transformer,"An electrical engineering term meaning yükseltici transformatör, used in transformers contexts on site, in drawings or in technical documentation.",transformers
step-down transformer,"An electrical engineering term meaning alçaltıcı transformatör, used in transformers contexts on site, in drawings or in technical documentation.",transformers
pad-mounted transformer,"An electrical engineering term meaning yer tipi transformatör, used in transformers contexts on site, in drawings or in technical documentation.",transformers
generator step-up transformer,"An electrical engineering term meaning jeneratör yükseltici transformatörü, used in transformers contexts on site, in drawings or in technical documentation.",transformers
transformer oil,"An electrical engineering term meaning transformatör yağı, used in transformers contexts on site, in drawings or in technical documentation.",transformers
transformer rating plate,"An electrical engineering term meaning transformatör etiket levhası, used in transformers contexts on site, in drawings or in technical documentation.",transformers
epoxy resin transformer,"An electrical engineering term meaning epoksi reçine transformatör, used in transformers contexts on site, in drawings or in technical documentation.",transformers
oil-immersed transformer,"An electrical engineering term meaning yağ tipi transformatör, used in transformers contexts on site, in drawings or in technical documentation.",transformers
transformer tap,"An electrical engineering term meaning transformatör kademesi, used in transformers contexts on site, in drawings or in technical documentation.",transformers
tap changer,"An electrical engineering term meaning kademe değiştirici, used in transformers contexts on site, in drawings or in technical documentation.",transformers
transformer winding,"An electrical engineering term meaning transformatör sargısı, used in transformers contexts on site, in drawings or in technical documentation.",transformers
primary winding,"An electrical engineering term meaning birincil sargı, used in transformers contexts on site, in drawings or in technical documentation.",transformers
secondary winding,"An electrical engineering term meaning ikincil sargı, used in transformers contexts on site, in drawings or in technical documentation.",transformers
auto-transformer,"An electrical engineering term meaning oto-transformatör, used in transformers contexts on site, in drawings or in technical documentation.",transformers
on-load tap changer,"An electrical engineering term meaning yükte kademe değiştirici, used in transformers contexts on site, in drawings or in technical documentation.",transformers
transformer bushing,"An electrical engineering term meaning transformatör buşingi, used in transformers contexts on site, in drawings or in technical documentation.",transformers
no-load loss,"An electrical engineering term meaning boşta çalışma kaybı, used in transformers contexts on site, in drawings or in technical documentation.",transformers
load loss,"An electrical engineering term meaning yükte kayıp, used in transformers contexts on site, in drawings or in technical documentation.",transformers
vector group,"An electrical engineering term meaning vektör grubu, used in transformers contexts on site, in drawings or in technical documentation.",transformers
impedance voltage,"An electrical engineering term meaning empedans gerilimi, used in transformers contexts on site, in drawings or in technical documentation.",transformers
transformer core,"An electrical engineering term meaning transformatör nüvesi, used in transformers contexts on site, in drawings or in technical documentation.",transformers
rotor,"An electrical engineering term meaning rotor, used in motors & drives contexts on site, in drawings or in technical documentation.",motors & drives
stator,"An electrical engineering term meaning stator, used in motors & drives contexts on site, in drawings or in technical documentation.",motors & drives
torque,"An electrical engineering term meaning tork, used in motors & drives contexts on site, in drawings or in technical documentation.",motors & drives
motor nameplate,"An electrical engineering term meaning motor etiketi, used in motors & drives contexts on site, in drawings or in technical documentation.",motors & drives
induction motor,"An electrical engineering term meaning asenkron motor, used in motors & drives contexts on site, in drawings or in technical documentation.",motors & drives
synchronous motor,"An electrical engineering term meaning senkron motor, used in motors & drives contexts on site, in drawings or in technical documentation.",motors & drives
motor starter,"An electrical engineering term meaning motor yol vericisi, used in motors & drives contexts on site, in drawings or in technical documentation.",motors & drives
direct online starter,"An electrical engineering term meaning direkt yol verme, used in motors & drives contexts on site, in drawings or in technical documentation.",motors & drives
star-delta starter,"An electrical engineering term meaning yıldız-üçgen yol verici, used in motors & drives contexts on site, in drawings or in technical documentation.",motors & drives
soft starter,"An electrical engineering term meaning yumuşak yol verici, used in motors & drives contexts on site, in drawings or in technical documentation.",motors & drives
motor winding,"An electrical engineering term meaning motor sargısı, used in motors & drives contexts on site, in drawings or in technical documentation.",motors & drives
full load current,"An electrical engineering term meaning tam yük akımı, used in motors & drives contexts on site, in drawings or in technical documentation.",motors & drives
motor efficiency,"An electrical engineering term meaning motor verimi, used in motors & drives contexts on site, in drawings or in technical documentation.",motors & drives
rated speed,"An electrical engineering term meaning anma hızı, used in motors & drives contexts on site, in drawings or in technical documentation.",motors & drives
servo motor,"An electrical engineering term meaning servo motor, used in motors & drives contexts on site, in drawings or in technical documentation.",motors & drives
stepper motor,"An electrical engineering term meaning step motor, used in motors & drives contexts on site, in drawings or in technical documentation.",motors & drives
motor bearing,"An electrical engineering term meaning motor yatağı, used in motors & drives contexts on site, in drawings or in technical documentation.",motors & drives
motor overload,"An electrical engineering term meaning motor aşırı yükü, used in motors & drives contexts on site, in drawings or in technical documentation.",motors & drives
thermal overload relay,"An electrical engineering term meaning termik aşırı yük rölesi, used in motors & drives contexts on site, in drawings or in technical documentation.",motors & drives
variable frequency drive,"An electrical engineering term meaning değişken frekanslı sürücü, used in motors & drives contexts on site, in drawings or in technical documentation.",motors & drives
motor control center,"An electrical engineering term meaning motor kontrol merkezi, used in motors & drives contexts on site, in drawings or in technical documentation.",motors & drives
motor protection relay,"An electrical engineering term meaning motor koruma rölesi, used in motors & drives contexts on site, in drawings or in technical documentation.",motors & drives
slip ring,"An electrical engineering term meaning bilezik, used in motors & drives contexts on site, in drawings or in technical documentation.",motors & drives
squirrel cage motor,"An electrical engineering term meaning sincap kafesli motor, used in motors & drives contexts on site, in drawings or in technical documentation.",motors & drives
brushless DC motor,"An electrical engineering term meaning fırçasız DC motor, used in motors & drives contexts on site, in drawings or in technical documentation.",motors & drives
locked rotor current,"An electrical engineering term meaning kilitli rotor akımı, used in motors & drives contexts on site, in drawings or in technical documentation.",motors & drives
winding insulation class,"An electrical engineering term meaning sargı yalıtım sınıfı, used in motors & drives contexts on site, in drawings or in technical documentation.",motors & drives
duty cycle,"An electrical engineering term meaning çalışma çevrimi, used in motors & drives contexts on site, in drawings or in technical documentation.",motors & drives
synchronous speed,"An electrical engineering term meaning senkron hız, used in motors & drives contexts on site, in drawings or in technical documentation.",motors & drives
pole pair,"An electrical engineering term meaning kutup çifti, used in motors & drives contexts on site, in drawings or in technical documentation.",motors & drives
diode,"An electrical engineering term meaning diyot, used in power electronics contexts on site, in drawings or in technical documentation.",power electronics
bridge rectifier,"An electrical engineering term meaning köprü doğrultucu, used in power electronics contexts on site, in drawings or in technical documentation.",power electronics
central inverter,"An electrical engineering term meaning merkezi invertör, used in power electronics contexts on site, in drawings or in technical documentation.",power electronics
converter,"An electrical engineering term meaning dönüştürücü, used in power electronics contexts on site, in drawings or in technical documentation.",power electronics
heat sink,"An electrical engineering term meaning soğutucu blok, used in power electronics contexts on site, in drawings or in technical documentation.",power electronics
power module,"An electrical engineering term meaning güç modülü, used in power electronics contexts on site, in drawings or in technical documentation.",power electronics
thyristor,"An electrical engineering term meaning tristör, used in power electronics contexts on site, in drawings or in technical documentation.",power electronics
power factor correction,"An electrical engineering term meaning güç faktörü düzeltme, used in power electronics contexts on site, in drawings or in technical documentation.",power electronics
harmonic filter,"An electrical engineering term meaning harmonik filtre, used in power electronics contexts on site, in drawings or in technical documentation.",power electronics
solid-state relay,"An electrical engineering term meaning katı hal rölesi, used in power electronics contexts on site, in drawings or in technical documentation.",power electronics
semiconductor device,"An electrical engineering term meaning yarı iletken cihaz, used in power electronics contexts on site, in drawings or in technical documentation.",power electronics
three-phase rectifier,"An electrical engineering term meaning üç fazlı doğrultucu, used in power electronics contexts on site, in drawings or in technical documentation.",power electronics
IGBT,"An electrical engineering term meaning yalıtımlı kapılı bipolar transistör (IGBT), used in power electronics contexts on site, in drawings or in technical documentation.",power electronics
MOSFET,"An electrical engineering term meaning MOSFET, used in power electronics contexts on site, in drawings or in technical documentation.",power electronics
pulse width modulation,"An electrical engineering term meaning darbe genişlik modülasyonu, used in power electronics contexts on site, in drawings or in technical documentation.",power electronics
switching frequency,"An electrical engineering term meaning anahtarlama frekansı, used in power electronics contexts on site, in drawings or in technical documentation.",power electronics
DC link,"An electrical engineering term meaning DC bara, used in power electronics contexts on site, in drawings or in technical documentation.",power electronics
buck converter,"An electrical engineering term meaning düşürücü dönüştürücü, used in power electronics contexts on site, in drawings or in technical documentation.",power electronics
boost converter,"An electrical engineering term meaning yükseltici dönüştürücü, used in power electronics contexts on site, in drawings or in technical documentation.",power electronics
switching loss,"An electrical engineering term meaning anahtarlama kaybı, used in power electronics contexts on site, in drawings or in technical documentation.",power electronics
conduction loss,"An electrical engineering term meaning iletim kaybı, used in power electronics contexts on site, in drawings or in technical documentation.",power electronics
snubber circuit,"An electrical engineering term meaning snubber devresi, used in power electronics contexts on site, in drawings or in technical documentation.",power electronics
gate drive circuit,"An electrical engineering term meaning kapı sürme devresi, used in power electronics contexts on site, in drawings or in technical documentation.",power electronics
freewheeling diode,"An electrical engineering term meaning serbest dönüş diyodu, used in power electronics contexts on site, in drawings or in technical documentation.",power electronics
chopper circuit,"An electrical engineering term meaning kıyıcı devre, used in power electronics contexts on site, in drawings or in technical documentation.",power electronics
solar panel,"An electrical engineering term meaning güneş paneli, used in renewable energy contexts on site, in drawings or in technical documentation.",renewable energy
solar farm,"An electrical engineering term meaning güneş enerjisi santrali, used in renewable energy contexts on site, in drawings or in technical documentation.",renewable energy
wind turbine,"An electrical engineering term meaning rüzgar türbini, used in renewable energy contexts on site, in drawings or in technical documentation.",renewable energy
wind farm,"An electrical engineering term meaning rüzgar enerjisi santrali, used in renewable energy contexts on site, in drawings or in technical documentation.",renewable energy
lightning rod,"An electrical engineering term meaning paratoner, used in renewable energy contexts on site, in drawings or in technical documentation.",renewable energy
photovoltaic module,"An electrical engineering term meaning fotovoltaik modül, used in renewable energy contexts on site, in drawings or in technical documentation.",renewable energy
solar inverter,"An electrical engineering term meaning güneş invertörü, used in renewable energy contexts on site, in drawings or in technical documentation.",renewable energy
turbine blade,"An electrical engineering term meaning türbin kanadı, used in renewable energy contexts on site, in drawings or in technical documentation.",renewable energy
battery bank,"An electrical engineering term meaning akü bankası, used in renewable energy contexts on site, in drawings or in technical documentation.",renewable energy
charge controller,"An electrical engineering term meaning şarj kontrol cihazı, used in renewable energy contexts on site, in drawings or in technical documentation.",renewable energy
solar array,"An electrical engineering term meaning güneş paneli dizisi, used in renewable energy contexts on site, in drawings or in technical documentation.",renewable energy
string inverter,"An electrical engineering term meaning string invertör, used in renewable energy contexts on site, in drawings or in technical documentation.",renewable energy
microinverter,"An electrical engineering term meaning mikro invertör, used in renewable energy contexts on site, in drawings or in technical documentation.",renewable energy
solar tracker,"An electrical engineering term meaning güneş takip sistemi, used in renewable energy contexts on site, in drawings or in technical documentation.",renewable energy
rotor speed,"An electrical engineering term meaning rotor hızı, used in renewable energy contexts on site, in drawings or in technical documentation.",renewable energy
grid-tied system,"An electrical engineering term meaning şebekeye bağlı sistem, used in renewable energy contexts on site, in drawings or in technical documentation.",renewable energy
off-grid system,"An electrical engineering term meaning şebeke dışı sistem, used in renewable energy contexts on site, in drawings or in technical documentation.",renewable energy
net metering,"An electrical engineering term meaning net ölçüm, used in renewable energy contexts on site, in drawings or in technical documentation.",renewable energy
solar irradiance,"An electrical engineering term meaning güneş ışınım şiddeti, used in renewable energy contexts on site, in drawings or in technical documentation.",renewable energy
nacelle,"An electrical engineering term meaning nasel (türbin kabini), used in renewable energy contexts on site, in drawings or in technical documentation.",renewable energy
cut-in wind speed,"An electrical engineering term meaning devreye giriş rüzgar hızı, used in renewable energy contexts on site, in drawings or in technical documentation.",renewable energy
feed-in tariff,"An electrical engineering term meaning şebeke besleme tarifesi, used in renewable energy contexts on site, in drawings or in technical documentation.",renewable energy
renewable energy certificate,"An electrical engineering term meaning yenilenebilir enerji sertifikası, used in renewable energy contexts on site, in drawings or in technical documentation.",renewable energy
capacity factor,"An electrical engineering term meaning kapasite faktörü, used in renewable energy contexts on site, in drawings or in technical documentation.",renewable energy
wind resource assessment,"An electrical engineering term meaning rüzgar kaynağı değerlendirmesi, used in renewable energy contexts on site, in drawings or in technical documentation.",renewable energy
solar irradiation map,"An electrical engineering term meaning güneş ışınım haritası, used in renewable energy contexts on site, in drawings or in technical documentation.",renewable energy
curtailment,"An electrical engineering term meaning üretim kısıtlaması, used in renewable energy contexts on site, in drawings or in technical documentation.",renewable energy
balance of system,"An electrical engineering term meaning sistem dengeleme bileşenleri, used in renewable energy contexts on site, in drawings or in technical documentation.",renewable energy
anti-islanding protection,"An electrical engineering term meaning ada olmayı önleme koruması, used in renewable energy contexts on site, in drawings or in technical documentation.",renewable energy
charging cable,"An electrical engineering term meaning şarj kablosu, used in battery storage & EV charging contexts on site, in drawings or in technical documentation.",battery storage & EV charging
charging point,"An electrical engineering term meaning şarj noktası, used in battery storage & EV charging contexts on site, in drawings or in technical documentation.",battery storage & EV charging
lithium-ion battery,"An electrical engineering term meaning lityum iyon batarya, used in battery storage & EV charging contexts on site, in drawings or in technical documentation.",battery storage & EV charging
energy storage,"An electrical engineering term meaning enerji depolama, used in battery storage & EV charging contexts on site, in drawings or in technical documentation.",battery storage & EV charging
EV charging station,"An electrical engineering term meaning elektrikli araç şarj istasyonu, used in battery storage & EV charging contexts on site, in drawings or in technical documentation.",battery storage & EV charging
fast charger,"An electrical engineering term meaning hızlı şarj cihazı, used in battery storage & EV charging contexts on site, in drawings or in technical documentation.",battery storage & EV charging
battery capacity,"An electrical engineering term meaning batarya kapasitesi, used in battery storage & EV charging contexts on site, in drawings or in technical documentation.",battery storage & EV charging
backup power system,"An electrical engineering term meaning yedek güç sistemi, used in battery storage & EV charging contexts on site, in drawings or in technical documentation.",battery storage & EV charging
battery storage system,"An electrical engineering term meaning batarya depolama sistemi, used in battery storage & EV charging contexts on site, in drawings or in technical documentation.",battery storage & EV charging
battery management system,"An electrical engineering term meaning batarya yönetim sistemi, used in battery storage & EV charging contexts on site, in drawings or in technical documentation.",battery storage & EV charging
battery cell,"An electrical engineering term meaning batarya hücresi, used in battery storage & EV charging contexts on site, in drawings or in technical documentation.",battery storage & EV charging
AC charging,"An electrical engineering term meaning AC şarj, used in battery storage & EV charging contexts on site, in drawings or in technical documentation.",battery storage & EV charging
DC fast charging,"An electrical engineering term meaning DC hızlı şarj, used in battery storage & EV charging contexts on site, in drawings or in technical documentation.",battery storage & EV charging
battery inverter,"An electrical engineering term meaning batarya invertörü, used in battery storage & EV charging contexts on site, in drawings or in technical documentation.",battery storage & EV charging
state of charge,"An electrical engineering term meaning şarj durumu, used in battery storage & EV charging contexts on site, in drawings or in technical documentation.",battery storage & EV charging
depth of discharge,"An electrical engineering term meaning deşarj derinliği, used in battery storage & EV charging contexts on site, in drawings or in technical documentation.",battery storage & EV charging
cycle life,"An electrical engineering term meaning çevrim ömrü, used in battery storage & EV charging contexts on site, in drawings or in technical documentation.",battery storage & EV charging
charging protocol,"An electrical engineering term meaning şarj protokolü, used in battery storage & EV charging contexts on site, in drawings or in technical documentation.",battery storage & EV charging
vehicle-to-grid,"An electrical engineering term meaning araçtan şebekeye, used in battery storage & EV charging contexts on site, in drawings or in technical documentation.",battery storage & EV charging
thermal runaway,"An electrical engineering term meaning termal kaçış, used in battery storage & EV charging contexts on site, in drawings or in technical documentation.",battery storage & EV charging
test lamp,"An electrical engineering term meaning test lambası, used in instrumentation & measurement contexts on site, in drawings or in technical documentation.",instrumentation & measurement
clamp meter,"An electrical engineering term meaning pens ampermetre, used in instrumentation & measurement contexts on site, in drawings or in technical documentation.",instrumentation & measurement
proximity sensor,"An electrical engineering term meaning yakınlık sensörü, used in instrumentation & measurement contexts on site, in drawings or in technical documentation.",instrumentation & measurement
temperature sensor,"An electrical engineering term meaning sıcaklık sensörü, used in instrumentation & measurement contexts on site, in drawings or in technical documentation.",instrumentation & measurement
function generator,"An electrical engineering term meaning fonksiyon üreteci, used in instrumentation & measurement contexts on site, in drawings or in technical documentation.",instrumentation & measurement
insulation resistance tester,"An electrical engineering term meaning yalıtım direnci test cihazı, used in instrumentation & measurement contexts on site, in drawings or in technical documentation.",instrumentation & measurement
megger,"An electrical engineering term meaning megger (yalıtım test cihazı), used in instrumentation & measurement contexts on site, in drawings or in technical documentation.",instrumentation & measurement
earth resistance tester,"An electrical engineering term meaning toprak direnci test cihazı, used in instrumentation & measurement contexts on site, in drawings or in technical documentation.",instrumentation & measurement
current probe,"An electrical engineering term meaning akım probu, used in instrumentation & measurement contexts on site, in drawings or in technical documentation.",instrumentation & measurement
voltage probe,"An electrical engineering term meaning gerilim probu, used in instrumentation & measurement contexts on site, in drawings or in technical documentation.",instrumentation & measurement
data logger,"An electrical engineering term meaning veri kaydedici, used in instrumentation & measurement contexts on site, in drawings or in technical documentation.",instrumentation & measurement
current sensor,"An electrical engineering term meaning akım sensörü, used in instrumentation & measurement contexts on site, in drawings or in technical documentation.",instrumentation & measurement
calibration,"An electrical engineering term meaning kalibrasyon, used in instrumentation & measurement contexts on site, in drawings or in technical documentation.",instrumentation & measurement
thermal imaging camera,"An electrical engineering term meaning termal görüntüleme kamerası, used in instrumentation & measurement contexts on site, in drawings or in technical documentation.",instrumentation & measurement
power analyzer,"An electrical engineering term meaning güç analizörü, used in instrumentation & measurement contexts on site, in drawings or in technical documentation.",instrumentation & measurement
load cell,"An electrical engineering term meaning yük hücresi, used in instrumentation & measurement contexts on site, in drawings or in technical documentation.",instrumentation & measurement
pressure transmitter,"An electrical engineering term meaning basınç vericisi, used in instrumentation & measurement contexts on site, in drawings or in technical documentation.",instrumentation & measurement
measurement accuracy,"An electrical engineering term meaning ölçüm doğruluğu, used in instrumentation & measurement contexts on site, in drawings or in technical documentation.",instrumentation & measurement
resolution,"An electrical engineering term meaning çözünürlük (ölçüm), used in instrumentation & measurement contexts on site, in drawings or in technical documentation.",instrumentation & measurement
power quality analyzer,"An electrical engineering term meaning güç kalitesi analizörü, used in instrumentation & measurement contexts on site, in drawings or in technical documentation.",instrumentation & measurement
phase sequence tester,"An electrical engineering term meaning faz sırası test cihazı, used in instrumentation & measurement contexts on site, in drawings or in technical documentation.",instrumentation & measurement
Hall effect sensor,"An electrical engineering term meaning Hall etkili sensör, used in instrumentation & measurement contexts on site, in drawings or in technical documentation.",instrumentation & measurement
signal conditioning,"An electrical engineering term meaning sinyal koşullandırma, used in instrumentation & measurement contexts on site, in drawings or in technical documentation.",instrumentation & measurement
analog-to-digital converter,"An electrical engineering term meaning analog-dijital dönüştürücü, used in instrumentation & measurement contexts on site, in drawings or in technical documentation.",instrumentation & measurement
digital-to-analog converter,"An electrical engineering term meaning dijital-analog dönüştürücü, used in instrumentation & measurement contexts on site, in drawings or in technical documentation.",instrumentation & measurement
sampling rate,"An electrical engineering term meaning örnekleme hızı, used in instrumentation & measurement contexts on site, in drawings or in technical documentation.",instrumentation & measurement
true RMS meter,"An electrical engineering term meaning gerçek RMS ölçer, used in instrumentation & measurement contexts on site, in drawings or in technical documentation.",instrumentation & measurement
infrared thermography,"An electrical engineering term meaning kızılötesi termografi, used in instrumentation & measurement contexts on site, in drawings or in technical documentation.",instrumentation & measurement
measurement uncertainty,"An electrical engineering term meaning ölçüm belirsizliği, used in instrumentation & measurement contexts on site, in drawings or in technical documentation.",instrumentation & measurement
traceability,"An electrical engineering term meaning izlenebilirlik (ölçüm), used in instrumentation & measurement contexts on site, in drawings or in technical documentation.",instrumentation & measurement
power quality,"An electrical engineering term meaning güç kalitesi, used in power quality contexts on site, in drawings or in technical documentation.",power quality
power factor,"An electrical engineering term meaning güç faktörü, used in power quality contexts on site, in drawings or in technical documentation.",power quality
reactive power,"An electrical engineering term meaning reaktif güç, used in power quality contexts on site, in drawings or in technical documentation.",power quality
active power,"An electrical engineering term meaning aktif güç, used in power quality contexts on site, in drawings or in technical documentation.",power quality
voltage unbalance,"An electrical engineering term meaning gerilim dengesizliği, used in power quality contexts on site, in drawings or in technical documentation.",power quality
momentary interruption,"An electrical engineering term meaning anlık kesinti, used in power quality contexts on site, in drawings or in technical documentation.",power quality
harmonic spectrum,"An electrical engineering term meaning harmonik spektrum, used in power quality contexts on site, in drawings or in technical documentation.",power quality
apparent power,"An electrical engineering term meaning görünür güç, used in power quality contexts on site, in drawings or in technical documentation.",power quality
unbalanced load,"An electrical engineering term meaning dengesiz yük, used in power quality contexts on site, in drawings or in technical documentation.",power quality
neutral current,"An electrical engineering term meaning nötr akımı, used in power quality contexts on site, in drawings or in technical documentation.",power quality
voltage fluctuation,"An electrical engineering term meaning gerilim dalgalanması, used in power quality contexts on site, in drawings or in technical documentation.",power quality
capacitor bank,"An electrical engineering term meaning kondansatör bankası, used in power quality contexts on site, in drawings or in technical documentation.",power quality
surge protection device,"An electrical engineering term meaning dalgalanma koruma cihazı, used in power quality contexts on site, in drawings or in technical documentation.",power quality
voltage regulation,"An electrical engineering term meaning gerilim regülasyonu, used in power quality contexts on site, in drawings or in technical documentation.",power quality
voltage flicker index,"An electrical engineering term meaning gerilim flicker endeksi, used in power quality contexts on site, in drawings or in technical documentation.",power quality
total harmonic distortion,"An electrical engineering term meaning toplam harmonik bozulma, used in power quality contexts on site, in drawings or in technical documentation.",power quality
transient voltage,"An electrical engineering term meaning geçici gerilim, used in power quality contexts on site, in drawings or in technical documentation.",power quality
resonance,"An electrical engineering term meaning rezonans, used in power quality contexts on site, in drawings or in technical documentation.",power quality
interharmonics,"An electrical engineering term meaning ara harmonikler, used in power quality contexts on site, in drawings or in technical documentation.",power quality
notch distortion,"An electrical engineering term meaning çentik bozulması, used in power quality contexts on site, in drawings or in technical documentation.",power quality
IEC standard,"An electrical engineering term meaning IEC standardı, used in standards & codes contexts on site, in drawings or in technical documentation.",standards & codes
IEEE standard,"An electrical engineering term meaning IEEE standardı, used in standards & codes contexts on site, in drawings or in technical documentation.",standards & codes
wiring regulations,"An electrical engineering term meaning kablolama yönetmeliği, used in standards & codes contexts on site, in drawings or in technical documentation.",standards & codes
compliance certificate,"An electrical engineering term meaning uygunluk sertifikası, used in standards & codes contexts on site, in drawings or in technical documentation.",standards & codes
IP rating,"An electrical engineering term meaning IP koruma sınıfı, used in standards & codes contexts on site, in drawings or in technical documentation.",standards & codes
ingress protection,"An electrical engineering term meaning koruma sınıfı (IP), used in standards & codes contexts on site, in drawings or in technical documentation.",standards & codes
CE marking,"An electrical engineering term meaning CE işareti, used in standards & codes contexts on site, in drawings or in technical documentation.",standards & codes
design standard,"An electrical engineering term meaning tasarım standardı, used in standards & codes contexts on site, in drawings or in technical documentation.",standards & codes
NEC code,"An electrical engineering term meaning NEC yönetmeliği, used in standards & codes contexts on site, in drawings or in technical documentation.",standards & codes
type test,"An electrical engineering term meaning tip testi, used in standards & codes contexts on site, in drawings or in technical documentation.",standards & codes
routine test,"An electrical engineering term meaning rutin test, used in standards & codes contexts on site, in drawings or in technical documentation.",standards & codes
factory acceptance test,"An electrical engineering term meaning fabrika kabul testi, used in standards & codes contexts on site, in drawings or in technical documentation.",standards & codes
site acceptance test,"An electrical engineering term meaning saha kabul testi, used in standards & codes contexts on site, in drawings or in technical documentation.",standards & codes
UL listing,"An electrical engineering term meaning UL listelemesi, used in standards & codes contexts on site, in drawings or in technical documentation.",standards & codes
code compliance,"An electrical engineering term meaning yönetmelik uyumu, used in standards & codes contexts on site, in drawings or in technical documentation.",standards & codes
national electrical code,"An electrical engineering term meaning ulusal elektrik yönetmeliği, used in standards & codes contexts on site, in drawings or in technical documentation.",standards & codes
conformity assessment,"An electrical engineering term meaning uygunluk değerlendirmesi, used in standards & codes contexts on site, in drawings or in technical documentation.",standards & codes
ATEX certification,"An electrical engineering term meaning ATEX sertifikasyonu, used in standards & codes contexts on site, in drawings or in technical documentation.",standards & codes
hazardous area classification,"An electrical engineering term meaning tehlikeli bölge sınıflandırması, used in standards & codes contexts on site, in drawings or in technical documentation.",standards & codes
explosion-proof equipment,"An electrical engineering term meaning patlamaya dayanıklı ekipman, used in standards & codes contexts on site, in drawings or in technical documentation.",standards & codes
voltage drop calculation,"An electrical engineering term meaning gerilim düşümü hesabı, used in calculations & design contexts on site, in drawings or in technical documentation.",calculations & design
load calculation,"An electrical engineering term meaning yük hesabı, used in calculations & design contexts on site, in drawings or in technical documentation.",calculations & design
cable sizing,"An electrical engineering term meaning kablo boyutlandırma, used in calculations & design contexts on site, in drawings or in technical documentation.",calculations & design
single line diagram,"An electrical engineering term meaning tek hat şeması, used in calculations & design contexts on site, in drawings or in technical documentation.",calculations & design
lighting design,"An electrical engineering term meaning aydınlatma tasarımı, used in calculations & design contexts on site, in drawings or in technical documentation.",calculations & design
energy audit,"An electrical engineering term meaning enerji denetimi, used in calculations & design contexts on site, in drawings or in technical documentation.",calculations & design
power balance,"An electrical engineering term meaning güç dengesi, used in calculations & design contexts on site, in drawings or in technical documentation.",calculations & design
contingency planning,"An electrical engineering term meaning olağanüstü durum planlaması, used in calculations & design contexts on site, in drawings or in technical documentation.",calculations & design
short circuit calculation,"An electrical engineering term meaning kısa devre hesabı, used in calculations & design contexts on site, in drawings or in technical documentation.",calculations & design
fault level calculation,"An electrical engineering term meaning arıza seviyesi hesabı, used in calculations & design contexts on site, in drawings or in technical documentation.",calculations & design
diversity factor,"An electrical engineering term meaning çeşitlilik faktörü, used in calculations & design contexts on site, in drawings or in technical documentation.",calculations & design
demand factor,"An electrical engineering term meaning talep faktörü, used in calculations & design contexts on site, in drawings or in technical documentation.",calculations & design
load diversity,"An electrical engineering term meaning yük çeşitliliği, used in calculations & design contexts on site, in drawings or in technical documentation.",calculations & design
ampacity calculation,"An electrical engineering term meaning akım taşıma kapasitesi hesabı, used in calculations & design contexts on site, in drawings or in technical documentation.",calculations & design
earthing system design,"An electrical engineering term meaning topraklama sistemi tasarımı, used in calculations & design contexts on site, in drawings or in technical documentation.",calculations & design
protection coordination,"An electrical engineering term meaning koruma koordinasyonu, used in calculations & design contexts on site, in drawings or in technical documentation.",calculations & design
illuminance calculation,"An electrical engineering term meaning aydınlık düzeyi hesabı, used in calculations & design contexts on site, in drawings or in technical documentation.",calculations & design
design margin,"An electrical engineering term meaning tasarım payı, used in calculations & design contexts on site, in drawings or in technical documentation.",calculations & design
N+1 redundancy,"An electrical engineering term meaning N+1 yedeklilik, used in calculations & design contexts on site, in drawings or in technical documentation.",calculations & design
busbar sizing,"An electrical engineering term meaning bara boyutlandırma, used in calculations & design contexts on site, in drawings or in technical documentation.",calculations & design
derating factor,"An electrical engineering term meaning derating faktörü, used in calculations & design contexts on site, in drawings or in technical documentation.",calculations & design
power flow analysis,"An electrical engineering term meaning güç akışı analizi, used in calculations & design contexts on site, in drawings or in technical documentation.",calculations & design
load flow study,"An electrical engineering term meaning yük akış etüdü, used in calculations & design contexts on site, in drawings or in technical documentation.",calculations & design
three-phase system,"An electrical engineering term meaning üç fazlı sistem, used in calculations & design contexts on site, in drawings or in technical documentation.",calculations & design
fuel tank,"An electrical engineering term meaning yakıt deposu, used in generators & UPS contexts on site, in drawings or in technical documentation.",generators & UPS
gas generator,"An electrical engineering term meaning gazlı jeneratör, used in generators & UPS contexts on site, in drawings or in technical documentation.",generators & UPS
generator set,"An electrical engineering term meaning jeneratör grubu, used in generators & UPS contexts on site, in drawings or in technical documentation.",generators & UPS
uninterruptible power supply,"An electrical engineering term meaning kesintisiz güç kaynağı, used in generators & UPS contexts on site, in drawings or in technical documentation.",generators & UPS
battery backup,"An electrical engineering term meaning akü yedeği, used in generators & UPS contexts on site, in drawings or in technical documentation.",generators & UPS
runtime,"An electrical engineering term meaning çalışma süresi, used in generators & UPS contexts on site, in drawings or in technical documentation.",generators & UPS
generator overhaul,"An electrical engineering term meaning jeneratör revizyonu, used in generators & UPS contexts on site, in drawings or in technical documentation.",generators & UPS
prime power generator,"An electrical engineering term meaning sürekli güç jeneratörü, used in generators & UPS contexts on site, in drawings or in technical documentation.",generators & UPS
automatic transfer switch,"An electrical engineering term meaning otomatik transfer şalteri, used in generators & UPS contexts on site, in drawings or in technical documentation.",generators & UPS
generator control panel,"An electrical engineering term meaning jeneratör kontrol panosu, used in generators & UPS contexts on site, in drawings or in technical documentation.",generators & UPS
load bank test,"An electrical engineering term meaning yük bankası testi, used in generators & UPS contexts on site, in drawings or in technical documentation.",generators & UPS
synchronizing panel,"An electrical engineering term meaning senkronizasyon panosu, used in generators & UPS contexts on site, in drawings or in technical documentation.",generators & UPS
alternator winding,"An electrical engineering term meaning alternatör sargısı, used in generators & UPS contexts on site, in drawings or in technical documentation.",generators & UPS
black start,"An electrical engineering term meaning siyah başlatma (kara başlangıç), used in generators & UPS contexts on site, in drawings or in technical documentation.",generators & UPS
paralleling switchgear,"An electrical engineering term meaning paralel çalışma şalt cihazı, used in generators & UPS contexts on site, in drawings or in technical documentation.",generators & UPS
cable basket,"An electrical engineering term meaning kablo sepeti, used in cabling & wiring contexts on site, in drawings or in technical documentation.",cabling & wiring
cable marker,"An electrical engineering term meaning kablo etiketi, used in cabling & wiring contexts on site, in drawings or in technical documentation.",cabling & wiring
junction box,"An electrical engineering term meaning bağlantı kutusu, used in cabling & wiring contexts on site, in drawings or in technical documentation.",cabling & wiring
wire stripper,"An electrical engineering term meaning kablo soyma pensesi, used in cabling & wiring contexts on site, in drawings or in technical documentation.",cabling & wiring
cable clamp,"An electrical engineering term meaning kablo kelepçesi, used in cabling & wiring contexts on site, in drawings or in technical documentation.",cabling & wiring
cable duct,"An electrical engineering term meaning kablo kanalı (duct), used in cabling & wiring contexts on site, in drawings or in technical documentation.",cabling & wiring
rigid conduit,"An electrical engineering term meaning sert boru (konduit), used in cabling & wiring contexts on site, in drawings or in technical documentation.",cabling & wiring
trailing cable,"An electrical engineering term meaning sürüklenen kablo, used in cabling & wiring contexts on site, in drawings or in technical documentation.",cabling & wiring
cable sleeve,"An electrical engineering term meaning kablo manşonu, used in cabling & wiring contexts on site, in drawings or in technical documentation.",cabling & wiring
cable routing plan,"An electrical engineering term meaning kablo güzergâh planı, used in cabling & wiring contexts on site, in drawings or in technical documentation.",cabling & wiring
crimping tool,"An electrical engineering term meaning sıkıştırma pensesi, used in cabling & wiring contexts on site, in drawings or in technical documentation.",cabling & wiring
terminal block,"An electrical engineering term meaning terminal blok, used in cabling & wiring contexts on site, in drawings or in technical documentation.",cabling & wiring
pull box,"An electrical engineering term meaning çekme kutusu, used in cabling & wiring contexts on site, in drawings or in technical documentation.",cabling & wiring
cable identification,"An electrical engineering term meaning kablo tanımlama, used in cabling & wiring contexts on site, in drawings or in technical documentation.",cabling & wiring
unarmored cable,"An electrical engineering term meaning zırhsız kablo, used in cabling & wiring contexts on site, in drawings or in technical documentation.",cabling & wiring
stranded conductor,"An electrical engineering term meaning örgülü iletken, used in cabling & wiring contexts on site, in drawings or in technical documentation.",cabling & wiring
multicore cable,"An electrical engineering term meaning çok damarlı kablo, used in cabling & wiring contexts on site, in drawings or in technical documentation.",cabling & wiring
cable joint,"An electrical engineering term meaning kablo eki, used in cabling & wiring contexts on site, in drawings or in technical documentation.",cabling & wiring
cable dressing,"An electrical engineering term meaning kablo düzenleme, used in cabling & wiring contexts on site, in drawings or in technical documentation.",cabling & wiring
cable schedule,"An electrical engineering term meaning kablo listesi, used in cabling & wiring contexts on site, in drawings or in technical documentation.",cabling & wiring
heat shrink sleeve,"An electrical engineering term meaning ısı ile büzüşen kılıf, used in cabling & wiring contexts on site, in drawings or in technical documentation.",cabling & wiring
wireway,"An electrical engineering term meaning kablo kanalı (wireway), used in cabling & wiring contexts on site, in drawings or in technical documentation.",cabling & wiring
cable segregation,"An electrical engineering term meaning kablo ayrımı, used in cabling & wiring contexts on site, in drawings or in technical documentation.",cabling & wiring
bending radius,"An electrical engineering term meaning bükülme yarıçapı, used in cabling & wiring contexts on site, in drawings or in technical documentation.",cabling & wiring
earth rod,"An electrical engineering term meaning toprak çubuğu, used in earthing & lightning protection contexts on site, in drawings or in technical documentation.",earthing & lightning protection
main earthing terminal,"An electrical engineering term meaning ana topraklama terminali, used in earthing & lightning protection contexts on site, in drawings or in technical documentation.",earthing & lightning protection
counterpoise earthing,"An electrical engineering term meaning karşı ağırlık topraklaması, used in earthing & lightning protection contexts on site, in drawings or in technical documentation.",earthing & lightning protection
earth pit,"An electrical engineering term meaning toprak çukuru, used in earthing & lightning protection contexts on site, in drawings or in technical documentation.",earthing & lightning protection
lightning protection system,"An electrical engineering term meaning yıldırımdan korunma sistemi, used in earthing & lightning protection contexts on site, in drawings or in technical documentation.",earthing & lightning protection
air terminal,"An electrical engineering term meaning hava sonlandırıcı, used in earthing & lightning protection contexts on site, in drawings or in technical documentation.",earthing & lightning protection
down conductor,"An electrical engineering term meaning iniş iletkeni, used in earthing & lightning protection contexts on site, in drawings or in technical documentation.",earthing & lightning protection
earth resistance,"An electrical engineering term meaning toprak direnci, used in earthing & lightning protection contexts on site, in drawings or in technical documentation.",earthing & lightning protection
surge arrester,"An electrical engineering term meaning dalgalanma önleyici, used in earthing & lightning protection contexts on site, in drawings or in technical documentation.",earthing & lightning protection
protective earthing,"An electrical engineering term meaning koruyucu topraklama, used in earthing & lightning protection contexts on site, in drawings or in technical documentation.",earthing & lightning protection
earth continuity,"An electrical engineering term meaning toprak devamlılığı, used in earthing & lightning protection contexts on site, in drawings or in technical documentation.",earthing & lightning protection
earth bar,"An electrical engineering term meaning toprak barası, used in earthing & lightning protection contexts on site, in drawings or in technical documentation.",earthing & lightning protection
earth mat,"An electrical engineering term meaning toprak matı, used in earthing & lightning protection contexts on site, in drawings or in technical documentation.",earthing & lightning protection
resistance earthing,"An electrical engineering term meaning dirençli topraklama, used in earthing & lightning protection contexts on site, in drawings or in technical documentation.",earthing & lightning protection
equipotential bonding,"An electrical engineering term meaning eşpotansiyel bağlama, used in earthing & lightning protection contexts on site, in drawings or in technical documentation.",earthing & lightning protection
functional earthing,"An electrical engineering term meaning fonksiyonel topraklama, used in earthing & lightning protection contexts on site, in drawings or in technical documentation.",earthing & lightning protection
touch voltage,"An electrical engineering term meaning dokunma gerilimi, used in earthing & lightning protection contexts on site, in drawings or in technical documentation.",earthing & lightning protection
step voltage,"An electrical engineering term meaning adım gerilimi, used in earthing & lightning protection contexts on site, in drawings or in technical documentation.",earthing & lightning protection
programmable logic controller,"An electrical engineering term meaning programlanabilir lojik kontrolör, used in SCADA / PLC / automation contexts on site, in drawings or in technical documentation.",SCADA / PLC / automation
SCADA system,"An electrical engineering term meaning SCADA sistemi, used in SCADA / PLC / automation contexts on site, in drawings or in technical documentation.",SCADA / PLC / automation
human machine interface,"An electrical engineering term meaning insan makine arayüzü, used in SCADA / PLC / automation contexts on site, in drawings or in technical documentation.",SCADA / PLC / automation
input/output module,"An electrical engineering term meaning giriş/çıkış modülü, used in SCADA / PLC / automation contexts on site, in drawings or in technical documentation.",SCADA / PLC / automation
field device,"An electrical engineering term meaning saha cihazı, used in SCADA / PLC / automation contexts on site, in drawings or in technical documentation.",SCADA / PLC / automation
setpoint,"An electrical engineering term meaning ayar noktası, used in SCADA / PLC / automation contexts on site, in drawings or in technical documentation.",SCADA / PLC / automation
alarm annunciation,"An electrical engineering term meaning alarm bildirimi, used in SCADA / PLC / automation contexts on site, in drawings or in technical documentation.",SCADA / PLC / automation
process variable,"An electrical engineering term meaning proses değişkeni, used in SCADA / PLC / automation contexts on site, in drawings or in technical documentation.",SCADA / PLC / automation
feedback loop,"An electrical engineering term meaning geri besleme döngüsü, used in SCADA / PLC / automation contexts on site, in drawings or in technical documentation.",SCADA / PLC / automation
interlock logic,"An electrical engineering term meaning kilitleme mantığı, used in SCADA / PLC / automation contexts on site, in drawings or in technical documentation.",SCADA / PLC / automation
ladder logic,"An electrical engineering term meaning merdiven mantığı, used in SCADA / PLC / automation contexts on site, in drawings or in technical documentation.",SCADA / PLC / automation
fieldbus,"An electrical engineering term meaning saha veri yolu, used in SCADA / PLC / automation contexts on site, in drawings or in technical documentation.",SCADA / PLC / automation
Modbus protocol,"An electrical engineering term meaning Modbus protokolü, used in SCADA / PLC / automation contexts on site, in drawings or in technical documentation.",SCADA / PLC / automation
Profibus,"An electrical engineering term meaning Profibus, used in SCADA / PLC / automation contexts on site, in drawings or in technical documentation.",SCADA / PLC / automation
remote terminal unit,"An electrical engineering term meaning uzak terminal birimi, used in SCADA / PLC / automation contexts on site, in drawings or in technical documentation.",SCADA / PLC / automation
distributed control system,"An electrical engineering term meaning dağıtık kontrol sistemi, used in SCADA / PLC / automation contexts on site, in drawings or in technical documentation.",SCADA / PLC / automation
control loop tuning,"An electrical engineering term meaning kontrol döngüsü ayarlama, used in SCADA / PLC / automation contexts on site, in drawings or in technical documentation.",SCADA / PLC / automation
PID controller,"An electrical engineering term meaning PID kontrolör, used in SCADA / PLC / automation contexts on site, in drawings or in technical documentation.",SCADA / PLC / automation
tag database,"An electrical engineering term meaning etiket veritabanı, used in SCADA / PLC / automation contexts on site, in drawings or in technical documentation.",SCADA / PLC / automation
edge device,"An electrical engineering term meaning uç cihaz, used in SCADA / PLC / automation contexts on site, in drawings or in technical documentation.",SCADA / PLC / automation
redundant controller,"An electrical engineering term meaning yedekli kontrolör, used in SCADA / PLC / automation contexts on site, in drawings or in technical documentation.",SCADA / PLC / automation
IoT gateway,"An electrical engineering term meaning IoT ağ geçidi, used in SCADA / PLC / automation contexts on site, in drawings or in technical documentation.",SCADA / PLC / automation
historian software,"An electrical engineering term meaning veri kayıt yazılımı, used in SCADA / PLC / automation contexts on site, in drawings or in technical documentation.",SCADA / PLC / automation
alarm rationalization,"An electrical engineering term meaning alarm rasyonalizasyonu, used in SCADA / PLC / automation contexts on site, in drawings or in technical documentation.",SCADA / PLC / automation
continuity test,"An electrical engineering term meaning süreklilik testi, used in testing & commissioning contexts on site, in drawings or in technical documentation.",testing & commissioning
test report,"An electrical engineering term meaning test raporu, used in testing & commissioning contexts on site, in drawings or in technical documentation.",testing & commissioning
functional test,"An electrical engineering term meaning fonksiyonel test, used in testing & commissioning contexts on site, in drawings or in technical documentation.",testing & commissioning
commissioning procedure,"An electrical engineering term meaning devreye alma prosedürü, used in testing & commissioning contexts on site, in drawings or in technical documentation.",testing & commissioning
pre-commissioning,"An electrical engineering term meaning ön devreye alma, used in testing & commissioning contexts on site, in drawings or in technical documentation.",testing & commissioning
energization,"An electrical engineering term meaning enerjilendirme, used in testing & commissioning contexts on site, in drawings or in technical documentation.",testing & commissioning
polarity test,"An electrical engineering term meaning polarite testi, used in testing & commissioning contexts on site, in drawings or in technical documentation.",testing & commissioning
insulation resistance test,"An electrical engineering term meaning yalıtım direnci testi, used in testing & commissioning contexts on site, in drawings or in technical documentation.",testing & commissioning
earth continuity test,"An electrical engineering term meaning toprak devamlılık testi, used in testing & commissioning contexts on site, in drawings or in technical documentation.",testing & commissioning
RCD test,"An electrical engineering term meaning kaçak akım rölesi testi, used in testing & commissioning contexts on site, in drawings or in technical documentation.",testing & commissioning
punch list,"An electrical engineering term meaning eksik iş listesi, used in testing & commissioning contexts on site, in drawings or in technical documentation.",testing & commissioning
snag list,"An electrical engineering term meaning eksik/kusur listesi, used in testing & commissioning contexts on site, in drawings or in technical documentation.",testing & commissioning
as-built drawing,"An electrical engineering term meaning uygulama sonrası çizim, used in testing & commissioning contexts on site, in drawings or in technical documentation.",testing & commissioning
performance test,"An electrical engineering term meaning performans testi, used in testing & commissioning contexts on site, in drawings or in technical documentation.",testing & commissioning
commissioning checklist,"An electrical engineering term meaning devreye alma kontrol listesi, used in testing & commissioning contexts on site, in drawings or in technical documentation.",testing & commissioning
handover documentation,"An electrical engineering term meaning teslim dokümantasyonu, used in testing & commissioning contexts on site, in drawings or in technical documentation.",testing & commissioning
point-to-point test,"An electrical engineering term meaning uçtan uca test, used in testing & commissioning contexts on site, in drawings or in technical documentation.",testing & commissioning
witness test,"An electrical engineering term meaning tanıklı test, used in testing & commissioning contexts on site, in drawings or in technical documentation.",testing & commissioning
factory witness test,"An electrical engineering term meaning fabrika tanıklı testi, used in testing & commissioning contexts on site, in drawings or in technical documentation.",testing & commissioning
system integration test,"An electrical engineering term meaning sistem entegrasyon testi, used in testing & commissioning contexts on site, in drawings or in technical documentation.",testing & commissioning
loop impedance test,"An electrical engineering term meaning döngü empedans testi, used in testing & commissioning contexts on site, in drawings or in technical documentation.",testing & commissioning
burn-in test,"An electrical engineering term meaning ilk çalıştırma testi, used in testing & commissioning contexts on site, in drawings or in technical documentation.",testing & commissioning
dielectric test,"An electrical engineering term meaning dielektrik test, used in testing & commissioning contexts on site, in drawings or in technical documentation.",testing & commissioning
high potential test,"An electrical engineering term meaning yüksek gerilim testi, used in testing & commissioning contexts on site, in drawings or in technical documentation.",testing & commissioning
wiring diagram,"An electrical engineering term meaning kablo şeması, used in documentation & drawings contexts on site, in drawings or in technical documentation.",documentation & drawings
equipment list,"An electrical engineering term meaning ekipman listesi, used in documentation & drawings contexts on site, in drawings or in technical documentation.",documentation & drawings
datasheet,"An electrical engineering term meaning veri sayfası, used in documentation & drawings contexts on site, in drawings or in technical documentation.",documentation & drawings
schematic diagram,"An electrical engineering term meaning şema diyagramı, used in documentation & drawings contexts on site, in drawings or in technical documentation.",documentation & drawings
layout drawing,"An electrical engineering term meaning yerleşim çizimi, used in documentation & drawings contexts on site, in drawings or in technical documentation.",documentation & drawings
bill of materials,"An electrical engineering term meaning malzeme listesi, used in documentation & drawings contexts on site, in drawings or in technical documentation.",documentation & drawings
revision,"An electrical engineering term meaning revizyon, used in documentation & drawings contexts on site, in drawings or in technical documentation.",documentation & drawings
title block,"An electrical engineering term meaning başlık bloğu, used in documentation & drawings contexts on site, in drawings or in technical documentation.",documentation & drawings
markup,"An electrical engineering term meaning işaretleme (çizim), used in documentation & drawings contexts on site, in drawings or in technical documentation.",documentation & drawings
approval stamp,"An electrical engineering term meaning onay kaşesi, used in documentation & drawings contexts on site, in drawings or in technical documentation.",documentation & drawings
technical file,"An electrical engineering term meaning teknik dosya, used in documentation & drawings contexts on site, in drawings or in technical documentation.",documentation & drawings
as-built documentation,"An electrical engineering term meaning uygulama sonrası dokümantasyon, used in documentation & drawings contexts on site, in drawings or in technical documentation.",documentation & drawings
specification sheet,"An electrical engineering term meaning teknik şartname, used in documentation & drawings contexts on site, in drawings or in technical documentation.",documentation & drawings
shop drawing,"An electrical engineering term meaning imalat çizimi, used in documentation & drawings contexts on site, in drawings or in technical documentation.",documentation & drawings
drawing register,"An electrical engineering term meaning çizim kayıt listesi, used in documentation & drawings contexts on site, in drawings or in technical documentation.",documentation & drawings
symbol legend,"An electrical engineering term meaning sembol açıklaması, used in documentation & drawings contexts on site, in drawings or in technical documentation.",documentation & drawings
red-line drawing,"An electrical engineering term meaning kırmızı işaretli çizim, used in documentation & drawings contexts on site, in drawings or in technical documentation.",documentation & drawings
document control,"An electrical engineering term meaning doküman kontrolü, used in documentation & drawings contexts on site, in drawings or in technical documentation.",documentation & drawings
technical submittal,"An electrical engineering term meaning teknik sunum, used in documentation & drawings contexts on site, in drawings or in technical documentation.",documentation & drawings
transmittal,"An electrical engineering term meaning evrak iletim formu, used in documentation & drawings contexts on site, in drawings or in technical documentation.",documentation & drawings
electrical engineer,"An electrical engineering term meaning elektrik mühendisi, used in job roles & site communication contexts on site, in drawings or in technical documentation.",job roles & site communication
chief electrician,"An electrical engineering term meaning elektrik şefi, used in job roles & site communication contexts on site, in drawings or in technical documentation.",job roles & site communication
site electrician,"An electrical engineering term meaning saha elektrikçisi, used in job roles & site communication contexts on site, in drawings or in technical documentation.",job roles & site communication
supervisor,"An electrical engineering term meaning şef / sorumlu, used in job roles & site communication contexts on site, in drawings or in technical documentation.",job roles & site communication
commissioning engineer,"An electrical engineering term meaning devreye alma mühendisi, used in job roles & site communication contexts on site, in drawings or in technical documentation.",job roles & site communication
design engineer,"An electrical engineering term meaning tasarım mühendisi, used in job roles & site communication contexts on site, in drawings or in technical documentation.",job roles & site communication
maintenance engineer,"An electrical engineering term meaning bakım mühendisi, used in job roles & site communication contexts on site, in drawings or in technical documentation.",job roles & site communication
foreman,"An electrical engineering term meaning ustabaşı, used in job roles & site communication contexts on site, in drawings or in technical documentation.",job roles & site communication
lead engineer,"An electrical engineering term meaning baş mühendis, used in job roles & site communication contexts on site, in drawings or in technical documentation.",job roles & site communication
project engineer,"An electrical engineering term meaning proje mühendisi, used in job roles & site communication contexts on site, in drawings or in technical documentation.",job roles & site communication
apprentice electrician,"An electrical engineering term meaning çırak elektrikçi, used in job roles & site communication contexts on site, in drawings or in technical documentation.",job roles & site communication
switchboard operator,"An electrical engineering term meaning pano operatörü, used in job roles & site communication contexts on site, in drawings or in technical documentation.",job roles & site communication
control room operator,"An electrical engineering term meaning kontrol odası operatörü, used in job roles & site communication contexts on site, in drawings or in technical documentation.",job roles & site communication
shift engineer,"An electrical engineering term meaning vardiya mühendisi, used in job roles & site communication contexts on site, in drawings or in technical documentation.",job roles & site communication
test engineer,"An electrical engineering term meaning test mühendisi, used in job roles & site communication contexts on site, in drawings or in technical documentation.",job roles & site communication
panel builder,"An electrical engineering term meaning pano imalatçısı, used in job roles & site communication contexts on site, in drawings or in technical documentation.",job roles & site communication
cable installer,"An electrical engineering term meaning kablo montaj elemanı, used in job roles & site communication contexts on site, in drawings or in technical documentation.",job roles & site communication
permit holder,"An electrical engineering term meaning izin sahibi, used in job roles & site communication contexts on site, in drawings or in technical documentation.",job roles & site communication
authorized person,"An electrical engineering term meaning yetkili kişi, used in job roles & site communication contexts on site, in drawings or in technical documentation.",job roles & site communication
competent person,"An electrical engineering term meaning ehliyetli kişi, used in job roles & site communication contexts on site, in drawings or in technical documentation.",job roles & site communication
energy meter,"An electrical engineering term meaning enerji sayacı, used in energy metering & billing contexts on site, in drawings or in technical documentation.",energy metering & billing
meter reading,"An electrical engineering term meaning sayaç okuma, used in energy metering & billing contexts on site, in drawings or in technical documentation.",energy metering & billing
smart meter,"An electrical engineering term meaning akıllı sayaç, used in energy metering & billing contexts on site, in drawings or in technical documentation.",energy metering & billing
kilowatt-hour,"An electrical engineering term meaning kilovat-saat, used in energy metering & billing contexts on site, in drawings or in technical documentation.",energy metering & billing
power consumption,"An electrical engineering term meaning güç tüketimi, used in energy metering & billing contexts on site, in drawings or in technical documentation.",energy metering & billing
prepaid meter,"An electrical engineering term meaning ön ödemeli sayaç, used in energy metering & billing contexts on site, in drawings or in technical documentation.",energy metering & billing
consumption data,"An electrical engineering term meaning tüketim verisi, used in energy metering & billing contexts on site, in drawings or in technical documentation.",energy metering & billing
billing cycle,"An electrical engineering term meaning fatura dönemi, used in energy metering & billing contexts on site, in drawings or in technical documentation.",energy metering & billing
demand charge,"An electrical engineering term meaning talep bedeli, used in energy metering & billing contexts on site, in drawings or in technical documentation.",energy metering & billing
tariff structure,"An electrical engineering term meaning tarife yapısı, used in energy metering & billing contexts on site, in drawings or in technical documentation.",energy metering & billing
peak demand,"An electrical engineering term meaning tepe talep, used in energy metering & billing contexts on site, in drawings or in technical documentation.",energy metering & billing
load profile,"An electrical engineering term meaning yük profili, used in energy metering & billing contexts on site, in drawings or in technical documentation.",energy metering & billing
meter calibration,"An electrical engineering term meaning sayaç kalibrasyonu, used in energy metering & billing contexts on site, in drawings or in technical documentation.",energy metering & billing
energy monitoring system,"An electrical engineering term meaning enerji izleme sistemi, used in energy metering & billing contexts on site, in drawings or in technical documentation.",energy metering & billing
meter accuracy class,"An electrical engineering term meaning sayaç doğruluk sınıfı, used in energy metering & billing contexts on site, in drawings or in technical documentation.",energy metering & billing
extra high voltage,"An electrical engineering term meaning ekstra yüksek gerilim, used in HV/MV/LV distribution network contexts on site, in drawings or in technical documentation.",HV/MV/LV distribution network
voltage class,"An electrical engineering term meaning gerilim sınıfı, used in HV/MV/LV distribution network contexts on site, in drawings or in technical documentation.",HV/MV/LV distribution network
voltage band,"An electrical engineering term meaning gerilim bandı, used in HV/MV/LV distribution network contexts on site, in drawings or in technical documentation.",HV/MV/LV distribution network
overhead line,"An electrical engineering term meaning havai hat, used in HV/MV/LV distribution network contexts on site, in drawings or in technical documentation.",HV/MV/LV distribution network
underground cable network,"An electrical engineering term meaning yeraltı kablo şebekesi, used in HV/MV/LV distribution network contexts on site, in drawings or in technical documentation.",HV/MV/LV distribution network
distribution network,"An electrical engineering term meaning dağıtım şebekesi, used in HV/MV/LV distribution network contexts on site, in drawings or in technical documentation.",HV/MV/LV distribution network
pole-mounted transformer,"An electrical engineering term meaning direk üstü transformatör, used in HV/MV/LV distribution network contexts on site, in drawings or in technical documentation.",HV/MV/LV distribution network
express feeder,"An electrical engineering term meaning ekspres besleme hattı, used in HV/MV/LV distribution network contexts on site, in drawings or in technical documentation.",HV/MV/LV distribution network
switching substation,"An electrical engineering term meaning şalt merkezi, used in HV/MV/LV distribution network contexts on site, in drawings or in technical documentation.",HV/MV/LV distribution network
transmission line,"An electrical engineering term meaning iletim hattı, used in HV/MV/LV distribution network contexts on site, in drawings or in technical documentation.",HV/MV/LV distribution network
smart grid,"An electrical engineering term meaning akıllı şebeke, used in HV/MV/LV distribution network contexts on site, in drawings or in technical documentation.",HV/MV/LV distribution network
primary substation,"An electrical engineering term meaning birincil trafo merkezi, used in HV/MV/LV distribution network contexts on site, in drawings or in technical documentation.",HV/MV/LV distribution network
secondary substation,"An electrical engineering term meaning ikincil trafo merkezi, used in HV/MV/LV distribution network contexts on site, in drawings or in technical documentation.",HV/MV/LV distribution network
interconnection,"An electrical engineering term meaning ara bağlantı, used in HV/MV/LV distribution network contexts on site, in drawings or in technical documentation.",HV/MV/LV distribution network
distribution feeder,"An electrical engineering term meaning dağıtım besleme hattı, used in HV/MV/LV distribution network contexts on site, in drawings or in technical documentation.",HV/MV/LV distribution network
network protection,"An electrical engineering term meaning şebeke koruması, used in HV/MV/LV distribution network contexts on site, in drawings or in technical documentation.",HV/MV/LV distribution network
microgrid,"An electrical engineering term meaning mikro şebeke, used in HV/MV/LV distribution network contexts on site, in drawings or in technical documentation.",HV/MV/LV distribution network
ring main unit,"An electrical engineering term meaning halka ana ünitesi, used in HV/MV/LV distribution network contexts on site, in drawings or in technical documentation.",HV/MV/LV distribution network
load shedding,"An electrical engineering term meaning yük atma, used in HV/MV/LV distribution network contexts on site, in drawings or in technical documentation.",HV/MV/LV distribution network
grid stability,"An electrical engineering term meaning şebeke kararlılığı, used in HV/MV/LV distribution network contexts on site, in drawings or in technical documentation.",HV/MV/LV distribution network
grid code,"An electrical engineering term meaning şebeke yönetmeliği, used in HV/MV/LV distribution network contexts on site, in drawings or in technical documentation.",HV/MV/LV distribution network
voltage profile,"An electrical engineering term meaning gerilim profili, used in HV/MV/LV distribution network contexts on site, in drawings or in technical documentation.",HV/MV/LV distribution network
network reconfiguration,"An electrical engineering term meaning şebeke yeniden yapılandırması, used in HV/MV/LV distribution network contexts on site, in drawings or in technical documentation.",HV/MV/LV distribution network
islanding,"An electrical engineering term meaning adalanma, used in HV/MV/LV distribution network contexts on site, in drawings or in technical documentation.",HV/MV/LV distribution network
power system stability,"An electrical engineering term meaning güç sistemi kararlılığı, used in HV/MV/LV distribution network contexts on site, in drawings or in technical documentation.",HV/MV/LV distribution network
voltage tester,"An electrical engineering term meaning gerilim test kalemi, used in electrical safety contexts on site, in drawings or in technical documentation.",electrical safety
insulated gloves,"An electrical engineering term meaning yalıtkan eldiven, used in electrical safety contexts on site, in drawings or in technical documentation.",electrical safety
shock hazard,"An electrical engineering term meaning elektrik çarpması tehlikesi, used in electrical safety contexts on site, in drawings or in technical documentation.",electrical safety
electrical hazard,"An electrical engineering term meaning elektrik tehlikesi, used in electrical safety contexts on site, in drawings or in technical documentation.",electrical safety
lockout tagout,"An electrical engineering term meaning kilitleme etiketleme (LOTO), used in electrical safety contexts on site, in drawings or in technical documentation.",electrical safety
lockout device,"An electrical engineering term meaning kilitleme cihazı, used in electrical safety contexts on site, in drawings or in technical documentation.",electrical safety
energy isolation,"An electrical engineering term meaning enerji izolasyonu, used in electrical safety contexts on site, in drawings or in technical documentation.",electrical safety
permit to work,"An electrical engineering term meaning çalışma izni, used in electrical safety contexts on site, in drawings or in technical documentation.",electrical safety
switching operation,"An electrical engineering term meaning anahtarlama işlemi, used in electrical safety contexts on site, in drawings or in technical documentation.",electrical safety
safe isolation,"An electrical engineering term meaning güvenli izolasyon, used in electrical safety contexts on site, in drawings or in technical documentation.",electrical safety
dead testing,"An electrical engineering term meaning ölü test (gerilimsizlik testi), used in electrical safety contexts on site, in drawings or in technical documentation.",electrical safety
de-energized equipment,"An electrical engineering term meaning enerjisiz ekipman, used in electrical safety contexts on site, in drawings or in technical documentation.",electrical safety
earth leakage protection,"An electrical engineering term meaning toprak kaçağı koruması, used in electrical safety contexts on site, in drawings or in technical documentation.",electrical safety
arc-rated clothing,"An electrical engineering term meaning ark dayanımlı kıyafet, used in electrical safety contexts on site, in drawings or in technical documentation.",electrical safety
proximity voltage detector,"An electrical engineering term meaning yakınlık gerilim dedektörü, used in electrical safety contexts on site, in drawings or in technical documentation.",electrical safety
live working,"An electrical engineering term meaning canlı hat çalışması, used in electrical safety contexts on site, in drawings or in technical documentation.",electrical safety
arc flash boundary,"An electrical engineering term meaning ark flaş sınırı, used in electrical safety contexts on site, in drawings or in technical documentation.",electrical safety
flash hazard analysis,"An electrical engineering term meaning ark flaş tehlike analizi, used in electrical safety contexts on site, in drawings or in technical documentation.",electrical safety
live wire,"An electrical engineering term meaning enerjili tel (faz teli), used in circuit theory contexts on site, in drawings or in technical documentation.",circuit theory
earth wire,"An electrical engineering term meaning toprak teli, used in circuit theory contexts on site, in drawings or in technical documentation.",circuit theory
circuit diagram,"An electrical engineering term meaning devre şeması, used in circuit theory contexts on site, in drawings or in technical documentation.",circuit theory
electric potential,"An electrical engineering term meaning elektrik potansiyeli, used in circuit theory contexts on site, in drawings or in technical documentation.",circuit theory
electric charge,"An electrical engineering term meaning elektrik yükü, used in circuit theory contexts on site, in drawings or in technical documentation.",circuit theory
single-phase supply,"An electrical engineering term meaning tek fazlı besleme, used in circuit theory contexts on site, in drawings or in technical documentation.",circuit theory
three-phase supply,"An electrical engineering term meaning üç fazlı besleme, used in circuit theory contexts on site, in drawings or in technical documentation.",circuit theory
neutral conductor,"An electrical engineering term meaning nötr iletken, used in circuit theory contexts on site, in drawings or in technical documentation.",circuit theory
phase conductor,"An electrical engineering term meaning faz iletkeni, used in circuit theory contexts on site, in drawings or in technical documentation.",circuit theory
short circuit,"An electrical engineering term meaning kısa devre, used in circuit theory contexts on site, in drawings or in technical documentation.",circuit theory
closed circuit,"An electrical engineering term meaning kapalı devre, used in circuit theory contexts on site, in drawings or in technical documentation.",circuit theory
series circuit,"An electrical engineering term meaning seri devre, used in circuit theory contexts on site, in drawings or in technical documentation.",circuit theory
parallel circuit,"An electrical engineering term meaning paralel devre, used in circuit theory contexts on site, in drawings or in technical documentation.",circuit theory
Ohm's law,"An electrical engineering term meaning Ohm kanunu, used in circuit theory contexts on site, in drawings or in technical documentation.",circuit theory
conductance,"An electrical engineering term meaning iletkenlik, used in circuit theory contexts on site, in drawings or in technical documentation.",circuit theory
electric field,"An electrical engineering term meaning elektrik alanı, used in circuit theory contexts on site, in drawings or in technical documentation.",circuit theory
magnetic field,"An electrical engineering term meaning manyetik alan, used in circuit theory contexts on site, in drawings or in technical documentation.",circuit theory
phasor diagram,"An electrical engineering term meaning fazör diyagramı, used in circuit theory contexts on site, in drawings or in technical documentation.",circuit theory
Kirchhoff's law,"An electrical engineering term meaning Kirchhoff kanunu, used in circuit theory contexts on site, in drawings or in technical documentation.",circuit theory
admittance,"An electrical engineering term meaning admitans, used in circuit theory contexts on site, in drawings or in technical documentation.",circuit theory
redundant power supply,"An electrical engineering term meaning yedekli güç kaynağı, used in data center & communication contexts on site, in drawings or in technical documentation.",data center & communication
busway system,"An electrical engineering term meaning bara kanalı sistemi, used in data center & communication contexts on site, in drawings or in technical documentation.",data center & communication
cable management system,"An electrical engineering term meaning kablo yönetim sistemi, used in data center & communication contexts on site, in drawings or in technical documentation.",data center & communication
structured cabling,"An electrical engineering term meaning yapısal kablolama, used in data center & communication contexts on site, in drawings or in technical documentation.",data center & communication
keystone jack,"An electrical engineering term meaning keystone soket, used in data center & communication contexts on site, in drawings or in technical documentation.",data center & communication
equipment rack,"An electrical engineering term meaning ekipman kabini, used in data center & communication contexts on site, in drawings or in technical documentation.",data center & communication
power distribution unit,"An electrical engineering term meaning güç dağıtım ünitesi, used in data center & communication contexts on site, in drawings or in technical documentation.",data center & communication
emergency power off,"An electrical engineering term meaning acil güç kesme, used in data center & communication contexts on site, in drawings or in technical documentation.",data center & communication
generator load bank,"An electrical engineering term meaning jeneratör yük bankası, used in data center & communication contexts on site, in drawings or in technical documentation.",data center & communication
cooling system integration,"An electrical engineering term meaning soğutma sistemi entegrasyonu, used in data center & communication contexts on site, in drawings or in technical documentation.",data center & communication
N+1 configuration,"An electrical engineering term meaning N+1 yapılandırması, used in data center & communication contexts on site, in drawings or in technical documentation.",data center & communication
dual power feed,"An electrical engineering term meaning çift güç beslemesi, used in data center & communication contexts on site, in drawings or in technical documentation.",data center & communication
containment system,"An electrical engineering term meaning havalandırma bariyer sistemi, used in data center & communication contexts on site, in drawings or in technical documentation.",data center & communication
raised floor system,"An electrical engineering term meaning yükseltilmiş döşeme sistemi, used in data center & communication contexts on site, in drawings or in technical documentation.",data center & communication
based,Extracted from multi-word term in electrical.,vocabulary
breakers,Extracted from multi-word term in electrical.,vocabulary
calculations,Extracted from multi-word term in electrical.,vocabulary
controls,Extracted from multi-word term in electrical.,vocabulary
cybersecurity,Extracted from multi-word term in electrical.,vocabulary
fans,Extracted from multi-word term in electrical.,vocabulary
generators,Extracted from multi-word term in electrical.,vocabulary
interrupter,Extracted from multi-word term in electrical.,vocabulary
ladders,Extracted from multi-word term in electrical.,vocabulary
levelized,Extracted from multi-word term in electrical.,vocabulary
panelboards,Extracted from multi-word term in electrical.,vocabulary
switchgears,Extracted from multi-word term in electrical.,vocabulary
systems,Extracted from multi-word term in electrical.,vocabulary
tier,Extracted from multi-word term in electrical.,vocabulary
transformers,Extracted from multi-word term in electrical.,vocabulary
