term,definition,category
bottom,"A civil term meaning alt / taban, used in site, drawing, installation or coordination contexts.",civil / building elements
hall,"A civil term meaning salon / hol / data hall, used in site, drawing, installation or coordination contexts.",civil / building elements
finish,"To finish something in a work, site or daily communication context.",civil / building elements
construction,"A civil term meaning inşaat, used in site, drawing, installation or coordination contexts.",construction
crane,"A civil term meaning vinç, used in site, drawing, installation or coordination contexts.",construction equipment
paint,"A civil term meaning boyamak, used in site, drawing, installation or coordination contexts.",finishes
painted,"A civil term meaning boyanmış, used in site, drawing, installation or coordination contexts.",finishes
painting,"A civil term meaning boyama, used in site, drawing, installation or coordination contexts.",finishes
bridge,"A civil term meaning köprü, used in site, drawing, installation or coordination contexts.",infrastructure
cut,"A civil term meaning kesilmiş, used in site, drawing, installation or coordination contexts.",installation
cutting,"A civil term meaning kesme, used in site, drawing, installation or coordination contexts.",installation
fix,"To fix something in a work, site or daily communication context.",installation
fixed,"A civil term meaning sabit / düzeltilmiş, used in site, drawing, installation or coordination contexts.",installation
fixing,"A civil term meaning sabitleme / düzeltme, used in site, drawing, installation or coordination contexts.",installation
bolt,"A civil term meaning cıvata, used in site, drawing, installation or coordination contexts.",materials
plate,"A civil term meaning plaka / levha, used in site, drawing, installation or coordination contexts.",materials
steel,"A civil term meaning çelik, used in site, drawing, installation or coordination contexts.",materials
column,"A civil term meaning kolon / sütun, used in site, drawing, installation or coordination contexts.",structure
concrete,"A civil term meaning beton, used in site, drawing, installation or coordination contexts.",structure
structure,"A civil term meaning yapı / strüktür, used in site, drawing, installation or coordination contexts.",structure
ramp,"A civil term meaning rampa, used in site, drawing, installation or coordination contexts.",building
depth,"A civil term meaning derinlik, used in site, drawing, installation or coordination contexts.",civil / building elements
drywall,"A civil term meaning alçıpan bölme, used in site, drawing, installation or coordination contexts.",civil / building elements
facility,"A civil term meaning tesis, used in site, drawing, installation or coordination contexts.",civil / building elements
horizontal,"An adjective meaning “yatay”, used to describe a condition, issue, status or requirement.",civil / building elements
layer,"A civil term meaning katman, used in site, drawing, installation or coordination contexts.",civil / building elements
park,"A civil term meaning otopark, used in site, drawing, installation or coordination contexts.",civil / building elements
raised,"A civil term meaning yükseltilmiş, used in site, drawing, installation or coordination contexts.",civil / building elements
reflected,"A civil term meaning yansıtılmış / RCP bağlamı, used in site, drawing, installation or coordination contexts.",civil / building elements
reinforced,"A civil term meaning donatılı / güçlendirilmiş, used in site, drawing, installation or coordination contexts.",civil / building elements
slab,"A civil term meaning döşeme, used in site, drawing, installation or coordination contexts.",civil / building elements
suspended,"A civil term meaning asma / askıda, used in site, drawing, installation or coordination contexts.",civil / building elements
toe,"A civil term meaning etek / toe-board bağlamı, used in site, drawing, installation or coordination contexts.",civil / building elements
clad steel,"A civil term meaning clad çelik, used in site, drawing, installation or coordination contexts.",civil construction
steel wires,"A civil term meaning çelik wires, used in site, drawing, installation or coordination contexts.",civil construction
backfill,"A civil term meaning dolgu / geri dolgu, used in site, drawing, installation or coordination contexts.",construction
excavate,"A civil term meaning kazı yapmak, used in site, drawing, installation or coordination contexts.",construction
excavated,"A civil term meaning kazılmış, used in site, drawing, installation or coordination contexts.",construction
excavating,"A civil term meaning kazı yapma, used in site, drawing, installation or coordination contexts.",construction
excavation,"A civil term meaning kazı, used in site, drawing, installation or coordination contexts.",construction
pillar,"A civil term meaning kolon / direk, used in site, drawing, installation or coordination contexts.",construction
civil,"An adjective meaning “inşaat / sivil”, used to describe a condition, issue, status or requirement.",discipline
underground,"A civil term meaning yeraltı, used in site, drawing, installation or coordination contexts.",infrastructure
bolted,"A civil term meaning cıvatalı, used in site, drawing, installation or coordination contexts.",installation
drill,"A civil term meaning delmek, used in site, drawing, installation or coordination contexts.",installation
drilled,"A civil term meaning delinmiş, used in site, drawing, installation or coordination contexts.",installation
drilling,"A civil term meaning delme, used in site, drawing, installation or coordination contexts.",installation
weld,"A civil term meaning kaynak yapmak, used in site, drawing, installation or coordination contexts.",installation
welded,"A civil term meaning kaynaklı / kaynak yapılmış, used in site, drawing, installation or coordination contexts.",installation
welding,"A civil term meaning kaynak yapma, used in site, drawing, installation or coordination contexts.",installation
adhesive,"An adjective meaning “yapıştırıcı”, used to describe a condition, issue, status or requirement.",materials
angle,"A civil term meaning açı / köşebent, used in site, drawing, installation or coordination contexts.",materials
bracket,"A civil term meaning braket / konsol, used in site, drawing, installation or coordination contexts.",materials
coat,"A civil term meaning kaplamak, used in site, drawing, installation or coordination contexts.",materials
coated,"A civil term meaning kaplanmış, used in site, drawing, installation or coordination contexts.",materials
coating,"A civil term meaning kaplama, used in site, drawing, installation or coordination contexts.",materials
mortar,"A civil term meaning harç, used in site, drawing, installation or coordination contexts.",materials
stainless,"An adjective meaning “paslanmaz”, used to describe a condition, issue, status or requirement.",materials
crack,"A civil term meaning çatlak, used in site, drawing, installation or coordination contexts.",quality control
grade,"A civil term meaning derece / sınıf / kot, used in site, drawing, installation or coordination contexts.",quality control
beam,"A civil term meaning kiriş / ışın, used in site, drawing, installation or coordination contexts.",structure
foundation,"A civil term meaning temel, used in site, drawing, installation or coordination contexts.",structure
pit,"A civil term meaning çukur / pit, used in site, drawing, installation or coordination contexts.",structure
strength,"A civil term meaning dayanım / güç, used in site, drawing, installation or coordination contexts.",structure
parapet,"A civil term meaning parapet / korkuluk duvarı, used in site, drawing, installation or coordination contexts.",building
beam detector,"A civil term meaning ışın tipi duman dedektörü, used in site, drawing, installation or coordination contexts.",civil construction
galvanized steel,"A civil term meaning galvanizli çelik, used in site, drawing, installation or coordination contexts.",civil construction
stainless steel,"A civil term meaning paslanmaz çelik, used in site, drawing, installation or coordination contexts.",civil construction
stainless steel conduit,"A civil term meaning paslanmaz çelik kablo borusu, used in site, drawing, installation or coordination contexts.",civil construction
steel conduits,"A civil term meaning çelik conduits, used in site, drawing, installation or coordination contexts.",civil construction
steel profiles,"A civil term meaning çelik profiles, used in site, drawing, installation or coordination contexts.",civil construction
baseplate,"A civil term meaning taban plakası, used in site, drawing, installation or coordination contexts.",components
blinding,"A civil term meaning grobeton / körleme, used in site, drawing, installation or coordination contexts.",construction
cavity,"A civil term meaning boşluk / oyuk, used in site, drawing, installation or coordination contexts.",construction
chasing,"A civil term meaning kanal açma, used in site, drawing, installation or coordination contexts.",construction
curing,"A civil term meaning kürleme, used in site, drawing, installation or coordination contexts.",construction
demolish,"A civil term meaning yıkmak, used in site, drawing, installation or coordination contexts.",construction
demolished,"A civil term meaning yıkılmış, used in site, drawing, installation or coordination contexts.",construction
demolishing,"A civil term meaning yıkma, used in site, drawing, installation or coordination contexts.",construction
demolition,"A civil term meaning yıkım, used in site, drawing, installation or coordination contexts.",construction
erect,"A civil term meaning kurmak / dikmek, used in site, drawing, installation or coordination contexts.",construction
erection,"A civil term meaning kurulum / montaj, used in site, drawing, installation or coordination contexts.",construction
formwork,"A civil term meaning kalıp işi, used in site, drawing, installation or coordination contexts.",construction
framing,"A civil term meaning çerçeveleme / konstrüksiyon, used in site, drawing, installation or coordination contexts.",construction
precast,"A civil term meaning prekast / ön üretimli, used in site, drawing, installation or coordination contexts.",construction
rebar,"A civil term meaning donatı demiri, used in site, drawing, installation or coordination contexts.",construction
reinforce,"A civil term meaning güçlendirmek / donatı koymak, used in site, drawing, installation or coordination contexts.",construction
reinforcement,"An adjective meaning “donatı / güçlendirme”, used to describe a condition, issue, status or requirement.",construction
settlement,"An adjective meaning “oturma / uzlaşma”, used to describe a condition, issue, status or requirement.",construction
setback,"A civil term meaning geri çekme mesafesi / aksama, used in site, drawing, installation or coordination contexts.",design
cladding,"A civil term meaning kaplama, used in site, drawing, installation or coordination contexts.",façade
axis,"A civil term meaning eksen, used in site, drawing, installation or coordination contexts.",geometry
aboveground,"A civil term meaning yerüstü, used in site, drawing, installation or coordination contexts.",infrastructure
manhole,"A civil term meaning menhol / rögar, used in site, drawing, installation or coordination contexts.",infrastructure
anchor,"A civil term meaning ankraj / sabitlemek, used in site, drawing, installation or coordination contexts.",installation
bore,"A civil term meaning delik açmak / delik, used in site, drawing, installation or coordination contexts.",installation
fabricate,"A civil term meaning imal etmek, used in site, drawing, installation or coordination contexts.",manufacturing
fabricated,"A civil term meaning imal edilmiş, used in site, drawing, installation or coordination contexts.",manufacturing
fabricating,"A civil term meaning imal etme, used in site, drawing, installation or coordination contexts.",manufacturing
fabrication,"A civil term meaning imalat, used in site, drawing, installation or coordination contexts.",manufacturing
aggregate,"A civil term meaning toplam / agrega, used in site, drawing, installation or coordination contexts.",materials
brittle,"A civil term meaning gevrek, used in site, drawing, installation or coordination contexts.",materials
chloride,"A civil term meaning klorür, used in site, drawing, installation or coordination contexts.",materials
coarse,"A civil term meaning kaba / iri taneli, used in site, drawing, installation or coordination contexts.",materials
corrosion,"A civil term meaning korozyon, used in site, drawing, installation or coordination contexts.",materials
galvanized,"A civil term meaning galvanizli, used in site, drawing, installation or coordination contexts.",materials
grating,"A civil term meaning ızgara, used in site, drawing, installation or coordination contexts.",materials
grout,"A civil term meaning grout / dolgu harcı, used in site, drawing, installation or coordination contexts.",materials
membrane,"A civil term meaning membran, used in site, drawing, installation or coordination contexts.",materials
moisture,"A civil term meaning nem / rutubet, used in site, drawing, installation or coordination contexts.",materials
mold,"A civil term meaning kalıp / küf, used in site, drawing, installation or coordination contexts.",materials
sealant,"An adjective meaning “sızdırmazlık malzemesi”, used to describe a condition, issue, status or requirement.",materials
dampness,"A civil term meaning rutubet, used in site, drawing, installation or coordination contexts.",quality
scaffolding,"A civil term meaning iskele sistemi, used in site, drawing, installation or coordination contexts.",site
acre,"A civil term meaning dönüm / acre, used in site, drawing, installation or coordination contexts.",site area
boundary,"An adjective meaning “sınır”, used to describe a condition, issue, status or requirement.",site area
brace,"A civil term meaning kuşak / çapraz destek, used in site, drawing, installation or coordination contexts.",structure
bracing,"A civil term meaning çapraz destekleme, used in site, drawing, installation or coordination contexts.",structure
deformation,"A civil term meaning deformasyon, used in site, drawing, installation or coordination contexts.",structure
lateral,"An adjective meaning “yatay / yanal”, used to describe a condition, issue, status or requirement.",structure
masonry,"A civil term meaning yığma / duvar işleri, used in site, drawing, installation or coordination contexts.",structure
plinth,"A civil term meaning kaide, used in site, drawing, installation or coordination contexts.",structure
seismic,"An adjective meaning “sismik / depremle ilgili”, used to describe a condition, issue, status or requirement.",structure
soffit,"A civil term meaning döşeme alt yüzeyi, used in site, drawing, installation or coordination contexts.",building
deflection,"A civil term meaning sehim / sapma, used in site, drawing, installation or coordination contexts.",calculation
mesh,"A civil term meaning örgü / tel örgü, used in site, drawing, installation or coordination contexts.",civil / building elements
perforated,"A civil term meaning delikli, used in site, drawing, installation or coordination contexts.",civil / building elements
galvanized steel conduits,"A civil term meaning galvanizli çelik conduits, used in site, drawing, installation or coordination contexts.",civil construction
satin stainless steel,"A civil term meaning saten paslanmaz çelik, used in site, drawing, installation or coordination contexts.",civil construction
chamfer,"A civil term meaning pah / pah kırmak, used in site, drawing, installation or coordination contexts.",construction
embankment,"An adjective meaning “dolgu şev / set”, used to describe a condition, issue, status or requirement.",construction
elastomeric,"An adjective meaning “elastomerik”, used to describe a condition, issue, status or requirement.",materials
impermeable,"An adjective meaning “geçirimsiz”, used to describe a condition, issue, status or requirement.",materials
passivation,"A civil term meaning pasivasyon, used in site, drawing, installation or coordination contexts.",materials
levelness,"A civil term meaning terazi / düzlemsellik, used in site, drawing, installation or coordination contexts.",quality
verticality,"A civil term meaning düşeylik, used in site, drawing, installation or coordination contexts.",quality control
cantilever,"A civil term meaning konsol çıkma, used in site, drawing, installation or coordination contexts.",structure
stiffness,"A civil term meaning rijitlik, used in site, drawing, installation or coordination contexts.",structure
cement,"A civil term meaning çimento, used in site, drawing, installation or coordination contexts.",concrete works
sand,"A civil term meaning kum, used in site, drawing, installation or coordination contexts.",concrete works
gravel,"A civil term meaning çakıl, used in site, drawing, installation or coordination contexts.",concrete works
concrete mix,"A civil term meaning beton karışımı, used in site, drawing, installation or coordination contexts.",concrete works
ready-mix concrete,"A civil term meaning hazır beton, used in site, drawing, installation or coordination contexts.",concrete works
concrete pour,"A civil term meaning beton dökümü, used in site, drawing, installation or coordination contexts.",concrete works
concrete curing,"A civil term meaning beton kürü, used in site, drawing, installation or coordination contexts.",concrete works
slump test,"A civil term meaning çökme testi, used in site, drawing, installation or coordination contexts.",concrete works
compressive strength,"A civil term meaning basınç dayanımı, used in site, drawing, installation or coordination contexts.",concrete works
concrete cube test,"A civil term meaning beton küp testi, used in site, drawing, installation or coordination contexts.",concrete works
water-cement ratio,"A civil term meaning su-çimento oranı, used in site, drawing, installation or coordination contexts.",concrete works
concrete cover,"A civil term meaning beton örtüsü / pas payı, used in site, drawing, installation or coordination contexts.",concrete works
honeycombing,"A civil term meaning petek görünümü (beton kusuru), used in site, drawing, installation or coordination contexts.",concrete works
cold joint,"A civil term meaning soğuk derz, used in site, drawing, installation or coordination contexts.",concrete works
concrete admixture,"A civil term meaning beton katkı maddesi, used in site, drawing, installation or coordination contexts.",concrete works
shrinkage crack,"A civil term meaning büzülme çatlağı, used in site, drawing, installation or coordination contexts.",concrete works
precast concrete,"A civil term meaning prefabrik beton, used in site, drawing, installation or coordination contexts.",concrete works
in-situ concrete,"A civil term meaning yerinde döküm beton, used in site, drawing, installation or coordination contexts.",concrete works
screed,"A civil term meaning şap, used in site, drawing, installation or coordination contexts.",concrete works
concrete finishing,"A civil term meaning beton yüzey bitirme, used in site, drawing, installation or coordination contexts.",concrete works
expansion joint (concrete),"A civil term meaning genleşme derzi (beton), used in site, drawing, installation or coordination contexts.",concrete works
construction joint,"A civil term meaning inşaat derzi, used in site, drawing, installation or coordination contexts.",concrete works
concrete batching plant,"A civil term meaning beton santrali, used in site, drawing, installation or coordination contexts.",concrete works
self-compacting concrete,"A civil term meaning kendiliğinden yerleşen beton, used in site, drawing, installation or coordination contexts.",concrete works
reinforced concrete,"A civil term meaning betonarme, used in site, drawing, installation or coordination contexts.",concrete works
concrete pump,"A civil term meaning beton pompası, used in site, drawing, installation or coordination contexts.",concrete works
vibrator (concrete),"A civil term meaning vibratör (beton), used in site, drawing, installation or coordination contexts.",concrete works
formwork stripping time,"A civil term meaning kalıp söküm süresi, used in site, drawing, installation or coordination contexts.",concrete works
plain concrete,"A civil term meaning sade beton, used in site, drawing, installation or coordination contexts.",concrete works
concrete grade,"A civil term meaning beton sınıfı, used in site, drawing, installation or coordination contexts.",concrete works
workability (concrete),"A civil term meaning işlenebilirlik (beton), used in site, drawing, installation or coordination contexts.",concrete works
air-entrained concrete,"A civil term meaning hava sürüklenmiş beton, used in site, drawing, installation or coordination contexts.",concrete works
high-strength concrete,"A civil term meaning yüksek dayanımlı beton, used in site, drawing, installation or coordination contexts.",concrete works
concrete durability,"A civil term meaning beton dayanıklılığı, used in site, drawing, installation or coordination contexts.",concrete works
carbonation,"A civil term meaning karbonatlaşma, used in site, drawing, installation or coordination contexts.",concrete works
chloride attack,"A civil term meaning klorür saldırısı, used in site, drawing, installation or coordination contexts.",concrete works
alkali-silica reaction,"A civil term meaning alkali-silika reaksiyonu, used in site, drawing, installation or coordination contexts.",concrete works
concrete repair,"A civil term meaning beton onarımı, used in site, drawing, installation or coordination contexts.",concrete works
shotcrete,"A civil term meaning püskürtme beton, used in site, drawing, installation or coordination contexts.",concrete works
mass concrete,"A civil term meaning kütle beton, used in site, drawing, installation or coordination contexts.",concrete works
hydration heat,"A civil term meaning hidratasyon ısısı, used in site, drawing, installation or coordination contexts.",concrete works
concrete segregation,"A civil term meaning beton ayrışması, used in site, drawing, installation or coordination contexts.",concrete works
bleeding (concrete),"A civil term meaning terleme (beton), used in site, drawing, installation or coordination contexts.",concrete works
plasticizer,"A civil term meaning plastikleştirici, used in site, drawing, installation or coordination contexts.",concrete works
superplasticizer,"A civil term meaning süper akışkanlaştırıcı, used in site, drawing, installation or coordination contexts.",concrete works
fly ash,"A civil term meaning uçucu kül, used in site, drawing, installation or coordination contexts.",concrete works
silica fume,"A civil term meaning silis dumanı, used in site, drawing, installation or coordination contexts.",concrete works
early age cracking,"A civil term meaning erken yaş çatlaması, used in site, drawing, installation or coordination contexts.",concrete works
steel beam,"A civil term meaning çelik kiriş, used in site, drawing, installation or coordination contexts.",structural steel
steel column,"A civil term meaning çelik kolon, used in site, drawing, installation or coordination contexts.",structural steel
I-beam,"A civil term meaning I profil kiriş, used in site, drawing, installation or coordination contexts.",structural steel
H-section,"A civil term meaning H profil, used in site, drawing, installation or coordination contexts.",structural steel
steel frame,"A civil term meaning çelik iskelet, used in site, drawing, installation or coordination contexts.",structural steel
bolted connection,"A civil term meaning cıvatalı bağlantı, used in site, drawing, installation or coordination contexts.",structural steel
welded connection,"A civil term meaning kaynaklı bağlantı, used in site, drawing, installation or coordination contexts.",structural steel
base plate,"A civil term meaning temel plakası, used in site, drawing, installation or coordination contexts.",structural steel
gusset plate,"A civil term meaning takviye plakası, used in site, drawing, installation or coordination contexts.",structural steel
steel truss,"A civil term meaning çelik kafes kiriş, used in site, drawing, installation or coordination contexts.",structural steel
purlin,"A civil term meaning aşık (çatı), used in site, drawing, installation or coordination contexts.",structural steel
bracing (steel),"A civil term meaning çaprazlama (çelik), used in site, drawing, installation or coordination contexts.",structural steel
steel erection,"A civil term meaning çelik montajı, used in site, drawing, installation or coordination contexts.",structural steel
shop drawing (steel),"A civil term meaning imalat çizimi (çelik), used in site, drawing, installation or coordination contexts.",structural steel
steel fabrication,"A civil term meaning çelik imalatı, used in site, drawing, installation or coordination contexts.",structural steel
corrosion protection coating,"A civil term meaning korozyon koruma kaplaması, used in site, drawing, installation or coordination contexts.",structural steel
fireproofing (steel),"A civil term meaning yangına dayanıklılık kaplaması, used in site, drawing, installation or coordination contexts.",structural steel
mill certificate,"A civil term meaning fabrika sertifikası, used in site, drawing, installation or coordination contexts.",structural steel
steel section,"A civil term meaning çelik profil, used in site, drawing, installation or coordination contexts.",structural steel
high-strength bolt,"A civil term meaning yüksek dayanımlı cıvata, used in site, drawing, installation or coordination contexts.",structural steel
moment connection,"A civil term meaning moment bağlantısı, used in site, drawing, installation or coordination contexts.",structural steel
shear connection,"A civil term meaning kayma bağlantısı, used in site, drawing, installation or coordination contexts.",structural steel
steel deck,"A civil term meaning çelik döşeme sacı, used in site, drawing, installation or coordination contexts.",structural steel
composite steel deck,"A civil term meaning kompozit çelik döşeme, used in site, drawing, installation or coordination contexts.",structural steel
stiffener plate,"A civil term meaning takviye plakası (kiriş), used in site, drawing, installation or coordination contexts.",structural steel
weld inspection (structural),"A civil term meaning kaynak muayenesi (yapısal), used in site, drawing, installation or coordination contexts.",structural steel
steel grade,"A civil term meaning çelik sınıfı, used in site, drawing, installation or coordination contexts.",structural steel
hot-rolled steel,"A civil term meaning sıcak haddelenmiş çelik, used in site, drawing, installation or coordination contexts.",structural steel
cold-formed steel,"A civil term meaning soğuk şekillendirilmiş çelik, used in site, drawing, installation or coordination contexts.",structural steel
fatigue design (steel),"A civil term meaning yorulma tasarımı (çelik), used in site, drawing, installation or coordination contexts.",structural steel
lateral torsional buckling,"A civil term meaning yanal burulmalı burkulma, used in site, drawing, installation or coordination contexts.",structural steel
footing,"A civil term meaning temel ayağı, used in site, drawing, installation or coordination contexts.",foundations & geotechnical
pile,"A civil term meaning kazık, used in site, drawing, installation or coordination contexts.",foundations & geotechnical
pile cap,"A civil term meaning kazık başlığı, used in site, drawing, installation or coordination contexts.",foundations & geotechnical
raft foundation,"A civil term meaning radye temel, used in site, drawing, installation or coordination contexts.",foundations & geotechnical
strip footing,"A civil term meaning şerit temel, used in site, drawing, installation or coordination contexts.",foundations & geotechnical
bearing capacity (soil),"A civil term meaning zemin taşıma kapasitesi, used in site, drawing, installation or coordination contexts.",foundations & geotechnical
soil test,"A civil term meaning zemin testi, used in site, drawing, installation or coordination contexts.",foundations & geotechnical
borehole,"A civil term meaning sondaj kuyusu, used in site, drawing, installation or coordination contexts.",foundations & geotechnical
geotechnical report,"A civil term meaning geoteknik rapor, used in site, drawing, installation or coordination contexts.",foundations & geotechnical
settlement (soil),"A civil term meaning oturma (zemin), used in site, drawing, installation or coordination contexts.",foundations & geotechnical
soil compaction,"A civil term meaning zemin sıkıştırma, used in site, drawing, installation or coordination contexts.",foundations & geotechnical
plate load test,"A civil term meaning plaka yükleme testi, used in site, drawing, installation or coordination contexts.",foundations & geotechnical
standard penetration test,"A civil term meaning standart penetrasyon testi, used in site, drawing, installation or coordination contexts.",foundations & geotechnical
groundwater level,"A civil term meaning yeraltı su seviyesi, used in site, drawing, installation or coordination contexts.",foundations & geotechnical
dewatering,"A civil term meaning susuzlaştırma, used in site, drawing, installation or coordination contexts.",foundations & geotechnical
retaining wall,"A civil term meaning istinat duvarı, used in site, drawing, installation or coordination contexts.",foundations & geotechnical
sheet pile wall,"A civil term meaning palplanş duvar, used in site, drawing, installation or coordination contexts.",foundations & geotechnical
underpinning,"A civil term meaning temel takviyesi, used in site, drawing, installation or coordination contexts.",foundations & geotechnical
soil bearing pressure,"A civil term meaning zemin taşıma basıncı, used in site, drawing, installation or coordination contexts.",foundations & geotechnical
liquefaction,"A civil term meaning sıvılaşma, used in site, drawing, installation or coordination contexts.",foundations & geotechnical
slope stability,"A civil term meaning şev stabilitesi, used in site, drawing, installation or coordination contexts.",foundations & geotechnical
geotextile,"A civil term meaning jeotekstil, used in site, drawing, installation or coordination contexts.",foundations & geotechnical
pile driving,"A civil term meaning kazık çakma, used in site, drawing, installation or coordination contexts.",foundations & geotechnical
bored pile,"A civil term meaning fore kazık, used in site, drawing, installation or coordination contexts.",foundations & geotechnical
soil investigation,"A civil term meaning zemin araştırması, used in site, drawing, installation or coordination contexts.",foundations & geotechnical
triaxial test,"A civil term meaning üç eksenli test, used in site, drawing, installation or coordination contexts.",foundations & geotechnical
consolidation test,"A civil term meaning konsolidasyon testi, used in site, drawing, installation or coordination contexts.",foundations & geotechnical
shear strength (soil),"A civil term meaning kayma mukavemeti (zemin), used in site, drawing, installation or coordination contexts.",foundations & geotechnical
cohesion (soil),"A civil term meaning kohezyon (zemin), used in site, drawing, installation or coordination contexts.",foundations & geotechnical
differential settlement,"A civil term meaning farklı oturma, used in site, drawing, installation or coordination contexts.",foundations & geotechnical
negative skin friction,"A civil term meaning negatif çevresel sürtünme, used in site, drawing, installation or coordination contexts.",foundations & geotechnical
micropile,"A civil term meaning mikro kazık, used in site, drawing, installation or coordination contexts.",foundations & geotechnical
soil nailing,"A civil term meaning zemin çivileme, used in site, drawing, installation or coordination contexts.",foundations & geotechnical
ground improvement,"A civil term meaning zemin iyileştirme, used in site, drawing, installation or coordination contexts.",foundations & geotechnical
jet grouting,"A civil term meaning jet grout, used in site, drawing, installation or coordination contexts.",foundations & geotechnical
pile load test,"A civil term meaning kazık yükleme testi, used in site, drawing, installation or coordination contexts.",foundations & geotechnical
ground anchor,"A civil term meaning zemin ankrajı, used in site, drawing, installation or coordination contexts.",foundations & geotechnical
trench,"A civil term meaning hendek, used in site, drawing, installation or coordination contexts.",earthworks & excavation
cut and fill,"A civil term meaning yarma ve dolgu, used in site, drawing, installation or coordination contexts.",earthworks & excavation
grading (earthworks),"A civil term meaning tesviye, used in site, drawing, installation or coordination contexts.",earthworks & excavation
topsoil,"A civil term meaning üst toprak, used in site, drawing, installation or coordination contexts.",earthworks & excavation
subgrade,"A civil term meaning alt zemin, used in site, drawing, installation or coordination contexts.",earthworks & excavation
shoring,"A civil term meaning iksa, used in site, drawing, installation or coordination contexts.",earthworks & excavation
excavator,"A civil term meaning ekskavatör, used in site, drawing, installation or coordination contexts.",earthworks & excavation
bulldozer,"A civil term meaning buldozer, used in site, drawing, installation or coordination contexts.",earthworks & excavation
compactor,"A civil term meaning sıkıştırma makinesi, used in site, drawing, installation or coordination contexts.",earthworks & excavation
spoil,"A civil term meaning atık hafriyat / fazla toprak, used in site, drawing, installation or coordination contexts.",earthworks & excavation
slope batter,"A civil term meaning şev eğimi, used in site, drawing, installation or coordination contexts.",earthworks & excavation
earthwork volume calculation,"A civil term meaning hafriyat hacim hesabı, used in site, drawing, installation or coordination contexts.",earthworks & excavation
dozer,"A civil term meaning dozer, used in site, drawing, installation or coordination contexts.",earthworks & excavation
grader,"A civil term meaning greyder, used in site, drawing, installation or coordination contexts.",earthworks & excavation
deep excavation,"A civil term meaning derin kazı, used in site, drawing, installation or coordination contexts.",earthworks & excavation
open excavation,"A civil term meaning açık kazı, used in site, drawing, installation or coordination contexts.",earthworks & excavation
excavation support system,"A civil term meaning kazı destek sistemi, used in site, drawing, installation or coordination contexts.",earthworks & excavation
berm,"A civil term meaning berma, used in site, drawing, installation or coordination contexts.",earthworks & excavation
stockpile,"A civil term meaning stok sahası / yığın, used in site, drawing, installation or coordination contexts.",earthworks & excavation
earthwork balance,"A civil term meaning hafriyat dengesi, used in site, drawing, installation or coordination contexts.",earthworks & excavation
shuttering,"A civil term meaning kalıp işleri, used in site, drawing, installation or coordination contexts.",formwork
plywood formwork,"A civil term meaning kontrplak kalıp, used in site, drawing, installation or coordination contexts.",formwork
steel formwork,"A civil term meaning çelik kalıp, used in site, drawing, installation or coordination contexts.",formwork
falsework,"A civil term meaning yardımcı iskele / şalıman, used in site, drawing, installation or coordination contexts.",formwork
prop (formwork),"A civil term meaning payanda / dikme, used in site, drawing, installation or coordination contexts.",formwork
form tie,"A civil term meaning kalıp bağlantı elemanı, used in site, drawing, installation or coordination contexts.",formwork
formwork panel,"A civil term meaning kalıp paneli, used in site, drawing, installation or coordination contexts.",formwork
striking time,"A civil term meaning kalıp söküm zamanı, used in site, drawing, installation or coordination contexts.",formwork
release agent,"A civil term meaning kalıp yağı, used in site, drawing, installation or coordination contexts.",formwork
column formwork,"A civil term meaning kolon kalıbı, used in site, drawing, installation or coordination contexts.",formwork
slab formwork,"A civil term meaning döşeme kalıbı, used in site, drawing, installation or coordination contexts.",formwork
wall formwork,"A civil term meaning duvar kalıbı, used in site, drawing, installation or coordination contexts.",formwork
reinforcement bar,"A civil term meaning donatı çubuğu, used in site, drawing, installation or coordination contexts.",reinforcement
stirrup,"A civil term meaning etriye, used in site, drawing, installation or coordination contexts.",reinforcement
tie bar,"A civil term meaning bağlantı çubuğu, used in site, drawing, installation or coordination contexts.",reinforcement
rebar spacing,"A civil term meaning donatı aralığı, used in site, drawing, installation or coordination contexts.",reinforcement
lap length,"A civil term meaning bindirme boyu, used in site, drawing, installation or coordination contexts.",reinforcement
bar bending schedule,"A civil term meaning demir büküm listesi, used in site, drawing, installation or coordination contexts.",reinforcement
mesh reinforcement,"A civil term meaning hasır çelik, used in site, drawing, installation or coordination contexts.",reinforcement
dowel bar,"A civil term meaning kenetleme çubuğu, used in site, drawing, installation or coordination contexts.",reinforcement
cover block,"A civil term meaning pas payı takozu, used in site, drawing, installation or coordination contexts.",reinforcement
reinforcement cage,"A civil term meaning donatı kafesi, used in site, drawing, installation or coordination contexts.",reinforcement
anchorage length,"A civil term meaning ankraj boyu, used in site, drawing, installation or coordination contexts.",reinforcement
rebar coupler,"A civil term meaning donatı kuplajı, used in site, drawing, installation or coordination contexts.",reinforcement
rebar cutting,"A civil term meaning donatı kesimi, used in site, drawing, installation or coordination contexts.",reinforcement
rebar bending machine,"A civil term meaning demir büküm makinesi, used in site, drawing, installation or coordination contexts.",reinforcement
asphalt,"A civil term meaning asfalt, used in site, drawing, installation or coordination contexts.",road & highway
road base,"A civil term meaning yol alt yapısı, used in site, drawing, installation or coordination contexts.",road & highway
sub-base,"A civil term meaning alt temel, used in site, drawing, installation or coordination contexts.",road & highway
pavement,"A civil term meaning kaplama / yol yüzeyi, used in site, drawing, installation or coordination contexts.",road & highway
kerb,"A civil term meaning bordür, used in site, drawing, installation or coordination contexts.",road & highway
road marking,"A civil term meaning yol çizgisi, used in site, drawing, installation or coordination contexts.",road & highway
bitumen,"A civil term meaning bitüm, used in site, drawing, installation or coordination contexts.",road & highway
road camber,"A civil term meaning yol eğimi (enine), used in site, drawing, installation or coordination contexts.",road & highway
shoulder (road),"A civil term meaning banket, used in site, drawing, installation or coordination contexts.",road & highway
culvert,"A civil term meaning menfez, used in site, drawing, installation or coordination contexts.",road & highway
guardrail,"A civil term meaning koruyucu bariyer, used in site, drawing, installation or coordination contexts.",road & highway
traffic sign,"A civil term meaning trafik levhası, used in site, drawing, installation or coordination contexts.",road & highway
road alignment,"A civil term meaning yol güzergahı, used in site, drawing, installation or coordination contexts.",road & highway
intersection design,"A civil term meaning kavşak tasarımı, used in site, drawing, installation or coordination contexts.",road & highway
pavement marking paint,"A civil term meaning yol çizgi boyası, used in site, drawing, installation or coordination contexts.",road & highway
subgrade compaction,"A civil term meaning alt zemin sıkıştırma, used in site, drawing, installation or coordination contexts.",road & highway
asphalt paver,"A civil term meaning asfalt serici, used in site, drawing, installation or coordination contexts.",road & highway
road roller,"A civil term meaning silindir (yol), used in site, drawing, installation or coordination contexts.",road & highway
wearing course,"A civil term meaning aşınma tabakası, used in site, drawing, installation or coordination contexts.",road & highway
binder course,"A civil term meaning binder tabakası, used in site, drawing, installation or coordination contexts.",road & highway
base course,"A civil term meaning temel tabakası, used in site, drawing, installation or coordination contexts.",road & highway
prime coat,"A civil term meaning astar tabakası, used in site, drawing, installation or coordination contexts.",road & highway
tack coat,"A civil term meaning yapışma tabakası, used in site, drawing, installation or coordination contexts.",road & highway
California bearing ratio,"A civil term meaning California taşıma oranı, used in site, drawing, installation or coordination contexts.",road & highway
road drainage,"A civil term meaning yol drenajı, used in site, drawing, installation or coordination contexts.",road & highway
expressway,"A civil term meaning otoyol / ekspres yol, used in site, drawing, installation or coordination contexts.",road & highway
interchange,"A civil term meaning kavşak (kademeli), used in site, drawing, installation or coordination contexts.",road & highway
median (road),"A civil term meaning orta refüj, used in site, drawing, installation or coordination contexts.",road & highway
footpath,"A civil term meaning yaya yolu, used in site, drawing, installation or coordination contexts.",road & highway
cycle lane,"A civil term meaning bisiklet yolu, used in site, drawing, installation or coordination contexts.",road & highway
pavement design life,"A civil term meaning kaplama tasarım ömrü, used in site, drawing, installation or coordination contexts.",road & highway
bridge deck,"A civil term meaning köprü tablası, used in site, drawing, installation or coordination contexts.",bridges
abutment,"A civil term meaning köprü ayağı (kenar), used in site, drawing, installation or coordination contexts.",bridges
pier (bridge),"A civil term meaning köprü ayağı (orta), used in site, drawing, installation or coordination contexts.",bridges
bearing (bridge),"A civil term meaning köprü mesnedi, used in site, drawing, installation or coordination contexts.",bridges
expansion joint (bridge),"A civil term meaning genleşme derzi (köprü), used in site, drawing, installation or coordination contexts.",bridges
girder,"A civil term meaning kiriş (köprü), used in site, drawing, installation or coordination contexts.",bridges
suspension bridge,"A civil term meaning asma köprü, used in site, drawing, installation or coordination contexts.",bridges
cable-stayed bridge,"A civil term meaning gergili köprü, used in site, drawing, installation or coordination contexts.",bridges
box girder,"A civil term meaning kutu kiriş, used in site, drawing, installation or coordination contexts.",bridges
bridge span,"A civil term meaning köprü açıklığı, used in site, drawing, installation or coordination contexts.",bridges
bridge foundation,"A civil term meaning köprü temeli, used in site, drawing, installation or coordination contexts.",bridges
bearing pad,"A civil term meaning mesnet yastığı, used in site, drawing, installation or coordination contexts.",bridges
bridge parapet,"A civil term meaning köprü korkuluğu, used in site, drawing, installation or coordination contexts.",bridges
launching (bridge),"A civil term meaning kaydırma yöntemi (köprü), used in site, drawing, installation or coordination contexts.",bridges
bridge inspection,"A civil term meaning köprü muayenesi, used in site, drawing, installation or coordination contexts.",bridges
survey,"A civil term meaning harita/arazi ölçümü, used in site, drawing, installation or coordination contexts.",surveying
surveyor,"A civil term meaning harita mühendisi / ölçmen, used in site, drawing, installation or coordination contexts.",surveying
total station,"A civil term meaning total station cihazı, used in site, drawing, installation or coordination contexts.",surveying
theodolite,"A civil term meaning teodolit, used in site, drawing, installation or coordination contexts.",surveying
level (instrument),"A civil term meaning nivo aleti, used in site, drawing, installation or coordination contexts.",surveying
benchmark,"A civil term meaning röper noktası, used in site, drawing, installation or coordination contexts.",surveying
setting out,"A civil term meaning aplikasyon (imalat öncesi işaretleme), used in site, drawing, installation or coordination contexts.",surveying
coordinate system,"A civil term meaning koordinat sistemi, used in site, drawing, installation or coordination contexts.",surveying
elevation (survey),"A civil term meaning kot (arazi), used in site, drawing, installation or coordination contexts.",surveying
contour line,"A civil term meaning eş yükselti eğrisi, used in site, drawing, installation or coordination contexts.",surveying
topographic survey,"A civil term meaning topografik harita, used in site, drawing, installation or coordination contexts.",surveying
GPS survey,"A civil term meaning GPS ölçümü, used in site, drawing, installation or coordination contexts.",surveying
as-built survey,"A civil term meaning yapıldığı gibi ölçüm, used in site, drawing, installation or coordination contexts.",surveying
triangulation,"A civil term meaning triangülasyon, used in site, drawing, installation or coordination contexts.",surveying
traverse survey,"A civil term meaning poligon ölçümü, used in site, drawing, installation or coordination contexts.",surveying
digital terrain model,"A civil term meaning sayısal arazi modeli, used in site, drawing, installation or coordination contexts.",surveying
laser scanning (survey),"A civil term meaning lazer tarama, used in site, drawing, installation or coordination contexts.",surveying
drone survey,"A civil term meaning drone ile ölçüm, used in site, drawing, installation or coordination contexts.",surveying
drainage,"A civil term meaning drenaj, used in site, drawing, installation or coordination contexts.",water & drainage
stormwater,"A civil term meaning yağmur suyu, used in site, drawing, installation or coordination contexts.",water & drainage
sewer pipe,"A civil term meaning kanalizasyon borusu, used in site, drawing, installation or coordination contexts.",water & drainage
catch basin,"A civil term meaning yağmur suyu ızgarası, used in site, drawing, installation or coordination contexts.",water & drainage
culvert pipe,"A civil term meaning menfez borusu, used in site, drawing, installation or coordination contexts.",water & drainage
gravity sewer,"A civil term meaning cazibeli kanalizasyon, used in site, drawing, installation or coordination contexts.",water & drainage
water main,"A civil term meaning ana su hattı, used in site, drawing, installation or coordination contexts.",water & drainage
potable water system,"A civil term meaning içme suyu sistemi, used in site, drawing, installation or coordination contexts.",water & drainage
sewage treatment plant,"A civil term meaning atık su arıtma tesisi, used in site, drawing, installation or coordination contexts.",water & drainage
attenuation tank,"A civil term meaning yağmur suyu depolama tankı, used in site, drawing, installation or coordination contexts.",water & drainage
french drain,"A civil term meaning fransız drenaj sistemi, used in site, drawing, installation or coordination contexts.",water & drainage
swale,"A civil term meaning yüzeysel drenaj kanalı, used in site, drawing, installation or coordination contexts.",water & drainage
pumping station,"A civil term meaning terfi merkezi / pompa istasyonu, used in site, drawing, installation or coordination contexts.",water & drainage
lift station,"A civil term meaning terfi istasyonu, used in site, drawing, installation or coordination contexts.",water & drainage
water distribution network,"A civil term meaning su dağıtım şebekesi, used in site, drawing, installation or coordination contexts.",water & drainage
hydraulic modelling,"A civil term meaning hidrolik modelleme, used in site, drawing, installation or coordination contexts.",water & drainage
flood mitigation,"A civil term meaning taşkın önleme, used in site, drawing, installation or coordination contexts.",water & drainage
attenuation pond,"A civil term meaning yağmur suyu bekletme havuzu, used in site, drawing, installation or coordination contexts.",water & drainage
sewer manhole cover,"A civil term meaning rögar kapağı, used in site, drawing, installation or coordination contexts.",water & drainage
brick,"A civil term meaning tuğla, used in site, drawing, installation or coordination contexts.",masonry
block (masonry),"A civil term meaning briket / blok, used in site, drawing, installation or coordination contexts.",masonry
bricklaying,"A civil term meaning tuğla örgü işi, used in site, drawing, installation or coordination contexts.",masonry
blockwork,"A civil term meaning blok duvar işi, used in site, drawing, installation or coordination contexts.",masonry
cavity wall,"A civil term meaning boşluklu duvar, used in site, drawing, installation or coordination contexts.",masonry
brick bond,"A civil term meaning tuğla örgü düzeni, used in site, drawing, installation or coordination contexts.",masonry
lintel,"A civil term meaning lento, used in site, drawing, installation or coordination contexts.",masonry
damp proof course,"A civil term meaning nem yalıtım bandı, used in site, drawing, installation or coordination contexts.",masonry
pointing (masonry),"A civil term meaning derz doldurma, used in site, drawing, installation or coordination contexts.",masonry
stone masonry,"A civil term meaning taş duvarcılık, used in site, drawing, installation or coordination contexts.",masonry
mortar joint,"A civil term meaning harç derzi, used in site, drawing, installation or coordination contexts.",masonry
parging,"A civil term meaning sıva (koruyucu kaplama), used in site, drawing, installation or coordination contexts.",masonry
efflorescence,"A civil term meaning tuzlanma (duvar yüzeyi), used in site, drawing, installation or coordination contexts.",masonry
waterproofing membrane,"A civil term meaning su yalıtım membranı, used in site, drawing, installation or coordination contexts.",waterproofing
bituminous membrane,"A civil term meaning bitümlü membran, used in site, drawing, installation or coordination contexts.",waterproofing
damp proofing,"A civil term meaning nem yalıtımı, used in site, drawing, installation or coordination contexts.",waterproofing
flashing (waterproofing),"A civil term meaning su yalıtım eteği, used in site, drawing, installation or coordination contexts.",waterproofing
leak test (waterproofing),"A civil term meaning sızdırmazlık testi, used in site, drawing, installation or coordination contexts.",waterproofing
waterstop,"A civil term meaning su tutucu bant, used in site, drawing, installation or coordination contexts.",waterproofing
vapour barrier,"A civil term meaning buhar kesici, used in site, drawing, installation or coordination contexts.",waterproofing
liquid applied membrane,"A civil term meaning sıvı uygulanan membran, used in site, drawing, installation or coordination contexts.",waterproofing
torch-applied membrane,"A civil term meaning alevle uygulanan membran, used in site, drawing, installation or coordination contexts.",waterproofing
water ingress,"A civil term meaning su sızması, used in site, drawing, installation or coordination contexts.",waterproofing
negative side waterproofing,"A civil term meaning negatif yönlü su yalıtımı, used in site, drawing, installation or coordination contexts.",waterproofing
roof waterproofing,"A civil term meaning çatı su yalıtımı, used in site, drawing, installation or coordination contexts.",waterproofing
basement waterproofing,"A civil term meaning bodrum su yalıtımı, used in site, drawing, installation or coordination contexts.",waterproofing
bill of quantities,"A civil term meaning keşif özeti, used in site, drawing, installation or coordination contexts.",quantity surveying
quantity surveyor,"A civil term meaning keşif mühendisi / metraj uzmanı, used in site, drawing, installation or coordination contexts.",quantity surveying
unit rate,"A civil term meaning birim fiyat, used in site, drawing, installation or coordination contexts.",quantity surveying
cost estimate,"A civil term meaning maliyet tahmini, used in site, drawing, installation or coordination contexts.",quantity surveying
interim payment,"A civil term meaning hakediş, used in site, drawing, installation or coordination contexts.",quantity surveying
variation order,"A civil term meaning iş değişikliği emri, used in site, drawing, installation or coordination contexts.",quantity surveying
progress claim,"A civil term meaning hakediş talebi, used in site, drawing, installation or coordination contexts.",quantity surveying
provisional sum,"A civil term meaning muhtemel bedel, used in site, drawing, installation or coordination contexts.",quantity surveying
measurement (quantity),"A civil term meaning metraj / ölçüm, used in site, drawing, installation or coordination contexts.",quantity surveying
cost overrun,"A civil term meaning maliyet aşımı, used in site, drawing, installation or coordination contexts.",quantity surveying
value engineering (civil),"A civil term meaning değer mühendisliği, used in site, drawing, installation or coordination contexts.",quantity surveying
preliminary cost estimate,"A civil term meaning ön maliyet tahmini, used in site, drawing, installation or coordination contexts.",quantity surveying
final account,"A civil term meaning kesin hesap, used in site, drawing, installation or coordination contexts.",quantity surveying
cost breakdown structure,"A civil term meaning maliyet dağılım yapısı, used in site, drawing, installation or coordination contexts.",quantity surveying
payment certificate,"A civil term meaning ödeme belgesi, used in site, drawing, installation or coordination contexts.",quantity surveying
rate analysis,"A civil term meaning birim fiyat analizi, used in site, drawing, installation or coordination contexts.",quantity surveying
crane (construction),"A civil term meaning vinç (inşaat), used in site, drawing, installation or coordination contexts.",construction equipment
tower crane,"A civil term meaning kule vinç, used in site, drawing, installation or coordination contexts.",construction equipment
mobile crane,"A civil term meaning mobil vinç, used in site, drawing, installation or coordination contexts.",construction equipment
concrete mixer,"A civil term meaning beton karıştırıcı, used in site, drawing, installation or coordination contexts.",construction equipment
scaffold,"A civil term meaning iskele, used in site, drawing, installation or coordination contexts.",construction equipment
hoist (construction),"A civil term meaning kaldırma platformu, used in site, drawing, installation or coordination contexts.",construction equipment
generator (site),"A civil term meaning jeneratör (saha), used in site, drawing, installation or coordination contexts.",construction equipment
dump truck,"A civil term meaning damperli kamyon, used in site, drawing, installation or coordination contexts.",construction equipment
piling rig,"A civil term meaning kazık makinesi, used in site, drawing, installation or coordination contexts.",construction equipment
pile hammer,"A civil term meaning kazık çakma çekici, used in site, drawing, installation or coordination contexts.",construction equipment
batching plant,"A civil term meaning santral (beton), used in site, drawing, installation or coordination contexts.",construction equipment
boom pump,"A civil term meaning bomlu beton pompası, used in site, drawing, installation or coordination contexts.",construction equipment
telehandler,"A civil term meaning teleskopik yükleyici, used in site, drawing, installation or coordination contexts.",construction equipment
scissor lift,"A civil term meaning makaslı platform, used in site, drawing, installation or coordination contexts.",construction equipment
site manager,"A civil term meaning şantiye şefi, used in site, drawing, installation or coordination contexts.",site management
construction schedule,"A civil term meaning inşaat programı, used in site, drawing, installation or coordination contexts.",site management
critical path,"A civil term meaning kritik yol, used in site, drawing, installation or coordination contexts.",site management
progress report,"A civil term meaning ilerleme raporu, used in site, drawing, installation or coordination contexts.",site management
site instruction,"A civil term meaning saha talimatı, used in site, drawing, installation or coordination contexts.",site management
method statement,"A civil term meaning iş metodu beyanı, used in site, drawing, installation or coordination contexts.",site management
site logistics plan,"A civil term meaning saha lojistik planı, used in site, drawing, installation or coordination contexts.",site management
subcontractor (civil),"A civil term meaning taşeron, used in site, drawing, installation or coordination contexts.",site management
construction sequence,"A civil term meaning inşaat sırası, used in site, drawing, installation or coordination contexts.",site management
milestone,"A civil term meaning kilometre taşı (proje), used in site, drawing, installation or coordination contexts.",site management
delay claim,"A civil term meaning gecikme talebi, used in site, drawing, installation or coordination contexts.",site management
as-built drawing,"A civil term meaning yapıldığı gibi çizim, used in site, drawing, installation or coordination contexts.",site management
Gantt chart,"A civil term meaning Gantt şeması, used in site, drawing, installation or coordination contexts.",site management
look-ahead schedule,"A civil term meaning ileriye dönük program, used in site, drawing, installation or coordination contexts.",site management
site diary,"A civil term meaning şantiye günlüğü, used in site, drawing, installation or coordination contexts.",site management
weekly progress meeting,"A civil term meaning haftalık ilerleme toplantısı, used in site, drawing, installation or coordination contexts.",site management
resource allocation,"A civil term meaning kaynak dağılımı, used in site, drawing, installation or coordination contexts.",site management
float (schedule),"A civil term meaning bolluk (program), used in site, drawing, installation or coordination contexts.",site management
inspection request,"A civil term meaning muayene talebi, used in site, drawing, installation or coordination contexts.",quality control
nonconformance report,"A civil term meaning uygunsuzluk raporu, used in site, drawing, installation or coordination contexts.",quality control
quality control checklist,"A civil term meaning kalite kontrol kontrol listesi, used in site, drawing, installation or coordination contexts.",quality control
material test certificate,"A civil term meaning malzeme test sertifikası, used in site, drawing, installation or coordination contexts.",quality control
witness test,"A civil term meaning gözlemli test, used in site, drawing, installation or coordination contexts.",quality control
hold point (civil),"A civil term meaning durdurma noktası, used in site, drawing, installation or coordination contexts.",quality control
core sample test,"A civil term meaning karot numunesi testi, used in site, drawing, installation or coordination contexts.",quality control
slump flow test,"A civil term meaning çökme yayılma testi, used in site, drawing, installation or coordination contexts.",quality control
rebound hammer test,"A civil term meaning geri sıçrama çekici testi, used in site, drawing, installation or coordination contexts.",quality control
building code,"A civil term meaning yapı yönetmeliği, used in site, drawing, installation or coordination contexts.",standards & codes
design code,"A civil term meaning tasarım yönetmeliği, used in site, drawing, installation or coordination contexts.",standards & codes
Eurocode,"A civil term meaning Eurocode, used in site, drawing, installation or coordination contexts.",standards & codes
seismic code,"A civil term meaning deprem yönetmeliği, used in site, drawing, installation or coordination contexts.",standards & codes
load combination,"A civil term meaning yük kombinasyonu, used in site, drawing, installation or coordination contexts.",standards & codes
design load,"A civil term meaning tasarım yükü, used in site, drawing, installation or coordination contexts.",standards & codes
live load,"A civil term meaning hareketli yük, used in site, drawing, installation or coordination contexts.",standards & codes
dead load,"A civil term meaning sabit yük, used in site, drawing, installation or coordination contexts.",standards & codes
wind load,"A civil term meaning rüzgar yükü, used in site, drawing, installation or coordination contexts.",standards & codes
seismic load,"A civil term meaning deprem yükü, used in site, drawing, installation or coordination contexts.",standards & codes
ultimate limit state,"A civil term meaning nihai sınır durumu, used in site, drawing, installation or coordination contexts.",standards & codes
serviceability limit state,"A civil term meaning kullanılabilirlik sınır durumu, used in site, drawing, installation or coordination contexts.",standards & codes
partial safety factor,"A civil term meaning kısmi güvenlik katsayısı, used in site, drawing, installation or coordination contexts.",standards & codes
characteristic strength,"A civil term meaning karakteristik dayanım, used in site, drawing, installation or coordination contexts.",standards & codes
design working life,"A civil term meaning tasarım ömrü, used in site, drawing, installation or coordination contexts.",standards & codes
utility trench,"A civil term meaning altyapı hendeği, used in site, drawing, installation or coordination contexts.",utilities
cable duct,"A civil term meaning kablo kanalı, used in site, drawing, installation or coordination contexts.",utilities
underground services,"A civil term meaning yeraltı tesisatı, used in site, drawing, installation or coordination contexts.",utilities
utility relocation,"A civil term meaning altyapı taşıma işi, used in site, drawing, installation or coordination contexts.",utilities
service crossing,"A civil term meaning hat geçişi, used in site, drawing, installation or coordination contexts.",utilities
manhole cover (utility),"A civil term meaning altyapı rögar kapağı, used in site, drawing, installation or coordination contexts.",utilities
service duct bank,"A civil term meaning hat kanalı grubu, used in site, drawing, installation or coordination contexts.",utilities
contract (civil),"A civil term meaning sözleşme, used in site, drawing, installation or coordination contexts.",contracts & claims
FIDIC contract,"A civil term meaning FIDIC sözleşmesi, used in site, drawing, installation or coordination contexts.",contracts & claims
extension of time,"A civil term meaning süre uzatımı, used in site, drawing, installation or coordination contexts.",contracts & claims
liquidated damages,"A civil term meaning gecikme cezası, used in site, drawing, installation or coordination contexts.",contracts & claims
defects liability period,"A civil term meaning kusur sorumluluk süresi, used in site, drawing, installation or coordination contexts.",contracts & claims
practical completion,"A civil term meaning pratik tamamlanma, used in site, drawing, installation or coordination contexts.",contracts & claims
retention (contract),"A civil term meaning teminat kesintisi, used in site, drawing, installation or coordination contexts.",contracts & claims
performance bond,"A civil term meaning performans teminatı, used in site, drawing, installation or coordination contexts.",contracts & claims
advance payment,"A civil term meaning avans ödemesi, used in site, drawing, installation or coordination contexts.",contracts & claims
payment schedule,"A civil term meaning ödeme takvimi, used in site, drawing, installation or coordination contexts.",contracts & claims
building,"A civil term meaning bina, used in site, drawing, installation or coordination contexts.",civil / building elements
wall,"A civil term meaning duvar, used in site, drawing, installation or coordination contexts.",civil / building elements
floor (structure),"A civil term meaning döşeme, used in site, drawing, installation or coordination contexts.",civil / building elements
roof,"A civil term meaning çatı, used in site, drawing, installation or coordination contexts.",civil / building elements
staircase,"A civil term meaning merdiven, used in site, drawing, installation or coordination contexts.",civil / building elements
civil engineer,"A civil term meaning inşaat mühendisi, used in site, drawing, installation or coordination contexts.",civil / building elements
construction site,"A civil term meaning inşaat sahası, used in site, drawing, installation or coordination contexts.",civil / building elements
blueprint,"A civil term meaning yapı planı / proje çizimi, used in site, drawing, installation or coordination contexts.",civil / building elements
construction drawing,"A civil term meaning inşaat çizimi, used in site, drawing, installation or coordination contexts.",civil / building elements
site clearance,"A civil term meaning saha temizliği, used in site, drawing, installation or coordination contexts.",civil / building elements
renovation,"A civil term meaning renovasyon / tadilat, used in site, drawing, installation or coordination contexts.",civil / building elements
structural engineer,"A civil term meaning yapı mühendisi, used in site, drawing, installation or coordination contexts.",civil / building elements
load-bearing wall,"A civil term meaning taşıyıcı duvar, used in site, drawing, installation or coordination contexts.",civil / building elements
civil works,"A civil term meaning inşaat işleri, used in site, drawing, installation or coordination contexts.",civil / building elements
temporary works,"A civil term meaning geçici işler, used in site, drawing, installation or coordination contexts.",civil / building elements
permanent works,"A civil term meaning kalıcı işler, used in site, drawing, installation or coordination contexts.",civil / building elements
hoarding (site),"A civil term meaning şantiye çevre perdesi, used in site, drawing, installation or coordination contexts.",civil / building elements
site boundary,"A civil term meaning saha sınırı, used in site, drawing, installation or coordination contexts.",civil / building elements
access road (site),"A civil term meaning saha erişim yolu, used in site, drawing, installation or coordination contexts.",civil / building elements
construction permit,"A civil term meaning inşaat ruhsatı, used in site, drawing, installation or coordination contexts.",civil / building elements
occupancy permit,"A civil term meaning iskan ruhsatı, used in site, drawing, installation or coordination contexts.",civil / building elements
civil design,"A civil term meaning inşaat tasarımı, used in site, drawing, installation or coordination contexts.",civil / building elements
structural drawing,"A civil term meaning statik çizim, used in site, drawing, installation or coordination contexts.",civil / building elements
foundation design,"A civil term meaning temel tasarımı, used in site, drawing, installation or coordination contexts.",civil / building elements
civil BOQ,"A civil term meaning inşaat metraj listesi, used in site, drawing, installation or coordination contexts.",civil / building elements
site engineer,"A civil term meaning saha mühendisi, used in site, drawing, installation or coordination contexts.",civil / building elements
resident engineer,"A civil term meaning yerinde mühendis, used in site, drawing, installation or coordination contexts.",civil / building elements
civil works package,"A civil term meaning inşaat işleri paketi, used in site, drawing, installation or coordination contexts.",civil / building elements
earthquake resistant design,"A civil term meaning depreme dayanıklı tasarım, used in site, drawing, installation or coordination contexts.",civil / building elements
structural integrity,"A civil term meaning yapısal bütünlük, used in site, drawing, installation or coordination contexts.",civil / building elements
progress photograph,"A civil term meaning ilerleme fotoğrafı, used in site, drawing, installation or coordination contexts.",civil / building elements
as-built documentation (civil),"A civil term meaning yapıldığı gibi belgeler, used in site, drawing, installation or coordination contexts.",civil / building elements
bricklayer,"A civil term meaning duvarcı, used in site, drawing, installation or coordination contexts.",civil / building elements
carpenter,"A civil term meaning marangoz, used in site, drawing, installation or coordination contexts.",civil / building elements
labourer,"A civil term meaning işçi, used in site, drawing, installation or coordination contexts.",civil / building elements
foreman,"A civil term meaning ustabaşı, used in site, drawing, installation or coordination contexts.",civil / building elements
site visit,"A civil term meaning saha ziyareti, used in site, drawing, installation or coordination contexts.",civil / building elements
construction material,"A civil term meaning inşaat malzemesi, used in site, drawing, installation or coordination contexts.",civil / building elements
building height,"A civil term meaning bina yüksekliği, used in site, drawing, installation or coordination contexts.",civil / building elements
floor plan,"A civil term meaning kat planı, used in site, drawing, installation or coordination contexts.",civil / building elements
elevation (drawing),"A civil term meaning cephe görünüşü, used in site, drawing, installation or coordination contexts.",civil / building elements
cross section (drawing),"A civil term meaning enine kesit, used in site, drawing, installation or coordination contexts.",civil / building elements
site inspection,"A civil term meaning saha denetimi, used in site, drawing, installation or coordination contexts.",civil / building elements
civil works contractor,"A civil term meaning inşaat işleri yüklenicisi, used in site, drawing, installation or coordination contexts.",civil / building elements
structural stability,"A civil term meaning yapısal kararlılık, used in site, drawing, installation or coordination contexts.",civil / building elements
civil engineering project,"A civil term meaning inşaat mühendisliği projesi, used in site, drawing, installation or coordination contexts.",civil / building elements
infrastructure project,"A civil term meaning altyapı projesi, used in site, drawing, installation or coordination contexts.",civil / building elements
public works,"A civil term meaning kamu işleri, used in site, drawing, installation or coordination contexts.",civil / building elements
civil design review,"A civil term meaning inşaat tasarım incelemesi, used in site, drawing, installation or coordination contexts.",civil / building elements
structural calculation,"A civil term meaning statik hesap, used in site, drawing, installation or coordination contexts.",civil / building elements
as-built drawing register,"A civil term meaning yapıldığı gibi çizim kayıt listesi, used in site, drawing, installation or coordination contexts.",civil / building elements
construction phase,"A civil term meaning inşaat aşaması, used in site, drawing, installation or coordination contexts.",civil / building elements
commissioning (civil),"A civil term meaning devreye alma (inşaat), used in site, drawing, installation or coordination contexts.",civil / building elements
handover certificate,"A civil term meaning teslim belgesi, used in site, drawing, installation or coordination contexts.",civil / building elements
defects list,"A civil term meaning kusur listesi, used in site, drawing, installation or coordination contexts.",civil / building elements
snag list,"A civil term meaning eksik iş listesi, used in site, drawing, installation or coordination contexts.",civil / building elements
door,"A civil term meaning kapı, used in site, drawing, installation or coordination contexts.",civil / building elements
window,"A civil term meaning pencere, used in site, drawing, installation or coordination contexts.",civil / building elements
ceiling,"A civil term meaning tavan, used in site, drawing, installation or coordination contexts.",civil / building elements
stair,"A civil term meaning merdiven basamağı, used in site, drawing, installation or coordination contexts.",civil / building elements
corridor,"A civil term meaning koridor, used in site, drawing, installation or coordination contexts.",civil / building elements
gate,"A civil term meaning kapı (dış), used in site, drawing, installation or coordination contexts.",civil / building elements
fence,"A civil term meaning çit, used in site, drawing, installation or coordination contexts.",civil / building elements
pavement (footpath),"A civil term meaning kaldırım, used in site, drawing, installation or coordination contexts.",civil / building elements
balcony,"A civil term meaning balkon, used in site, drawing, installation or coordination contexts.",civil / building elements
basement,"A civil term meaning bodrum kat, used in site, drawing, installation or coordination contexts.",civil / building elements
ground floor,"A civil term meaning zemin kat, used in site, drawing, installation or coordination contexts.",civil / building elements
site fencing,"A civil term meaning saha çiti, used in site, drawing, installation or coordination contexts.",civil / building elements
delivery note (site),"A civil term meaning teslimat fişi, used in site, drawing, installation or coordination contexts.",civil / building elements
material storage area,"A civil term meaning malzeme depolama alanı, used in site, drawing, installation or coordination contexts.",civil / building elements
tunnel,"A civil term meaning tünel, used in site, drawing, installation or coordination contexts.",tunnels & underground
tunnel boring machine,"A civil term meaning tünel açma makinesi, used in site, drawing, installation or coordination contexts.",tunnels & underground
shotcrete lining,"A civil term meaning püskürtme beton kaplama, used in site, drawing, installation or coordination contexts.",tunnels & underground
segmental lining,"A civil term meaning segmental kaplama, used in site, drawing, installation or coordination contexts.",tunnels & underground
tunnel portal,"A civil term meaning tünel ağzı, used in site, drawing, installation or coordination contexts.",tunnels & underground
NATM method,"A civil term meaning NATM yöntemi, used in site, drawing, installation or coordination contexts.",tunnels & underground
rock support,"A civil term meaning kaya desteği, used in site, drawing, installation or coordination contexts.",tunnels & underground
ventilation shaft,"A civil term meaning havalandırma bacası, used in site, drawing, installation or coordination contexts.",tunnels & underground
cut-and-cover tunnel,"A civil term meaning aç-kapa tünel, used in site, drawing, installation or coordination contexts.",tunnels & underground
underground station,"A civil term meaning yeraltı istasyonu, used in site, drawing, installation or coordination contexts.",tunnels & underground
dam,"A civil term meaning baraj, used in site, drawing, installation or coordination contexts.",dams & hydraulic structures
spillway,"A civil term meaning dolusavak, used in site, drawing, installation or coordination contexts.",dams & hydraulic structures
reservoir,"A civil term meaning rezervuar / gölet, used in site, drawing, installation or coordination contexts.",dams & hydraulic structures
embankment dam,"A civil term meaning toprak dolgu baraj, used in site, drawing, installation or coordination contexts.",dams & hydraulic structures
gravity dam,"A civil term meaning ağırlık barajı, used in site, drawing, installation or coordination contexts.",dams & hydraulic structures
intake structure,"A civil term meaning su alma yapısı, used in site, drawing, installation or coordination contexts.",dams & hydraulic structures
penstock,"A civil term meaning cebri boru, used in site, drawing, installation or coordination contexts.",dams & hydraulic structures
weir,"A civil term meaning savak, used in site, drawing, installation or coordination contexts.",dams & hydraulic structures
canal lining,"A civil term meaning kanal kaplaması, used in site, drawing, installation or coordination contexts.",dams & hydraulic structures
irrigation channel,"A civil term meaning sulama kanalı, used in site, drawing, installation or coordination contexts.",dams & hydraulic structures
quay wall,"A civil term meaning rıhtım duvarı, used in site, drawing, installation or coordination contexts.",ports & marine structures
breakwater,"A civil term meaning dalgakıran, used in site, drawing, installation or coordination contexts.",ports & marine structures
jetty,"A civil term meaning iskele, used in site, drawing, installation or coordination contexts.",ports & marine structures
caisson,"A civil term meaning keson, used in site, drawing, installation or coordination contexts.",ports & marine structures
marine pile,"A civil term meaning deniz kazığı, used in site, drawing, installation or coordination contexts.",ports & marine structures
dredging,"A civil term meaning tarama (deniz dibi), used in site, drawing, installation or coordination contexts.",ports & marine structures
berth,"A civil term meaning yanaşma yeri (gemi), used in site, drawing, installation or coordination contexts.",ports & marine structures
fender (marine),"A civil term meaning usturmaça, used in site, drawing, installation or coordination contexts.",ports & marine structures
railway track,"A civil term meaning demiryolu hattı, used in site, drawing, installation or coordination contexts.",railway works
sleeper,"A civil term meaning travers, used in site, drawing, installation or coordination contexts.",railway works
ballast (railway),"A civil term meaning balast, used in site, drawing, installation or coordination contexts.",railway works
rail fastening system,"A civil term meaning ray bağlantı sistemi, used in site, drawing, installation or coordination contexts.",railway works
track gauge,"A civil term meaning ray açıklığı, used in site, drawing, installation or coordination contexts.",railway works
level crossing,"A civil term meaning hemzemin geçit, used in site, drawing, installation or coordination contexts.",railway works
railway embankment,"A civil term meaning demiryolu dolgusu, used in site, drawing, installation or coordination contexts.",railway works
platform (railway),"A civil term meaning peron, used in site, drawing, installation or coordination contexts.",railway works
erosion control,"A civil term meaning erozyon kontrolü, used in site, drawing, installation or coordination contexts.",environment
sediment control,"A civil term meaning sediment kontrolü, used in site, drawing, installation or coordination contexts.",environment
silt fence,"A civil term meaning silt bariyeri, used in site, drawing, installation or coordination contexts.",environment
environmental impact assessment,"A civil term meaning çevresel etki değerlendirmesi, used in site, drawing, installation or coordination contexts.",environment
noise mitigation (construction),"A civil term meaning gürültü azaltma (inşaat), used in site, drawing, installation or coordination contexts.",environment
dust control,"A civil term meaning toz kontrolü, used in site, drawing, installation or coordination contexts.",environment
recycled aggregate,"A civil term meaning geri dönüştürülmüş agrega, used in site, drawing, installation or coordination contexts.",environment
beam design,"A civil term meaning kiriş tasarımı, used in site, drawing, installation or coordination contexts.",structural design civil
column design,"A civil term meaning kolon tasarımı, used in site, drawing, installation or coordination contexts.",structural design civil
slab design,"A civil term meaning döşeme tasarımı, used in site, drawing, installation or coordination contexts.",structural design civil
shear wall,"A civil term meaning perde duvar, used in site, drawing, installation or coordination contexts.",structural design civil
moment resisting frame,"A civil term meaning moment aktaran çerçeve, used in site, drawing, installation or coordination contexts.",structural design civil
seismic design,"A civil term meaning deprem tasarımı, used in site, drawing, installation or coordination contexts.",structural design civil
base isolation,"A civil term meaning taban izolasyonu, used in site, drawing, installation or coordination contexts.",structural design civil
ductility (structure),"A civil term meaning süneklik (yapı), used in site, drawing, installation or coordination contexts.",structural design civil
structural redundancy,"A civil term meaning yapısal yedeklilik, used in site, drawing, installation or coordination contexts.",structural design civil
load path,"A civil term meaning yük aktarım yolu, used in site, drawing, installation or coordination contexts.",structural design civil
torsion (structure),"A civil term meaning burulma (yapı), used in site, drawing, installation or coordination contexts.",structural design civil
deflection limit,"A civil term meaning sehim sınırı, used in site, drawing, installation or coordination contexts.",structural design civil
progressive collapse,"A civil term meaning ilerleyici göçme, used in site, drawing, installation or coordination contexts.",structural design civil
structural analysis software,"A civil term meaning statik analiz yazılımı, used in site, drawing, installation or coordination contexts.",structural design civil
static analysis,"A civil term meaning statik analiz, used in site, drawing, installation or coordination contexts.",structural design civil
dynamic analysis (civil),"A civil term meaning dinamik analiz, used in site, drawing, installation or coordination contexts.",structural design civil
response spectrum analysis,"A civil term meaning tepki spektrumu analizi, used in site, drawing, installation or coordination contexts.",structural design civil
pushover analysis,"A civil term meaning itme analizi, used in site, drawing, installation or coordination contexts.",structural design civil
structural drawing set,"A civil term meaning statik proje takımı, used in site, drawing, installation or coordination contexts.",structural design civil
gabion wall,"A civil term meaning gabion duvar, used in site, drawing, installation or coordination contexts.",retaining ground engineering
soldier pile wall,"A civil term meaning kazıklı istinat duvarı, used in site, drawing, installation or coordination contexts.",retaining ground engineering
diaphragm wall,"A civil term meaning diyafram duvar, used in site, drawing, installation or coordination contexts.",retaining ground engineering
anchor block,"A civil term meaning ankraj bloğu, used in site, drawing, installation or coordination contexts.",retaining ground engineering
cantilever retaining wall,"A civil term meaning konsol istinat duvarı, used in site, drawing, installation or coordination contexts.",retaining ground engineering
geogrid,"A civil term meaning jeogrid, used in site, drawing, installation or coordination contexts.",retaining ground engineering
rock bolt,"A civil term meaning kaya bulonu, used in site, drawing, installation or coordination contexts.",retaining ground engineering
ground freezing,"A civil term meaning zemin dondurma, used in site, drawing, installation or coordination contexts.",retaining ground engineering
vibro compaction,"A civil term meaning vibro kompaksiyon, used in site, drawing, installation or coordination contexts.",retaining ground engineering
demolition plan,"A civil term meaning yıkım planı, used in site, drawing, installation or coordination contexts.",demolition disposal
controlled demolition,"A civil term meaning kontrollü yıkım, used in site, drawing, installation or coordination contexts.",demolition disposal
asbestos removal,"A civil term meaning asbest temizliği, used in site, drawing, installation or coordination contexts.",demolition disposal
debris removal,"A civil term meaning moloz temizliği, used in site, drawing, installation or coordination contexts.",demolition disposal
waste disposal (construction),"A civil term meaning atık bertarafı (inşaat), used in site, drawing, installation or coordination contexts.",demolition disposal
selective demolition,"A civil term meaning seçici yıkım, used in site, drawing, installation or coordination contexts.",demolition disposal
temporary works design,"A civil term meaning geçici işler tasarımı, used in site, drawing, installation or coordination contexts.",temporary works
temporary works coordinator,"A civil term meaning geçici işler koordinatörü, used in site, drawing, installation or coordination contexts.",temporary works
propping system,"A civil term meaning payandalama sistemi, used in site, drawing, installation or coordination contexts.",temporary works
temporary bridge,"A civil term meaning geçici köprü, used in site, drawing, installation or coordination contexts.",temporary works
access scaffold,"A civil term meaning erişim iskelesi, used in site, drawing, installation or coordination contexts.",temporary works
temporary road,"A civil term meaning geçici yol, used in site, drawing, installation or coordination contexts.",temporary works
edge protection,"A civil term meaning kenar koruması, used in site, drawing, installation or coordination contexts.",temporary works
precast panel,"A civil term meaning prefabrik panel, used in site, drawing, installation or coordination contexts.",precast elements
precast beam,"A civil term meaning prefabrik kiriş, used in site, drawing, installation or coordination contexts.",precast elements
precast column,"A civil term meaning prefabrik kolon, used in site, drawing, installation or coordination contexts.",precast elements
precast slab,"A civil term meaning prefabrik döşeme, used in site, drawing, installation or coordination contexts.",precast elements
hollow core slab,"A civil term meaning boşluklu döşeme, used in site, drawing, installation or coordination contexts.",precast elements
double tee slab,"A civil term meaning çift T döşeme, used in site, drawing, installation or coordination contexts.",precast elements
precast connection,"A civil term meaning prefabrik bağlantı, used in site, drawing, installation or coordination contexts.",precast elements
tilt-up construction,"A civil term meaning yerinde kaldırmalı üretim, used in site, drawing, installation or coordination contexts.",precast elements
industrial floor,"A civil term meaning endüstriyel zemin, used in site, drawing, installation or coordination contexts.",industrial flooring
floor hardener,"A civil term meaning zemin sertleştirici, used in site, drawing, installation or coordination contexts.",industrial flooring
floor flatness tolerance,"A civil term meaning zemin düzlük toleransı, used in site, drawing, installation or coordination contexts.",industrial flooring
power float finish,"A civil term meaning helikopter perdah, used in site, drawing, installation or coordination contexts.",industrial flooring
epoxy floor coating,"A civil term meaning epoksi zemin kaplaması, used in site, drawing, installation or coordination contexts.",industrial flooring
box culvert,"A civil term meaning kutu menfez, used in site, drawing, installation or coordination contexts.",culverts drainage structures
pipe culvert,"A civil term meaning boru menfez, used in site, drawing, installation or coordination contexts.",culverts drainage structures
headwall,"A civil term meaning menfez ağız duvarı, used in site, drawing, installation or coordination contexts.",culverts drainage structures
scour protection,"A civil term meaning oyulma koruması, used in site, drawing, installation or coordination contexts.",culverts drainage structures
energy dissipator,"A civil term meaning enerji kırıcı, used in site, drawing, installation or coordination contexts.",culverts drainage structures
utility mapping,"A civil term meaning altyapı haritalama, used in site, drawing, installation or coordination contexts.",site utilities coordination
clash detection (utilities),"A civil term meaning çakışma tespiti (altyapı), used in site, drawing, installation or coordination contexts.",site utilities coordination
service diversion,"A civil term meaning hat yönlendirme, used in site, drawing, installation or coordination contexts.",site utilities coordination
utility survey,"A civil term meaning altyapı ölçümü, used in site, drawing, installation or coordination contexts.",site utilities coordination
civil 3D model,"A civil term meaning civil 3D modeli, used in site, drawing, installation or coordination contexts.",civil bim software
digital twin (civil),"A civil term meaning dijital ikiz (inşaat), used in site, drawing, installation or coordination contexts.",civil bim software
4D scheduling,"A civil term meaning 4D programlama, used in site, drawing, installation or coordination contexts.",civil bim software
quantity takeoff software,"A civil term meaning metraj yazılımı, used in site, drawing, installation or coordination contexts.",civil bim software
flood resilient design,"A civil term meaning taşkına dayanıklı tasarım, used in site, drawing, installation or coordination contexts.",resilience disaster mitigation
seismic retrofit,"A civil term meaning deprem güçlendirmesi, used in site, drawing, installation or coordination contexts.",resilience disaster mitigation
hazard mapping,"A civil term meaning tehlike haritalama, used in site, drawing, installation or coordination contexts.",resilience disaster mitigation
disaster risk reduction,"A civil term meaning afet riski azaltma, used in site, drawing, installation or coordination contexts.",resilience disaster mitigation
survey pin,"A civil term meaning aplikasyon çivisi, used in site, drawing, installation or coordination contexts.",civil / building elements
marker (survey),"A civil term meaning işaretleyici, used in site, drawing, installation or coordination contexts.",civil / building elements
boundary wall,"A civil term meaning sınır duvarı, used in site, drawing, installation or coordination contexts.",civil / building elements
gate valve chamber,"A civil term meaning vana odası, used in site, drawing, installation or coordination contexts.",civil / building elements
kerbstone,"A civil term meaning bordür taşı, used in site, drawing, installation or coordination contexts.",civil / building elements
footway,"A civil term meaning yaya kaldırımı, used in site, drawing, installation or coordination contexts.",civil / building elements
crossing (pedestrian),"A civil term meaning yaya geçidi, used in site, drawing, installation or coordination contexts.",civil / building elements
street lighting pole,"A civil term meaning sokak aydınlatma direği, used in site, drawing, installation or coordination contexts.",civil / building elements
manhole chamber,"A civil term meaning rögar bacası, used in site, drawing, installation or coordination contexts.",civil / building elements
site hoarding gate,"A civil term meaning şantiye çevre kapısı, used in site, drawing, installation or coordination contexts.",civil / building elements
day work rate,"A civil term meaning gündelik iş birim fiyatı, used in site, drawing, installation or coordination contexts.",quantity surveying
cost plan,"A civil term meaning maliyet planı, used in site, drawing, installation or coordination contexts.",quantity surveying
tender document,"A civil term meaning ihale dokümanı, used in site, drawing, installation or coordination contexts.",quantity surveying
tender price,"A civil term meaning ihale fiyatı, used in site, drawing, installation or coordination contexts.",quantity surveying
nominal load,"A civil term meaning nominal yük, used in site, drawing, installation or coordination contexts.",standards & codes
factored load,"A civil term meaning faktörlü yük, used in site, drawing, installation or coordination contexts.",standards & codes
combination of actions,"A civil term meaning etki kombinasyonu, used in site, drawing, installation or coordination contexts.",standards & codes
code compliance (civil),"A civil term meaning yönetmelik uygunluğu, used in site, drawing, installation or coordination contexts.",standards & codes
photogrammetry,"A civil term meaning fotogrametri, used in site, drawing, installation or coordination contexts.",surveying
chainage,"A civil term meaning kilometraj / zincirleme, used in site, drawing, installation or coordination contexts.",surveying
bench level,"A civil term meaning röper kotu, used in site, drawing, installation or coordination contexts.",surveying
offset (survey),"A civil term meaning ofset (ölçüm), used in site, drawing, installation or coordination contexts.",surveying
inlet structure,"A civil term meaning giriş yapısı, used in site, drawing, installation or coordination contexts.",water & drainage
outlet structure,"A civil term meaning çıkış yapısı, used in site, drawing, installation or coordination contexts.",water & drainage
siphon (drainage),"A civil term meaning sifon (drenaj), used in site, drawing, installation or coordination contexts.",water & drainage
weir chamber,"A civil term meaning savak odası, used in site, drawing, installation or coordination contexts.",water & drainage
concrete pour record,"A civil term meaning beton döküm kaydı, used in site, drawing, installation or coordination contexts.",concrete works
test cube,"A civil term meaning test küpü, used in site, drawing, installation or coordination contexts.",concrete works
curing compound,"A civil term meaning kür bileşiği, used in site, drawing, installation or coordination contexts.",concrete works
formwork release oil,"A civil term meaning kalıp ayırıcı yağı, used in site, drawing, installation or coordination contexts.",concrete works
concrete delivery ticket,"A civil term meaning beton teslim fişi, used in site, drawing, installation or coordination contexts.",concrete works
waterstop joint,"A civil term meaning su tutucu derz, used in site, drawing, installation or coordination contexts.",concrete works
post-tensioned concrete,"A civil term meaning art gerilmeli beton, used in site, drawing, installation or coordination contexts.",concrete works
pre-tensioned concrete,"A civil term meaning ön gerilmeli beton, used in site, drawing, installation or coordination contexts.",concrete works
tendon (prestressing),"A civil term meaning gergi teli (öngerme), used in site, drawing, installation or coordination contexts.",concrete works
grouting (prestressing),"A civil term meaning enjeksiyon (öngerme), used in site, drawing, installation or coordination contexts.",concrete works
column base connection,"A civil term meaning kolon temel bağlantısı, used in site, drawing, installation or coordination contexts.",structural steel
steel column splice,"A civil term meaning çelik kolon ek yeri, used in site, drawing, installation or coordination contexts.",structural steel
weathering steel,"A civil term meaning hava koşullarına dayanıklı çelik, used in site, drawing, installation or coordination contexts.",structural steel
caisson foundation,"A civil term meaning keson temel, used in site, drawing, installation or coordination contexts.",foundations & geotechnical
combined footing,"A civil term meaning birleşik temel, used in site, drawing, installation or coordination contexts.",foundations & geotechnical
mat foundation,"A civil term meaning genişletilmiş temel (mat), used in site, drawing, installation or coordination contexts.",foundations & geotechnical
ground bearing slab,"A civil term meaning zemine oturan döşeme, used in site, drawing, installation or coordination contexts.",foundations & geotechnical
piled raft foundation,"A civil term meaning kazıklı radye temel, used in site, drawing, installation or coordination contexts.",foundations & geotechnical
chip seal,"A civil term meaning yüzeysel kaplama (chip seal), used in site, drawing, installation or coordination contexts.",road & highway
milling (road),"A civil term meaning frezeleme (yol), used in site, drawing, installation or coordination contexts.",road & highway
road overlay,"A civil term meaning yol üstyapı kaplaması, used in site, drawing, installation or coordination contexts.",road & highway
traffic management plan,"A civil term meaning trafik yönetim planı, used in site, drawing, installation or coordination contexts.",road & highway
temporary traffic signal,"A civil term meaning geçici trafik sinyali, used in site, drawing, installation or coordination contexts.",road & highway
bridge scour,"A civil term meaning köprü oyulması, used in site, drawing, installation or coordination contexts.",bridges
bridge bearing replacement,"A civil term meaning köprü mesnet değişimi, used in site, drawing, installation or coordination contexts.",bridges
bridge deck waterproofing,"A civil term meaning köprü tablası su yalıtımı, used in site, drawing, installation or coordination contexts.",bridges
tunnel invert,"A civil term meaning tünel taban kısmı, used in site, drawing, installation or coordination contexts.",tunnels & underground
face support (tunnel),"A civil term meaning ayna desteği (tünel), used in site, drawing, installation or coordination contexts.",tunnels & underground
timber frame,"A civil term meaning ahşap iskelet, used in site, drawing, installation or coordination contexts.",timber construction
glulam beam,"A civil term meaning yapıştırılmış lamine kiriş, used in site, drawing, installation or coordination contexts.",timber construction
cross-laminated timber,"A civil term meaning çapraz lamine ahşap, used in site, drawing, installation or coordination contexts.",timber construction
timber joist,"A civil term meaning ahşap kiriş (döşeme), used in site, drawing, installation or coordination contexts.",timber construction
timber truss,"A civil term meaning ahşap makas, used in site, drawing, installation or coordination contexts.",timber construction
wood preservative treatment,"A civil term meaning ahşap koruyucu işlemi, used in site, drawing, installation or coordination contexts.",timber construction
timber connector,"A civil term meaning ahşap bağlantı elemanı, used in site, drawing, installation or coordination contexts.",timber construction
safety barrier (site),"A civil term meaning güvenlik bariyeri (saha), used in site, drawing, installation or coordination contexts.",site safety civil
excavation shoring inspection,"A civil term meaning kazı iksa muayenesi, used in site, drawing, installation or coordination contexts.",site safety civil
site induction,"A civil term meaning saha oryantasyonu, used in site, drawing, installation or coordination contexts.",site safety civil
toolbox talk (civil),"A civil term meaning sabah güvenlik toplantısı (inşaat), used in site, drawing, installation or coordination contexts.",site safety civil
refurbishment,"A civil term meaning yenileme / tadilat, used in site, drawing, installation or coordination contexts.",renovation refurbishment
retrofit,"A civil term meaning güçlendirme / iyileştirme, used in site, drawing, installation or coordination contexts.",renovation refurbishment
structural strengthening,"A civil term meaning yapısal güçlendirme, used in site, drawing, installation or coordination contexts.",renovation refurbishment
facade retrofit,"A civil term meaning cephe yenileme, used in site, drawing, installation or coordination contexts.",renovation refurbishment
building extension,"A civil term meaning bina eklentisi, used in site, drawing, installation or coordination contexts.",renovation refurbishment
baseline schedule,"A civil term meaning temel program, used in site, drawing, installation or coordination contexts.",site management
schedule update,"A civil term meaning program güncellemesi, used in site, drawing, installation or coordination contexts.",site management
procurement schedule (civil),"A civil term meaning tedarik programı, used in site, drawing, installation or coordination contexts.",site management
labour productivity,"A civil term meaning işçilik verimliliği, used in site, drawing, installation or coordination contexts.",site management
site risk register,"A civil term meaning saha risk kaydı, used in site, drawing, installation or coordination contexts.",site management
cost variance,"A civil term meaning maliyet sapması, used in site, drawing, installation or coordination contexts.",quantity surveying
earned value analysis,"A civil term meaning kazanılmış değer analizi, used in site, drawing, installation or coordination contexts.",quantity surveying
scaffolder,"A civil term meaning iskeleci, used in site, drawing, installation or coordination contexts.",civil / building elements
crane operator,"A civil term meaning vinç operatörü, used in site, drawing, installation or coordination contexts.",civil / building elements
site supervisor,"A civil term meaning saha nezaretçisi, used in site, drawing, installation or coordination contexts.",civil / building elements
hard hat,"A civil term meaning baret, used in site, drawing, installation or coordination contexts.",civil / building elements
safety boots,"A civil term meaning iş ayakkabısı, used in site, drawing, installation or coordination contexts.",civil / building elements
high-visibility vest,"A civil term meaning reflektörlü yelek, used in site, drawing, installation or coordination contexts.",civil / building elements
site canteen,"A civil term meaning şantiye yemekhanesi, used in site, drawing, installation or coordination contexts.",civil / building elements
material delivery,"A civil term meaning malzeme teslimatı, used in site, drawing, installation or coordination contexts.",civil / building elements
construction vehicle,"A civil term meaning inşaat aracı, used in site, drawing, installation or coordination contexts.",civil / building elements
perimeter fence,"A civil term meaning çevre çiti, used in site, drawing, installation or coordination contexts.",civil / building elements
concrete pour sequence,"A civil term meaning beton döküm sırası, used in site, drawing, installation or coordination contexts.",concrete works
mass concrete pour,"A civil term meaning kütle beton dökümü, used in site, drawing, installation or coordination contexts.",concrete works
concrete surface defect,"A civil term meaning beton yüzey kusuru, used in site, drawing, installation or coordination contexts.",concrete works
water reducing admixture,"A civil term meaning su azaltıcı katkı, used in site, drawing, installation or coordination contexts.",concrete works
retarding admixture,"A civil term meaning geciktirici katkı, used in site, drawing, installation or coordination contexts.",concrete works
accelerating admixture,"A civil term meaning hızlandırıcı katkı, used in site, drawing, installation or coordination contexts.",concrete works
stainless steel reinforcement,"A civil term meaning paslanmaz donatı, used in site, drawing, installation or coordination contexts.",structural steel
steel connection design,"A civil term meaning çelik bağlantı tasarımı, used in site, drawing, installation or coordination contexts.",structural steel
bolt torque specification,"A civil term meaning cıvata tork şartnamesi, used in site, drawing, installation or coordination contexts.",structural steel
pile integrity test,"A civil term meaning kazık bütünlük testi, used in site, drawing, installation or coordination contexts.",foundations & geotechnical
cone penetration test,"A civil term meaning koni penetrasyon testi, used in site, drawing, installation or coordination contexts.",foundations & geotechnical
geotechnical instrumentation,"A civil term meaning geoteknik enstrümantasyon, used in site, drawing, installation or coordination contexts.",foundations & geotechnical
settlement monitoring,"A civil term meaning oturma izleme, used in site, drawing, installation or coordination contexts.",foundations & geotechnical
excavation permit,"A civil term meaning kazı izni, used in site, drawing, installation or coordination contexts.",earthworks & excavation
trench box,"A civil term meaning hendek kutusu, used in site, drawing, installation or coordination contexts.",earthworks & excavation
borrow pit,"A civil term meaning ödünç malzeme ocağı, used in site, drawing, installation or coordination contexts.",earthworks & excavation
road safety audit,"A civil term meaning yol güvenliği denetimi, used in site, drawing, installation or coordination contexts.",road & highway
pavement rehabilitation,"A civil term meaning kaplama iyileştirme, used in site, drawing, installation or coordination contexts.",road & highway
geometric design (road),"A civil term meaning geometrik tasarım (yol), used in site, drawing, installation or coordination contexts.",road & highway
bridge load rating,"A civil term meaning köprü yük sınıflandırması, used in site, drawing, installation or coordination contexts.",bridges
bridge substructure,"A civil term meaning köprü alt yapısı, used in site, drawing, installation or coordination contexts.",bridges
bridge superstructure,"A civil term meaning köprü üst yapısı, used in site, drawing, installation or coordination contexts.",bridges
real-time kinematic survey,"A civil term meaning gerçek zamanlı kinematik ölçüm, used in site, drawing, installation or coordination contexts.",surveying
survey control point,"A civil term meaning ölçüm kontrol noktası, used in site, drawing, installation or coordination contexts.",surveying
combined sewer system,"A civil term meaning birleşik kanalizasyon sistemi, used in site, drawing, installation or coordination contexts.",water & drainage
separate sewer system,"A civil term meaning ayrık kanalizasyon sistemi, used in site, drawing, installation or coordination contexts.",water & drainage
sewer rehabilitation,"A civil term meaning kanalizasyon iyileştirme, used in site, drawing, installation or coordination contexts.",water & drainage
reinforced masonry,"A civil term meaning donatılı yığma yapı, used in site, drawing, installation or coordination contexts.",masonry
masonry veneer,"A civil term meaning yığma cephe kaplaması, used in site, drawing, installation or coordination contexts.",masonry
crystalline waterproofing,"A civil term meaning kristalize su yalıtımı, used in site, drawing, installation or coordination contexts.",waterproofing
injection waterproofing,"A civil term meaning enjeksiyon su yalıtımı, used in site, drawing, installation or coordination contexts.",waterproofing
cost significant item,"A civil term meaning maliyet açısından önemli kalem, used in site, drawing, installation or coordination contexts.",quantity surveying
schedule of rates,"A civil term meaning birim fiyat cetveli, used in site, drawing, installation or coordination contexts.",quantity surveying
crawler crane,"A civil term meaning paletli vinç, used in site, drawing, installation or coordination contexts.",construction equipment
wheel loader,"A civil term meaning lastikli yükleyici, used in site, drawing, installation or coordination contexts.",construction equipment
motor grader,"A civil term meaning greyder, used in site, drawing, installation or coordination contexts.",construction equipment
earned value management,"A civil term meaning kazanılmış değer yönetimi, used in site, drawing, installation or coordination contexts.",site management
construction claim,"A civil term meaning inşaat talebi, used in site, drawing, installation or coordination contexts.",site management
site quality plan,"A civil term meaning saha kalite planı, used in site, drawing, installation or coordination contexts.",site management
accidental action,"A civil term meaning kaza yükü/etkisi, used in site, drawing, installation or coordination contexts.",standards & codes
robustness requirement,"A civil term meaning sağlamlık gereksinimi, used in site, drawing, installation or coordination contexts.",standards & codes
capacity design,"A civil term meaning kapasite tasarımı, used in site, drawing, installation or coordination contexts.",structural design civil
second order effect,"A civil term meaning ikinci mertebe etkisi, used in site, drawing, installation or coordination contexts.",structural design civil
site accommodation,"A civil term meaning şantiye barakası, used in site, drawing, installation or coordination contexts.",civil / building elements
welfare facilities (site),"A civil term meaning sosyal tesisler (saha), used in site, drawing, installation or coordination contexts.",civil / building elements
construction stage certificate,"A civil term meaning inşaat aşama sertifikası, used in site, drawing, installation or coordination contexts.",civil / building elements
phased handover,"A civil term meaning aşamalı teslim, used in site, drawing, installation or coordination contexts.",civil / building elements
as-built coordinates,"A civil term meaning yapıldığı gibi koordinatlar, used in site, drawing, installation or coordination contexts.",civil / building elements
construction tolerance,"A civil term meaning inşaat toleransı, used in site, drawing, installation or coordination contexts.",civil / building elements
site condition survey,"A civil term meaning saha durum tespiti, used in site, drawing, installation or coordination contexts.",civil / building elements
tunnel lining segment,"A civil term meaning tünel kaplama segmenti, used in site, drawing, installation or coordination contexts.",tunnels & underground
grouting behind lining,"A civil term meaning kaplama arkası enjeksiyon, used in site, drawing, installation or coordination contexts.",tunnels & underground
dam seepage,"A civil term meaning baraj sızıntısı, used in site, drawing, installation or coordination contexts.",dams & hydraulic structures
dam instrumentation,"A civil term meaning baraj enstrümantasyonu, used in site, drawing, installation or coordination contexts.",dams & hydraulic structures
turnout (railway),"A civil term meaning makas (demiryolu), used in site, drawing, installation or coordination contexts.",railway works
track alignment,"A civil term meaning hat güzergahı, used in site, drawing, installation or coordination contexts.",railway works
groundwater contamination,"A civil term meaning yeraltı suyu kirliliği, used in site, drawing, installation or coordination contexts.",environment
concrete mixing time,"A civil term meaning beton karıştırma süresi, used in site, drawing, installation or coordination contexts.",concrete works
batch weight (concrete),"A civil term meaning şarj ağırlığı (beton), used in site, drawing, installation or coordination contexts.",concrete works
concrete transport time,"A civil term meaning beton nakil süresi, used in site, drawing, installation or coordination contexts.",concrete works
form pressure (concrete),"A civil term meaning kalıp basıncı (beton), used in site, drawing, installation or coordination contexts.",concrete works
concrete placement method,"A civil term meaning beton yerleştirme yöntemi, used in site, drawing, installation or coordination contexts.",concrete works
steel detailing,"A civil term meaning çelik detaylandırma, used in site, drawing, installation or coordination contexts.",structural steel
bolt preload (steel),"A civil term meaning cıvata ön yüklemesi (çelik), used in site, drawing, installation or coordination contexts.",structural steel
steel member size,"A civil term meaning çelik eleman kesiti, used in site, drawing, installation or coordination contexts.",structural steel
earth pressure,"A civil term meaning toprak basıncı, used in site, drawing, installation or coordination contexts.",foundations & geotechnical
active earth pressure,"A civil term meaning aktif toprak basıncı, used in site, drawing, installation or coordination contexts.",foundations & geotechnical
passive earth pressure,"A civil term meaning pasif toprak basıncı, used in site, drawing, installation or coordination contexts.",foundations & geotechnical
foundation depth,"A civil term meaning temel derinliği, used in site, drawing, installation or coordination contexts.",foundations & geotechnical
haul road,"A civil term meaning nakliye yolu, used in site, drawing, installation or coordination contexts.",earthworks & excavation
excavation batter angle,"A civil term meaning kazı şev açısı, used in site, drawing, installation or coordination contexts.",earthworks & excavation
road furniture,"A civil term meaning yol donanımı, used in site, drawing, installation or coordination contexts.",road & highway
traffic calming measure,"A civil term meaning trafik sakinleştirme önlemi, used in site, drawing, installation or coordination contexts.",road & highway
bridge joint sealant,"A civil term meaning köprü derz dolgusu, used in site, drawing, installation or coordination contexts.",bridges
test frequency,"A civil term meaning test sıklığı, used in site, drawing, installation or coordination contexts.",quality control
sampling plan,"A civil term meaning numune alma planı, used in site, drawing, installation or coordination contexts.",quality control
notice of claim,"A civil term meaning talep bildirimi, used in site, drawing, installation or coordination contexts.",contracts & claims
dispute resolution (civil),"A civil term meaning uyuşmazlık çözümü, used in site, drawing, installation or coordination contexts.",contracts & claims
site coordination meeting,"A civil term meaning saha koordinasyon toplantısı, used in site, drawing, installation or coordination contexts.",site management
interface management,"A civil term meaning arayüz yönetimi, used in site, drawing, installation or coordination contexts.",site management
civil works inspector,"A civil term meaning inşaat işleri müfettişi, used in site, drawing, installation or coordination contexts.",civil / building elements
construction sequence drawing,"A civil term meaning inşaat sırası çizimi, used in site, drawing, installation or coordination contexts.",civil / building elements
site welfare unit,"A civil term meaning saha sosyal ünitesi, used in site, drawing, installation or coordination contexts.",civil / building elements
temporary utility connection,"A civil term meaning geçici altyapı bağlantısı, used in site, drawing, installation or coordination contexts.",civil / building elements
construction quality record,"A civil term meaning inşaat kalite kaydı, used in site, drawing, installation or coordination contexts.",civil / building elements
masonry unit,"A civil term meaning yığma birim (blok/tuğla), used in site, drawing, installation or coordination contexts.",masonry
bed joint,"A civil term meaning yatay derz, used in site, drawing, installation or coordination contexts.",masonry
waterproofing detail,"A civil term meaning su yalıtım detayı, used in site, drawing, installation or coordination contexts.",waterproofing
precast facade panel,"A civil term meaning prefabrik cephe paneli, used in site, drawing, installation or coordination contexts.",precast elements
timber decking,"A civil term meaning ahşap döşeme (dış), used in site, drawing, installation or coordination contexts.",timber construction
construction joint detail,"A civil term meaning inşaat derzi detayı, used in site, drawing, installation or coordination contexts.",civil / building elements
site logistics coordinator,"A civil term meaning saha lojistik koordinatörü, used in site, drawing, installation or coordination contexts.",civil / building elements
civil works snagging,"A civil term meaning inşaat işleri eksik tespiti, used in site, drawing, installation or coordination contexts.",civil / building elements
temporary works permit,"A civil term meaning geçici işler izni, used in site, drawing, installation or coordination contexts.",civil / building elements
as-built record drawing,"A civil term meaning yapıldığı gibi kayıt çizimi, used in site, drawing, installation or coordination contexts.",civil / building elements
structural peer review,"A civil term meaning yapısal bağımsız inceleme, used in site, drawing, installation or coordination contexts.",structural design civil
foundation type selection,"A civil term meaning temel türü seçimi, used in site, drawing, installation or coordination contexts.",foundations & geotechnical
geotechnical risk assessment,"A civil term meaning geoteknik risk değerlendirmesi, used in site, drawing, installation or coordination contexts.",foundations & geotechnical
pavement condition survey,"A civil term meaning kaplama durum tespiti, used in site, drawing, installation or coordination contexts.",road & highway
drainage capacity calculation,"A civil term meaning drenaj kapasite hesabı, used in site, drawing, installation or coordination contexts.",water & drainage
concrete strength class,"A civil term meaning beton dayanım sınıfı, used in site, drawing, installation or coordination contexts.",concrete works
concrete exposure class,"A civil term meaning beton maruziyet sınıfı, used in site, drawing, installation or coordination contexts.",concrete works
concrete testing laboratory,"A civil term meaning beton test laboratuvarı, used in site, drawing, installation or coordination contexts.",concrete works
concrete production control,"A civil term meaning beton üretim kontrolü, used in site, drawing, installation or coordination contexts.",concrete works
concrete delivery schedule,"A civil term meaning beton teslim programı, used in site, drawing, installation or coordination contexts.",concrete works
concrete finishing tool,"A civil term meaning beton bitirme aleti, used in site, drawing, installation or coordination contexts.",concrete works
steel fabrication drawing,"A civil term meaning çelik imalat çizimi, used in site, drawing, installation or coordination contexts.",structural steel
steel surface preparation,"A civil term meaning çelik yüzey hazırlığı, used in site, drawing, installation or coordination contexts.",structural steel
steel structure inspection,"A civil term meaning çelik yapı muayenesi, used in site, drawing, installation or coordination contexts.",structural steel
foundation excavation,"A civil term meaning temel kazısı, used in site, drawing, installation or coordination contexts.",foundations & geotechnical
foundation waterproofing,"A civil term meaning temel su yalıtımı, used in site, drawing, installation or coordination contexts.",foundations & geotechnical
foundation reinforcement,"A civil term meaning temel donatısı, used in site, drawing, installation or coordination contexts.",foundations & geotechnical
geotechnical design parameter,"A civil term meaning geoteknik tasarım parametresi, used in site, drawing, installation or coordination contexts.",foundations & geotechnical
earthworks contractor,"A civil term meaning hafriyat yüklenicisi, used in site, drawing, installation or coordination contexts.",earthworks & excavation
excavation depth,"A civil term meaning kazı derinliği, used in site, drawing, installation or coordination contexts.",earthworks & excavation
excavation plan,"A civil term meaning kazı planı, used in site, drawing, installation or coordination contexts.",earthworks & excavation
road construction sequence,"A civil term meaning yol inşaat sırası, used in site, drawing, installation or coordination contexts.",road & highway
road surface condition,"A civil term meaning yol yüzeyi durumu, used in site, drawing, installation or coordination contexts.",road & highway
highway design standard,"A civil term meaning otoyol tasarım standardı, used in site, drawing, installation or coordination contexts.",road & highway
bridge construction method,"A civil term meaning köprü inşaat yöntemi, used in site, drawing, installation or coordination contexts.",bridges
bridge maintenance,"A civil term meaning köprü bakımı, used in site, drawing, installation or coordination contexts.",bridges
survey equipment,"A civil term meaning ölçüm ekipmanı, used in site, drawing, installation or coordination contexts.",surveying
survey accuracy,"A civil term meaning ölçüm doğruluğu, used in site, drawing, installation or coordination contexts.",surveying
drainage system design,"A civil term meaning drenaj sistemi tasarımı, used in site, drawing, installation or coordination contexts.",water & drainage
water pipe installation,"A civil term meaning su borusu döşemesi, used in site, drawing, installation or coordination contexts.",water & drainage
sewerage network,"A civil term meaning kanalizasyon şebekesi, used in site, drawing, installation or coordination contexts.",water & drainage
masonry wall construction,"A civil term meaning yığma duvar inşaatı, used in site, drawing, installation or coordination contexts.",masonry
masonry inspection,"A civil term meaning yığma yapı muayenesi, used in site, drawing, installation or coordination contexts.",masonry
waterproofing contractor,"A civil term meaning su yalıtımı yüklenicisi, used in site, drawing, installation or coordination contexts.",waterproofing
waterproofing inspection,"A civil term meaning su yalıtımı muayenesi, used in site, drawing, installation or coordination contexts.",waterproofing
cost control (civil),"A civil term meaning maliyet kontrolü (inşaat), used in site, drawing, installation or coordination contexts.",quantity surveying
quantity take-off,"A civil term meaning metraj çıkarma, used in site, drawing, installation or coordination contexts.",quantity surveying
procurement cost (civil),"A civil term meaning tedarik maliyeti (inşaat), used in site, drawing, installation or coordination contexts.",quantity surveying
equipment maintenance (civil),"A civil term meaning ekipman bakımı (inşaat), used in site, drawing, installation or coordination contexts.",construction equipment
equipment operator (civil),"A civil term meaning ekipman operatörü (inşaat), used in site, drawing, installation or coordination contexts.",construction equipment
construction milestone,"A civil term meaning inşaat kilometre taşı, used in site, drawing, installation or coordination contexts.",site management
site coordination,"A civil term meaning saha koordinasyonu, used in site, drawing, installation or coordination contexts.",site management
construction progress tracking,"A civil term meaning inşaat ilerleme takibi, used in site, drawing, installation or coordination contexts.",site management
structural design standard,"A civil term meaning yapısal tasarım standardı, used in site, drawing, installation or coordination contexts.",standards & codes
safety factor (structural),"A civil term meaning güvenlik faktörü (yapısal), used in site, drawing, installation or coordination contexts.",standards & codes
construction industry,"A civil term meaning inşaat sektörü, used in site, drawing, installation or coordination contexts.",civil / building elements
construction worker,"A civil term meaning inşaat işçisi, used in site, drawing, installation or coordination contexts.",civil / building elements
building contractor,"A civil term meaning yapı yüklenicisi, used in site, drawing, installation or coordination contexts.",civil / building elements
construction budget,"A civil term meaning inşaat bütçesi, used in site, drawing, installation or coordination contexts.",civil / building elements
construction timeline,"A civil term meaning inşaat zaman çizelgesi, used in site, drawing, installation or coordination contexts.",civil / building elements
civil engineering standard,"A civil term meaning inşaat mühendisliği standardı, used in site, drawing, installation or coordination contexts.",civil / building elements
structural safety,"A civil term meaning yapısal güvenlik, used in site, drawing, installation or coordination contexts.",civil / building elements
construction quality,"A civil term meaning inşaat kalitesi, used in site, drawing, installation or coordination contexts.",civil / building elements
as-built completion,"A civil term meaning yapıldığı gibi tamamlama, used in site, drawing, installation or coordination contexts.",civil / building elements
site management plan,"A civil term meaning saha yönetim planı, used in site, drawing, installation or coordination contexts.",civil / building elements
construction risk,"A civil term meaning inşaat riski, used in site, drawing, installation or coordination contexts.",civil / building elements
project handover (civil),"A civil term meaning proje teslimi (inşaat), used in site, drawing, installation or coordination contexts.",civil / building elements
tunnel construction,"A civil term meaning tünel inşaatı, used in site, drawing, installation or coordination contexts.",tunnels & underground
tunnel safety,"A civil term meaning tünel güvenliği, used in site, drawing, installation or coordination contexts.",tunnels & underground
structural load analysis,"A civil term meaning yapısal yük analizi, used in site, drawing, installation or coordination contexts.",structural design civil
structural design report,"A civil term meaning yapısal tasarım raporu, used in site, drawing, installation or coordination contexts.",structural design civil
timber structure,"A civil term meaning ahşap yapı, used in site, drawing, installation or coordination contexts.",timber construction
timber construction method,"A civil term meaning ahşap inşaat yöntemi, used in site, drawing, installation or coordination contexts.",timber construction
building renovation project,"A civil term meaning bina yenileme projesi, used in site, drawing, installation or coordination contexts.",renovation refurbishment
structural renovation,"A civil term meaning yapısal yenileme, used in site, drawing, installation or coordination contexts.",renovation refurbishment
precast production,"A civil term meaning prefabrik üretim, used in site, drawing, installation or coordination contexts.",precast elements
precast erection,"A civil term meaning prefabrik montajı, used in site, drawing, installation or coordination contexts.",precast elements
concrete surface tolerance,"A civil term meaning beton yüzey toleransı, used in site, drawing, installation or coordination contexts.",concrete works
concrete joint sealing,"A civil term meaning beton derz dolgusu, used in site, drawing, installation or coordination contexts.",concrete works
concrete mix design,"A civil term meaning beton karışım tasarımı, used in site, drawing, installation or coordination contexts.",concrete works
steel structure maintenance,"A civil term meaning çelik yapı bakımı, used in site, drawing, installation or coordination contexts.",structural steel
steel coating inspection,"A civil term meaning çelik kaplama muayenesi, used in site, drawing, installation or coordination contexts.",structural steel
foundation settlement monitoring,"A civil term meaning temel oturma izleme, used in site, drawing, installation or coordination contexts.",foundations & geotechnical
geotechnical survey report,"A civil term meaning geoteknik ölçüm raporu, used in site, drawing, installation or coordination contexts.",foundations & geotechnical
road construction material,"A civil term meaning yol inşaat malzemesi, used in site, drawing, installation or coordination contexts.",road & highway
pavement layer thickness,"A civil term meaning kaplama tabakası kalınlığı, used in site, drawing, installation or coordination contexts.",road & highway
stormwater management plan,"A civil term meaning yağmur suyu yönetim planı, used in site, drawing, installation or coordination contexts.",water & drainage
drainage pipe sizing,"A civil term meaning drenaj borusu boyutlandırma, used in site, drawing, installation or coordination contexts.",water & drainage
construction phasing plan,"A civil term meaning inşaat aşamalandırma planı, used in site, drawing, installation or coordination contexts.",site management
project completion date,"A civil term meaning proje tamamlanma tarihi, used in site, drawing, installation or coordination contexts.",site management
construction cost report,"A civil term meaning inşaat maliyet raporu, used in site, drawing, installation or coordination contexts.",quantity surveying
materials cost estimate,"A civil term meaning malzeme maliyet tahmini, used in site, drawing, installation or coordination contexts.",quantity surveying
civil engineering firm,"A civil term meaning inşaat mühendisliği firması, used in site, drawing, installation or coordination contexts.",civil / building elements
public infrastructure,"A civil term meaning kamu altyapısı, used in site, drawing, installation or coordination contexts.",civil / building elements
construction technology,"A civil term meaning inşaat teknolojisi, used in site, drawing, installation or coordination contexts.",civil / building elements
site development plan,"A civil term meaning saha geliştirme planı, used in site, drawing, installation or coordination contexts.",civil / building elements
construction defect,"A civil term meaning inşaat kusuru, used in site, drawing, installation or coordination contexts.",civil / building elements
structural component,"A civil term meaning yapısal bileşen, used in site, drawing, installation or coordination contexts.",civil / building elements
bridge design,"A civil term meaning köprü tasarımı, used in site, drawing, installation or coordination contexts.",bridges
bridge construction,"A civil term meaning köprü inşaatı, used in site, drawing, installation or coordination contexts.",bridges
masonry construction technique,"A civil term meaning yığma yapı tekniği, used in site, drawing, installation or coordination contexts.",masonry
waterproofing system design,"A civil term meaning su yalıtımı sistem tasarımı, used in site, drawing, installation or coordination contexts.",waterproofing
construction standard compliance,"A civil term meaning inşaat standardı uygunluğu, used in site, drawing, installation or coordination contexts.",standards & codes
heavy equipment (civil),"A civil term meaning ağır ekipman (inşaat), used in site, drawing, installation or coordination contexts.",construction equipment
construction environmental plan,"A civil term meaning inşaat çevre planı, used in site, drawing, installation or coordination contexts.",environment
construction contract terms,"A civil term meaning inşaat sözleşme şartları, used in site, drawing, installation or coordination contexts.",contracts & claims
survey report,"A civil term meaning ölçüm raporu, used in site, drawing, installation or coordination contexts.",surveying
civil works program,"A civil term meaning inşaat işleri programı, used in site, drawing, installation or coordination contexts.",civil / building elements
construction site layout,"A civil term meaning inşaat sahası yerleşimi, used in site, drawing, installation or coordination contexts.",civil / building elements
civil construction phase,"A civil term meaning inşaat aşaması (medeni), used in site, drawing, installation or coordination contexts.",civil / building elements
temporary site office,"A civil term meaning geçici saha ofisi, used in site, drawing, installation or coordination contexts.",civil / building elements
construction manpower,"A civil term meaning inşaat iş gücü, used in site, drawing, installation or coordination contexts.",civil / building elements
civil engineering consultancy,"A civil term meaning inşaat mühendisliği danışmanlığı, used in site, drawing, installation or coordination contexts.",civil / building elements
construction site safety,"A civil term meaning inşaat sahası güvenliği, used in site, drawing, installation or coordination contexts.",civil / building elements
civil works audit,"A civil term meaning inşaat işleri denetimi, used in site, drawing, installation or coordination contexts.",civil / building elements
construction material testing,"A civil term meaning inşaat malzeme testi, used in site, drawing, installation or coordination contexts.",civil / building elements
building structural system,"A civil term meaning bina yapısal sistemi, used in site, drawing, installation or coordination contexts.",civil / building elements
civil design coordination,"A civil term meaning inşaat tasarım koordinasyonu, used in site, drawing, installation or coordination contexts.",civil / building elements
construction site meeting,"A civil term meaning inşaat sahası toplantısı, used in site, drawing, installation or coordination contexts.",civil / building elements
engineering survey (civil),"A civil term meaning mühendislik ölçümü (inşaat), used in site, drawing, installation or coordination contexts.",civil / building elements
construction phase inspection,"A civil term meaning inşaat aşaması muayenesi, used in site, drawing, installation or coordination contexts.",civil / building elements
concrete quality assurance,"A civil term meaning beton kalite güvencesi, used in site, drawing, installation or coordination contexts.",concrete works
concrete construction method,"A civil term meaning beton inşaat yöntemi, used in site, drawing, installation or coordination contexts.",concrete works
concrete pour planning,"A civil term meaning beton döküm planlaması, used in site, drawing, installation or coordination contexts.",concrete works
concrete curing method,"A civil term meaning beton kür yöntemi, used in site, drawing, installation or coordination contexts.",concrete works
steel structure design,"A civil term meaning çelik yapı tasarımı, used in site, drawing, installation or coordination contexts.",structural steel
steel construction quality,"A civil term meaning çelik inşaat kalitesi, used in site, drawing, installation or coordination contexts.",structural steel
steel fabrication quality,"A civil term meaning çelik imalat kalitesi, used in site, drawing, installation or coordination contexts.",structural steel
foundation construction,"A civil term meaning temel inşaatı, used in site, drawing, installation or coordination contexts.",foundations & geotechnical
geotechnical engineering,"A civil term meaning geoteknik mühendislik, used in site, drawing, installation or coordination contexts.",foundations & geotechnical
foundation type,"A civil term meaning temel türü, used in site, drawing, installation or coordination contexts.",foundations & geotechnical
earthworks contractor scope,"A civil term meaning hafriyat yüklenici kapsamı, used in site, drawing, installation or coordination contexts.",earthworks & excavation
excavation safety plan,"A civil term meaning kazı güvenlik planı, used in site, drawing, installation or coordination contexts.",earthworks & excavation
road construction project,"A civil term meaning yol inşaat projesi, used in site, drawing, installation or coordination contexts.",road & highway
highway maintenance,"A civil term meaning otoyol bakımı, used in site, drawing, installation or coordination contexts.",road & highway
road construction equipment,"A civil term meaning yol inşaat ekipmanı, used in site, drawing, installation or coordination contexts.",road & highway
water infrastructure,"A civil term meaning su altyapısı, used in site, drawing, installation or coordination contexts.",water & drainage
drainage construction,"A civil term meaning drenaj inşaatı, used in site, drawing, installation or coordination contexts.",water & drainage
construction cost management,"A civil term meaning inşaat maliyet yönetimi, used in site, drawing, installation or coordination contexts.",quantity surveying
project cost control,"A civil term meaning proje maliyet kontrolü, used in site, drawing, installation or coordination contexts.",quantity surveying
construction project schedule,"A civil term meaning inşaat proje programı, used in site, drawing, installation or coordination contexts.",site management
site work plan,"A civil term meaning saha çalışma planı, used in site, drawing, installation or coordination contexts.",site management
construction progress meeting,"A civil term meaning inşaat ilerleme toplantısı, used in site, drawing, installation or coordination contexts.",site management
structural design guideline,"A civil term meaning yapısal tasarım kılavuzu, used in site, drawing, installation or coordination contexts.",standards & codes
civil engineering code,"A civil term meaning inşaat mühendisliği yönetmeliği, used in site, drawing, installation or coordination contexts.",standards & codes
masonry material,"A civil term meaning yığma malzemesi, used in site, drawing, installation or coordination contexts.",masonry
bridge structure,"A civil term meaning köprü yapısı, used in site, drawing, installation or coordination contexts.",bridges
construction machinery,"A civil term meaning inşaat makinesi, used in site, drawing, installation or coordination contexts.",construction equipment
construction agreement,"A civil term meaning inşaat anlaşması, used in site, drawing, installation or coordination contexts.",contracts & claims
construction environmental impact,"A civil term meaning inşaat çevresel etkisi, used in site, drawing, installation or coordination contexts.",environment
rebar installation,"A civil term meaning donatı montajı, used in site, drawing, installation or coordination contexts.",reinforcement
formwork installation,"A civil term meaning kalıp montajı, used in site, drawing, installation or coordination contexts.",formwork
construction site drawing,"A civil term meaning inşaat sahası çizimi, used in site, drawing, installation or coordination contexts.",civil / building elements
civil engineering report,"A civil term meaning inşaat mühendisliği raporu, used in site, drawing, installation or coordination contexts.",civil / building elements
construction handover plan,"A civil term meaning inşaat teslim planı, used in site, drawing, installation or coordination contexts.",civil / building elements
site engineering team,"A civil term meaning saha mühendislik ekibi, used in site, drawing, installation or coordination contexts.",civil / building elements
civil construction standard,"A civil term meaning inşaat yapım standardı, used in site, drawing, installation or coordination contexts.",civil / building elements
construction site condition,"A civil term meaning inşaat sahası koşulu, used in site, drawing, installation or coordination contexts.",civil / building elements
civil works progress,"A civil term meaning inşaat işleri ilerlemesi, used in site, drawing, installation or coordination contexts.",civil / building elements
construction material supply,"A civil term meaning inşaat malzeme tedariki, used in site, drawing, installation or coordination contexts.",civil / building elements
civil engineering drawing,"A civil term meaning inşaat mühendisliği çizimi, used in site, drawing, installation or coordination contexts.",civil / building elements
concrete supply chain,"A civil term meaning beton tedarik zinciri, used in site, drawing, installation or coordination contexts.",concrete works
concrete testing schedule,"A civil term meaning beton test programı, used in site, drawing, installation or coordination contexts.",concrete works
foundation engineering,"A civil term meaning temel mühendisliği, used in site, drawing, installation or coordination contexts.",foundations & geotechnical
road pavement design,"A civil term meaning yol kaplama tasarımı, used in site, drawing, installation or coordination contexts.",road & highway
construction planning,"A civil term meaning inşaat planlaması, used in site, drawing, installation or coordination contexts.",site management
construction budget planning,"A civil term meaning inşaat bütçe planlaması, used in site, drawing, installation or coordination contexts.",quantity surveying
water supply network,"A civil term meaning su tedarik şebekesi, used in site, drawing, installation or coordination contexts.",water & drainage
at,Extracted from multi-word term in civil.,vocabulary
blast,Extracted from multi-word term in civil.,vocabulary
cracking,Extracted from multi-word term in civil.,vocabulary
element,Extracted from multi-word term in civil.,vocabulary
finite,Extracted from multi-word term in civil.,vocabulary
frame,Extracted from multi-word term in civil.,vocabulary
furnace,Extracted from multi-word term in civil.,vocabulary
granulated,Extracted from multi-word term in civil.,vocabulary
materials,Extracted from multi-word term in civil.,vocabulary
member,Extracted from multi-word term in civil.,vocabulary
pulse,Extracted from multi-word term in civil.,vocabulary
rock,Extracted from multi-word term in civil.,vocabulary
slag,Extracted from multi-word term in civil.,vocabulary
stabilised,Extracted from multi-word term in civil.,vocabulary
strut,Extracted from multi-word term in civil.,vocabulary
ultrasonic,Extracted from multi-word term in civil.,vocabulary
valuation,Extracted from multi-word term in civil.,vocabulary
waste,Extracted from multi-word term in civil.,vocabulary
works,Extracted from multi-word term in civil.,vocabulary
