term,definition,category
air,"A mechanical term meaning hava, used in site, drawing, installation or coordination contexts.",HVAC
cold,"A mechanical term meaning soğuk, used in site, drawing, installation or coordination contexts.",HVAC
hot,"A mechanical term meaning sıcak, used in site, drawing, installation or coordination contexts.",HVAC
gas,"A mechanical term meaning gaz, used in site, drawing, installation or coordination contexts.",oil & gas
speed,"A mechanical term meaning hız, used in site, drawing, installation or coordination contexts.",parameters
water,"A mechanical term meaning su, used in site, drawing, installation or coordination contexts.",plumbing
conditioner,"A mechanical term meaning klima cihazı, used in site, drawing, installation or coordination contexts.",HVAC
flow,"A mechanical term meaning akış, used in site, drawing, installation or coordination contexts.",HVAC
heater,"A mechanical term meaning ısıtıcı, used in site, drawing, installation or coordination contexts.",HVAC
radiator,"A mechanical term meaning radyatör, used in site, drawing, installation or coordination contexts.",HVAC
brake,"A mechanical term meaning fren, used in site, drawing, installation or coordination contexts.",elevator systems
chain,"A mechanical term meaning zincir, used in site, drawing, installation or coordination contexts.",elevator systems
elevator,"A mechanical term meaning asansör, used in site, drawing, installation or coordination contexts.",elevator systems
machine,"A mechanical term meaning makine, used in site, drawing, installation or coordination contexts.",equipment
motor,"A mechanical term meaning motor, used in site, drawing, installation or coordination contexts.",equipment
movement,"An adjective meaning “hareket”, used to describe a condition, issue, status or requirement.",equipment
pump,"A mechanical term meaning pompa, used in site, drawing, installation or coordination contexts.",equipment
fill,"A mechanical term meaning doldurmak, used in site, drawing, installation or coordination contexts.",fuel systems
filled,"A mechanical term meaning doldurulmuş, used in site, drawing, installation or coordination contexts.",fuel systems
filling,"A mechanical term meaning doldurma, used in site, drawing, installation or coordination contexts.",fuel systems
fuel,"A mechanical term meaning yakıt, used in site, drawing, installation or coordination contexts.",fuel systems
tank,"A mechanical term meaning tank, used in site, drawing, installation or coordination contexts.",fuel systems
leak,"A mechanical term meaning kaçak / sızıntı, used in site, drawing, installation or coordination contexts.",maintenance
fresh,"A mechanical term meaning taze / temiz, used in site, drawing, installation or coordination contexts.",mechanical systems
roof,"A mechanical term meaning çatı, used in site, drawing, installation or coordination contexts.",mechanical systems
pressure,"A mechanical term meaning basınç, used in site, drawing, installation or coordination contexts.",parameters
temperature,"A mechanical term meaning sıcaklık, used in site, drawing, installation or coordination contexts.",parameters
weight,"A mechanical term meaning ağırlık, used in site, drawing, installation or coordination contexts.",parameters
pipe,"A mechanical term meaning boru, used in site, drawing, installation or coordination contexts.",piping
valve,"A mechanical term meaning vana, used in site, drawing, installation or coordination contexts.",piping
airflow,"A mechanical term meaning hava akışı, used in site, drawing, installation or coordination contexts.",HVAC
boiler,"A mechanical term meaning kazan, used in site, drawing, installation or coordination contexts.",HVAC
compressor,"A mechanical term meaning kompresör, used in site, drawing, installation or coordination contexts.",HVAC
cooling,"A mechanical term meaning soğutma, used in site, drawing, installation or coordination contexts.",HVAC
duct,"A mechanical term meaning kanal, used in site, drawing, installation or coordination contexts.",HVAC
exhaust,"A mechanical term meaning egzoz / egzoz havası, used in site, drawing, installation or coordination contexts.",HVAC
filter,"A mechanical term meaning filtrelemek, used in site, drawing, installation or coordination contexts.",HVAC
filtered,"A mechanical term meaning filtrelenmiş, used in site, drawing, installation or coordination contexts.",HVAC
filtering,"A mechanical term meaning filtreleme, used in site, drawing, installation or coordination contexts.",HVAC
filterring,"A mechanical term meaning filtreleme, used in site, drawing, installation or coordination contexts.",HVAC
inlet,"A mechanical term meaning giriş ağzı, used in site, drawing, installation or coordination contexts.",HVAC
intake,"A mechanical term meaning hava girişi / giriş, used in site, drawing, installation or coordination contexts.",HVAC
thermostat,"A mechanical term meaning termostat, used in site, drawing, installation or coordination contexts.",HVAC
vent,"An adjective meaning “menfez / havalandırma ağzı”, used to describe a condition, issue, status or requirement.",HVAC
ventilation,"A mechanical term meaning havalandırma, used in site, drawing, installation or coordination contexts.",HVAC
braking,"A mechanical term meaning frenleme, used in site, drawing, installation or coordination contexts.",elevator systems
cab,"A mechanical term meaning asansör kabini / kabin, used in site, drawing, installation or coordination contexts.",elevator systems
landing,"A mechanical term meaning kat durağı / sahanlık, used in site, drawing, installation or coordination contexts.",elevator systems
atmosphere,"A mechanical term meaning atmosfer / ortam, used in site, drawing, installation or coordination contexts.",environmental conditions
humidity,"A mechanical term meaning nem, used in site, drawing, installation or coordination contexts.",environmental conditions
gauge,"A mechanical term meaning gösterge / ölçü, used in site, drawing, installation or coordination contexts.",instruments
blockage,"A mechanical term meaning tıkanıklık, used in site, drawing, installation or coordination contexts.",maintenance
clogged,"A mechanical term meaning tıkanmış, used in site, drawing, installation or coordination contexts.",maintenance
gasket,"A mechanical term meaning conta, used in site, drawing, installation or coordination contexts.",materials
cargo elevator,"A mechanical term meaning yük / kargo asansör, used in site, drawing, installation or coordination contexts.",mechanical systems
cast,"A mechanical term meaning döküm, used in site, drawing, installation or coordination contexts.",mechanical systems
chilled,"A mechanical term meaning soğutulmuş, used in site, drawing, installation or coordination contexts.",mechanical systems
class i elevator,"A mechanical term meaning class i asansör, used in site, drawing, installation or coordination contexts.",mechanical systems
class ii elevator,"A mechanical term meaning class ii asansör, used in site, drawing, installation or coordination contexts.",mechanical systems
class iii elevator,"A mechanical term meaning class iii asansör, used in site, drawing, installation or coordination contexts.",mechanical systems
class iv elevator,"A mechanical term meaning class iv asansör, used in site, drawing, installation or coordination contexts.",mechanical systems
class v lift,"A mechanical term meaning class v kaldırmak, used in site, drawing, installation or coordination contexts.",mechanical systems
compact busduct,"A mechanical term meaning kompakt bara kanalı / busbar kanal, used in site, drawing, installation or coordination contexts.",mechanical systems
control valve,"A mechanical term meaning kontrol vanası, used in site, drawing, installation or coordination contexts.",mechanical systems
duct heaters,"A mechanical term meaning kanal heaters, used in site, drawing, installation or coordination contexts.",mechanical systems
electric duct,"A mechanical term meaning elektrikli kanal, used in site, drawing, installation or coordination contexts.",mechanical systems
elevator compliance matrix,"A mechanical term meaning asansör uygunluk matris, used in site, drawing, installation or coordination contexts.",mechanical systems
elevator manufacturing,"A mechanical term meaning asansör manufacturing, used in site, drawing, installation or coordination contexts.",mechanical systems
eu elevator,"A mechanical term meaning eu asansör, used in site, drawing, installation or coordination contexts.",mechanical systems
eu elevator regulation,"A mechanical term meaning eu asansör yönetmelik, used in site, drawing, installation or coordination contexts.",mechanical systems
exhaust fan,"A mechanical term meaning egzoz fanı, used in site, drawing, installation or coordination contexts.",mechanical systems
existing elevator,"A mechanical term meaning mevcut asansör, used in site, drawing, installation or coordination contexts.",mechanical systems
extract,"A mechanical term meaning egzoz / çekiş, used in site, drawing, installation or coordination contexts.",mechanical systems
fire damper,"A mechanical term meaning yangın damperi, used in site, drawing, installation or coordination contexts.",mechanical systems
fire dampers,"A mechanical term meaning yangın dampers, used in site, drawing, installation or coordination contexts.",mechanical systems
hatch,"A mechanical term meaning kapak / çatı kapağı, used in site, drawing, installation or coordination contexts.",mechanical systems
lifting operation,"A mechanical term meaning kaldırma operasyonu, used in site, drawing, installation or coordination contexts.",mechanical systems
lifting plan,"A mechanical term meaning kaldırma planı, used in site, drawing, installation or coordination contexts.",mechanical systems
main chiller,"A mechanical term meaning ana soğutma grubu / chiller, used in site, drawing, installation or coordination contexts.",mechanical systems
marshalling cabinet,"A mechanical term meaning marshalling kabini, used in site, drawing, installation or coordination contexts.",mechanical systems
network cabinet,"A mechanical term meaning network kabini, used in site, drawing, installation or coordination contexts.",mechanical systems
passenger elevator,"A mechanical term meaning yolcu asansör, used in site, drawing, installation or coordination contexts.",mechanical systems
pressurization fan,"A mechanical term meaning basınçlandırma fanı, used in site, drawing, installation or coordination contexts.",mechanical systems
production standard testing,"A mechanical term meaning üretim standart test etme, used in site, drawing, installation or coordination contexts.",mechanical systems
pump station,"A mechanical term meaning pompa istasyonu, used in site, drawing, installation or coordination contexts.",mechanical systems
relief,"A mechanical term meaning tahliye / emniyet, used in site, drawing, installation or coordination contexts.",mechanical systems
resin,"A mechanical term meaning reçine, used in site, drawing, installation or coordination contexts.",mechanical systems
rubber,"A mechanical term meaning kauçuk, used in site, drawing, installation or coordination contexts.",mechanical systems
safety induction,"A mechanical term meaning iş güvenliği oryantasyonu, used in site, drawing, installation or coordination contexts.",mechanical systems
service elevator,"A mechanical term meaning servis / hizmet asansör, used in site, drawing, installation or coordination contexts.",mechanical systems
shoe,"A mechanical term meaning kılavuz pabuç, used in site, drawing, installation or coordination contexts.",mechanical systems
spring,"A mechanical term meaning yay, used in site, drawing, installation or coordination contexts.",mechanical systems
stair,"A mechanical term meaning merdiven, used in site, drawing, installation or coordination contexts.",mechanical systems
ventilation dampers,"A mechanical term meaning havalandırma dampers, used in site, drawing, installation or coordination contexts.",mechanical systems
waterproofing,"A mechanical term meaning su yalıtımı, used in site, drawing, installation or coordination contexts.",mechanical systems
gravity,"A mechanical term meaning yer çekimi, used in site, drawing, installation or coordination contexts.",parameters
drain,"A mechanical term meaning boşaltmak, used in site, drawing, installation or coordination contexts.",piping
drainage,"A mechanical term meaning drenaj / boşaltma, used in site, drawing, installation or coordination contexts.",piping
drained,"A mechanical term meaning boşaltılmış, used in site, drawing, installation or coordination contexts.",piping
draining,"A mechanical term meaning boşaltma, used in site, drawing, installation or coordination contexts.",piping
piping,"A mechanical term meaning borulama, used in site, drawing, installation or coordination contexts.",piping
plant,"An adjective meaning “tesis / santral”, used to describe a condition, issue, status or requirement.",plant rooms
drip,"A mechanical term meaning damlama, used in site, drawing, installation or coordination contexts.",systems
vacuum,"A mechanical term meaning vakum, used in site, drawing, installation or coordination contexts.",systems
absorb,"A mechanical term meaning emmek / soğurmak, used in site, drawing, installation or coordination contexts.",HVAC
airtight,"A mechanical term meaning hava geçirmez, used in site, drawing, installation or coordination contexts.",HVAC
blower,"A mechanical term meaning üfleyici / blower, used in site, drawing, installation or coordination contexts.",HVAC
chiller,"A mechanical term meaning soğutma grubu / chiller, used in site, drawing, installation or coordination contexts.",HVAC
coldness,"A mechanical term meaning soğukluk, used in site, drawing, installation or coordination contexts.",HVAC
condenser,"A mechanical term meaning kondenser / yoğuşturucu, used in site, drawing, installation or coordination contexts.",HVAC
coolant,"An adjective meaning “soğutucu akışkan”, used to describe a condition, issue, status or requirement.",HVAC
damper,"A mechanical term meaning damper / yangın damperi, used in site, drawing, installation or coordination contexts.",HVAC
diffuser,"A mechanical term meaning difüzör / hava üfleyici eleman, used in site, drawing, installation or coordination contexts.",HVAC
discharge,"A mechanical term meaning deşarj / hava çıkışı, used in site, drawing, installation or coordination contexts.",HVAC
ductwork,"A mechanical term meaning kanal işi / hava kanalı sistemi, used in site, drawing, installation or coordination contexts.",HVAC
fan-coil,"A mechanical term meaning fan coil, used in site, drawing, installation or coordination contexts.",HVAC
humidifier,"A mechanical term meaning nemlendirici, used in site, drawing, installation or coordination contexts.",HVAC
louver,"A mechanical term meaning panjur / menfez, used in site, drawing, installation or coordination contexts.",HVAC
refrigerant,"An adjective meaning “soğutucu akışkan”, used to describe a condition, issue, status or requirement.",HVAC
ventilate,"A mechanical term meaning havalandırmak, used in site, drawing, installation or coordination contexts.",HVAC
acoustic,"An adjective meaning “akustik”, used to describe a condition, issue, status or requirement.",acoustics
flowrate,"A mechanical term meaning debi, used in site, drawing, installation or coordination contexts.",calculation
flush,"A mechanical term meaning yıkamak / flush etmek, used in site, drawing, installation or coordination contexts.",commissioning
flushed,"A mechanical term meaning flush edilmiş, used in site, drawing, installation or coordination contexts.",commissioning
flushing,"A mechanical term meaning yıkama / flush etme, used in site, drawing, installation or coordination contexts.",commissioning
cartridge,"A mechanical term meaning kartuş, used in site, drawing, installation or coordination contexts.",components
chamber,"A mechanical term meaning oda / hazne, used in site, drawing, installation or coordination contexts.",components
reducer,"A mechanical term meaning redüksiyon parçası, used in site, drawing, installation or coordination contexts.",components
CRAC unit fault,"A mechanical term meaning CRAC ünitesi arızası, used in site, drawing, installation or coordination contexts.",data center cooling
buffer,"A mechanical term meaning tampon / buffer, used in site, drawing, installation or coordination contexts.",elevator systems
counterweight,"A mechanical term meaning karşı ağırlık, used in site, drawing, installation or coordination contexts.",elevator systems
pulley,"A mechanical term meaning kasnak, used in site, drawing, installation or coordination contexts.",elevator systems
ambient,"An adjective meaning “ortam”, used to describe a condition, issue, status or requirement.",environmental conditions
climatic,"An adjective meaning “iklimsel”, used to describe a condition, issue, status or requirement.",environmental conditions
bearing,"A mechanical term meaning rulman / yatak, used in site, drawing, installation or coordination contexts.",equipment
carrier,"A mechanical term meaning taşıyıcı, used in site, drawing, installation or coordination contexts.",equipment
coupling,"A mechanical term meaning kaplin / bağlantı, used in site, drawing, installation or coordination contexts.",equipment
hydraulic,"An adjective meaning “hidrolik”, used to describe a condition, issue, status or requirement.",equipment
machinery,"A mechanical term meaning makine ekipmanı, used in site, drawing, installation or coordination contexts.",equipment
mechanically,"An adverb meaning “mekanik olarak”, used to describe how or when an action is done.",equipment
combustion,"A mechanical term meaning yanma, used in site, drawing, installation or coordination contexts.",fuel systems
silencer,"A mechanical term meaning susturucu, used in site, drawing, installation or coordination contexts.",generators
actuator,"A mechanical term meaning aktüatör, used in site, drawing, installation or coordination contexts.",instruments
lubricant,"An adjective meaning “yağlayıcı”, used to describe a condition, issue, status or requirement.",maintenance
lubricate,"A mechanical term meaning yağlamak, used in site, drawing, installation or coordination contexts.",maintenance
air intake ducts,"A mechanical term meaning hava hava girişi / giriş ducts, used in site, drawing, installation or coordination contexts.",mechanical systems
balancing valve,"A mechanical term meaning balans vanası, used in site, drawing, installation or coordination contexts.",mechanical systems
ball valve,"A mechanical term meaning küresel vana, used in site, drawing, installation or coordination contexts.",mechanical systems
battery cabinet,"A mechanical term meaning akü kabini, used in site, drawing, installation or coordination contexts.",mechanical systems
booster pump,"A mechanical term meaning hidrofor pompası, used in site, drawing, installation or coordination contexts.",mechanical systems
butterfly valve,"A mechanical term meaning kelebek vana, used in site, drawing, installation or coordination contexts.",mechanical systems
cabin area,"A mechanical term meaning kabin alan / bölge, used in site, drawing, installation or coordination contexts.",mechanical systems
cabin dimensions,"A mechanical term meaning kabin dimensions, used in site, drawing, installation or coordination contexts.",mechanical systems
cabin door,"A mechanical term meaning kabin kapısı, used in site, drawing, installation or coordination contexts.",mechanical systems
cabin floor,"A mechanical term meaning kabin kat / zemin, used in site, drawing, installation or coordination contexts.",mechanical systems
cabin wall,"A mechanical term meaning kabin duvar, used in site, drawing, installation or coordination contexts.",mechanical systems
check valve,"A mechanical term meaning çekvalf, used in site, drawing, installation or coordination contexts.",mechanical systems
chilled water pump,"A mechanical term meaning soğutulmuş su pompası, used in site, drawing, installation or coordination contexts.",mechanical systems
chiller fault,"A mechanical term meaning chiller arızası, used in site, drawing, installation or coordination contexts.",mechanical systems
chiller inspection,"A mechanical term meaning chiller kontrolü, used in site, drawing, installation or coordination contexts.",mechanical systems
chiller report,"A mechanical term meaning chiller raporu, used in site, drawing, installation or coordination contexts.",mechanical systems
chiller schedule,"A mechanical term meaning chiller programı/cetveli, used in site, drawing, installation or coordination contexts.",mechanical systems
chiller testing,"A mechanical term meaning chiller testi, used in site, drawing, installation or coordination contexts.",mechanical systems
circulation pump,"A mechanical term meaning sirkülasyon pompası, used in site, drawing, installation or coordination contexts.",mechanical systems
condensate pump,"A mechanical term meaning kondens pompası, used in site, drawing, installation or coordination contexts.",mechanical systems
conductors air,"A mechanical term meaning conductors hava, used in site, drawing, installation or coordination contexts.",mechanical systems
control valve actuator,"A mechanical term meaning kontrol vanası aktüatörü, used in site, drawing, installation or coordination contexts.",mechanical systems
control valve alarm,"A mechanical term meaning kontrol vanası alarmı, used in site, drawing, installation or coordination contexts.",mechanical systems
control valve calibration,"A mechanical term meaning kontrol vanası kalibrasyonu, used in site, drawing, installation or coordination contexts.",mechanical systems
control valve checklist,"A mechanical term meaning kontrol vanası kontrol listesi, used in site, drawing, installation or coordination contexts.",mechanical systems
control valve connection,"A mechanical term meaning kontrol vanası bağlantısı, used in site, drawing, installation or coordination contexts.",mechanical systems
control valve datasheet,"A mechanical term meaning kontrol vanası veri sayfası, used in site, drawing, installation or coordination contexts.",mechanical systems
control valve detail,"A mechanical term meaning kontrol vanası detayı, used in site, drawing, installation or coordination contexts.",mechanical systems
control valve fault,"A mechanical term meaning kontrol vanası arızası, used in site, drawing, installation or coordination contexts.",mechanical systems
control valve inspection,"A mechanical term meaning kontrol vanası kontrolü, used in site, drawing, installation or coordination contexts.",mechanical systems
control valve interface,"A mechanical term meaning kontrol vanası arayüzü, used in site, drawing, installation or coordination contexts.",mechanical systems
control valve layout,"A mechanical term meaning kontrol vanası yerleşimi, used in site, drawing, installation or coordination contexts.",mechanical systems
control valve maintenance,"A mechanical term meaning kontrol vanası bakımı, used in site, drawing, installation or coordination contexts.",mechanical systems
control valve manual,"A mechanical term meaning kontrol vanası kılavuzu, used in site, drawing, installation or coordination contexts.",mechanical systems
control valve nameplate,"A mechanical term meaning kontrol vanası etiket plakası, used in site, drawing, installation or coordination contexts.",mechanical systems
control valve procedure,"A mechanical term meaning kontrol vanası prosedürü, used in site, drawing, installation or coordination contexts.",mechanical systems
control valve report,"A mechanical term meaning kontrol vanası raporu, used in site, drawing, installation or coordination contexts.",mechanical systems
control valve schedule,"A mechanical term meaning kontrol vanası programı/cetveli, used in site, drawing, installation or coordination contexts.",mechanical systems
control valve status,"A mechanical term meaning kontrol vanası durumu, used in site, drawing, installation or coordination contexts.",mechanical systems
control valve testing,"A mechanical term meaning kontrol vanası testi, used in site, drawing, installation or coordination contexts.",mechanical systems
down conductor,"A mechanical term meaning down iletken, used in site, drawing, installation or coordination contexts.",mechanical systems
duct-type sensor,"A mechanical term meaning duct-type sensörü, used in site, drawing, installation or coordination contexts.",mechanical systems
earth conductor,"A mechanical term meaning toprak iletken, used in site, drawing, installation or coordination contexts.",mechanical systems
electrical shaft,"A mechanical term meaning elektriksel / elektrik şaft / kuyu, used in site, drawing, installation or coordination contexts.",mechanical systems
elevator alarm,"A mechanical term meaning asansör alarmı, used in site, drawing, installation or coordination contexts.",mechanical systems
elevator buffer spring,"A mechanical term meaning asansör tampon yayı, used in site, drawing, installation or coordination contexts.",mechanical systems
elevator cabin,"A mechanical term meaning asansör kabini, used in site, drawing, installation or coordination contexts.",mechanical systems
elevator cabin button,"A mechanical term meaning asansör kabin butonu, used in site, drawing, installation or coordination contexts.",mechanical systems
elevator checklist,"A mechanical term meaning asansör kontrol listesi, used in site, drawing, installation or coordination contexts.",mechanical systems
elevator connection,"A mechanical term meaning asansör bağlantısı, used in site, drawing, installation or coordination contexts.",mechanical systems
elevator datasheet,"A mechanical term meaning asansör veri sayfası, used in site, drawing, installation or coordination contexts.",mechanical systems
elevator detail,"A mechanical term meaning asansör detayı, used in site, drawing, installation or coordination contexts.",mechanical systems
elevator door operator,"A mechanical term meaning asansör kapı operatörü, used in site, drawing, installation or coordination contexts.",mechanical systems
elevator doors,"A mechanical term meaning asansör doors, used in site, drawing, installation or coordination contexts.",mechanical systems
elevator emergency intercom,"A mechanical term meaning asansör acil interkom, used in site, drawing, installation or coordination contexts.",mechanical systems
elevator fault,"A mechanical term meaning asansör arızası, used in site, drawing, installation or coordination contexts.",mechanical systems
elevator guide shoe,"A mechanical term meaning asansör kılavuz pabuç, used in site, drawing, installation or coordination contexts.",mechanical systems
elevator inspection,"A mechanical term meaning asansör kontrolü, used in site, drawing, installation or coordination contexts.",mechanical systems
elevator interface,"A mechanical term meaning asansör arayüzü, used in site, drawing, installation or coordination contexts.",mechanical systems
elevator landing button,"A mechanical term meaning asansör kat butonu, used in site, drawing, installation or coordination contexts.",mechanical systems
elevator layout,"A mechanical term meaning asansör yerleşimi, used in site, drawing, installation or coordination contexts.",mechanical systems
elevator maintenance,"A mechanical term meaning asansör bakımı, used in site, drawing, installation or coordination contexts.",mechanical systems
elevator manual,"A mechanical term meaning asansör kılavuzu, used in site, drawing, installation or coordination contexts.",mechanical systems
elevator nameplate,"A mechanical term meaning asansör etiket plakası, used in site, drawing, installation or coordination contexts.",mechanical systems
elevator overload sensor,"A mechanical term meaning asansör aşırı yük sensörü, used in site, drawing, installation or coordination contexts.",mechanical systems
elevator pit ladder,"A mechanical term meaning asansör kuyu merdiveni, used in site, drawing, installation or coordination contexts.",mechanical systems
elevator procedure,"A mechanical term meaning asansör prosedürü, used in site, drawing, installation or coordination contexts.",mechanical systems
elevator pulley room,"A mechanical term meaning asansör kasnak odası, used in site, drawing, installation or coordination contexts.",mechanical systems
elevator rails,"A mechanical term meaning asansör rails, used in site, drawing, installation or coordination contexts.",mechanical systems
elevator report,"A mechanical term meaning asansör raporu, used in site, drawing, installation or coordination contexts.",mechanical systems
elevator safety gear,"A mechanical term meaning asansör güvenlik tertibatı, used in site, drawing, installation or coordination contexts.",mechanical systems
elevator schedule,"A mechanical term meaning asansör programı/cetveli, used in site, drawing, installation or coordination contexts.",mechanical systems
elevator shaft,"A mechanical term meaning asansör kuyusu, used in site, drawing, installation or coordination contexts.",mechanical systems
elevator speed governor,"A mechanical term meaning asansör hız regülatörü, used in site, drawing, installation or coordination contexts.",mechanical systems
elevator status,"A mechanical term meaning asansör durumu, used in site, drawing, installation or coordination contexts.",mechanical systems
elevator testing,"A mechanical term meaning asansör testi, used in site, drawing, installation or coordination contexts.",mechanical systems
excessively exhaust fans,"A mechanical term meaning aşırı şekilde egzoz / egzoz havası fans, used in site, drawing, installation or coordination contexts.",mechanical systems
exhaust air fan,"A mechanical term meaning egzoz havası fanı, used in site, drawing, installation or coordination contexts.",mechanical systems
exhaust ducts,"A mechanical term meaning egzoz / egzoz havası ducts, used in site, drawing, installation or coordination contexts.",mechanical systems
exhaust fans,"A mechanical term meaning egzoz / egzoz havası fans, used in site, drawing, installation or coordination contexts.",mechanical systems
existing elevator shaft,"A mechanical term meaning mevcut asansör şaft / kuyu, used in site, drawing, installation or coordination contexts.",mechanical systems
fan alarm,"A mechanical term meaning fan alarmı, used in site, drawing, installation or coordination contexts.",mechanical systems
fan checklist,"A mechanical term meaning fan kontrol listesi, used in site, drawing, installation or coordination contexts.",mechanical systems
fan connection,"A mechanical term meaning fan bağlantısı, used in site, drawing, installation or coordination contexts.",mechanical systems
fan datasheet,"A mechanical term meaning fan veri sayfası, used in site, drawing, installation or coordination contexts.",mechanical systems
fan detail,"A mechanical term meaning fan detayı, used in site, drawing, installation or coordination contexts.",mechanical systems
fan fault,"A mechanical term meaning fan arızası, used in site, drawing, installation or coordination contexts.",mechanical systems
fan inspection,"A mechanical term meaning fan kontrolü, used in site, drawing, installation or coordination contexts.",mechanical systems
fan interface,"A mechanical term meaning fan arayüzü, used in site, drawing, installation or coordination contexts.",mechanical systems
fan layout,"A mechanical term meaning fan yerleşimi, used in site, drawing, installation or coordination contexts.",mechanical systems
fan maintenance,"A mechanical term meaning fan bakımı, used in site, drawing, installation or coordination contexts.",mechanical systems
fan manual,"A mechanical term meaning fan kılavuzu, used in site, drawing, installation or coordination contexts.",mechanical systems
fan nameplate,"A mechanical term meaning fan etiket plakası, used in site, drawing, installation or coordination contexts.",mechanical systems
fan procedure,"A mechanical term meaning fan prosedürü, used in site, drawing, installation or coordination contexts.",mechanical systems
fan report,"A mechanical term meaning fan raporu, used in site, drawing, installation or coordination contexts.",mechanical systems
fan schedule,"A mechanical term meaning fan programı/cetveli, used in site, drawing, installation or coordination contexts.",mechanical systems
fan status,"A mechanical term meaning fan durumu, used in site, drawing, installation or coordination contexts.",mechanical systems
fan testing,"A mechanical term meaning fan testi, used in site, drawing, installation or coordination contexts.",mechanical systems
fire pump,"A mechanical term meaning yangın pompası, used in site, drawing, installation or coordination contexts.",mechanical systems
fire pumps,"A mechanical term meaning yangın pumps, used in site, drawing, installation or coordination contexts.",mechanical systems
firefighter elevator,"A mechanical term meaning itfaiyeci asansör, used in site, drawing, installation or coordination contexts.",mechanical systems
flare,"A mechanical term meaning flare / yakma bacası, used in site, drawing, installation or coordination contexts.",mechanical systems
fresh air fan,"A mechanical term meaning taze hava fanı, used in site, drawing, installation or coordination contexts.",mechanical systems
gate valve,"A mechanical term meaning sürgülü vana, used in site, drawing, installation or coordination contexts.",mechanical systems
hot water pump,"A mechanical term meaning sıcak su pompası, used in site, drawing, installation or coordination contexts.",mechanical systems
isolation valve,"A mechanical term meaning izolasyon vanası, used in site, drawing, installation or coordination contexts.",mechanical systems
jockey pump,"A mechanical term meaning jokey pompa, used in site, drawing, installation or coordination contexts.",mechanical systems
kitchen extract fan,"A mechanical term meaning mutfak egzozu fanı, used in site, drawing, installation or coordination contexts.",mechanical systems
lifting operation procedure,"A mechanical term meaning kaldırma operasyonu prosedürü, used in site, drawing, installation or coordination contexts.",mechanical systems
lifting plan procedure,"A mechanical term meaning kaldırma planı prosedürü, used in site, drawing, installation or coordination contexts.",mechanical systems
machine roomless elevator,"A mechanical term meaning makine roomless asansör, used in site, drawing, installation or coordination contexts.",mechanical systems
main pump stations,"A mechanical term meaning ana pompa stations, used in site, drawing, installation or coordination contexts.",mechanical systems
monitor lift malfunctions,"A mechanical term meaning izlemek kaldırmak malfunctions, used in site, drawing, installation or coordination contexts.",mechanical systems
motorized valve,"A mechanical term meaning motorlu vana, used in site, drawing, installation or coordination contexts.",mechanical systems
pressure relief valve,"A mechanical term meaning basınç tahliye vanası, used in site, drawing, installation or coordination contexts.",mechanical systems
pulley room,"A mechanical term meaning kasnak odası, used in site, drawing, installation or coordination contexts.",mechanical systems
pump alarm,"A mechanical term meaning pompa alarmı, used in site, drawing, installation or coordination contexts.",mechanical systems
pump checklist,"A mechanical term meaning pompa kontrol listesi, used in site, drawing, installation or coordination contexts.",mechanical systems
pump connection,"A mechanical term meaning pompa bağlantısı, used in site, drawing, installation or coordination contexts.",mechanical systems
pump datasheet,"A mechanical term meaning pompa veri sayfası, used in site, drawing, installation or coordination contexts.",mechanical systems
pump detail,"A mechanical term meaning pompa detayı, used in site, drawing, installation or coordination contexts.",mechanical systems
pump fault,"A mechanical term meaning pompa arızası, used in site, drawing, installation or coordination contexts.",mechanical systems
pump inspection,"A mechanical term meaning pompa kontrolü, used in site, drawing, installation or coordination contexts.",mechanical systems
pump interface,"A mechanical term meaning pompa arayüzü, used in site, drawing, installation or coordination contexts.",mechanical systems
pump layout,"A mechanical term meaning pompa yerleşimi, used in site, drawing, installation or coordination contexts.",mechanical systems
pump maintenance,"A mechanical term meaning pompa bakımı, used in site, drawing, installation or coordination contexts.",mechanical systems
pump manual,"A mechanical term meaning pompa kılavuzu, used in site, drawing, installation or coordination contexts.",mechanical systems
pump nameplate,"A mechanical term meaning pompa etiket plakası, used in site, drawing, installation or coordination contexts.",mechanical systems
pump procedure,"A mechanical term meaning pompa prosedürü, used in site, drawing, installation or coordination contexts.",mechanical systems
pump report,"A mechanical term meaning pompa raporu, used in site, drawing, installation or coordination contexts.",mechanical systems
pump schedule,"A mechanical term meaning pompa programı/cetveli, used in site, drawing, installation or coordination contexts.",mechanical systems
pump skid,"A mechanical term meaning pompa skidi, used in site, drawing, installation or coordination contexts.",mechanical systems
pump status,"A mechanical term meaning pompa durumu, used in site, drawing, installation or coordination contexts.",mechanical systems
pump testing,"A mechanical term meaning pompa testi, used in site, drawing, installation or coordination contexts.",mechanical systems
return air fan,"A mechanical term meaning dönüş havası fanı, used in site, drawing, installation or coordination contexts.",mechanical systems
shaft bottom,"A mechanical term meaning şaft / kuyu bottom, used in site, drawing, installation or coordination contexts.",mechanical systems
shaft ceiling,"A mechanical term meaning şaft / kuyu tavan, used in site, drawing, installation or coordination contexts.",mechanical systems
shaft dimensions,"A mechanical term meaning şaft / kuyu dimensions, used in site, drawing, installation or coordination contexts.",mechanical systems
shaft interior switch,"A mechanical term meaning şaft / kuyu interior anahtarı/şalteri, used in site, drawing, installation or coordination contexts.",mechanical systems
smoke exhaust fan,"A mechanical term meaning duman egzoz fanı, used in site, drawing, installation or coordination contexts.",mechanical systems
solenoid valve,"A mechanical term meaning solenoid vana, used in site, drawing, installation or coordination contexts.",mechanical systems
stack,"A mechanical term meaning baca / yığın, used in site, drawing, installation or coordination contexts.",mechanical systems
stair pressurization fan,"A mechanical term meaning merdiven basınçlandırma fanı, used in site, drawing, installation or coordination contexts.",mechanical systems
steel conductor,"A mechanical term meaning çelik iletken, used in site, drawing, installation or coordination contexts.",mechanical systems
submersible pump,"A mechanical term meaning dalgıç pompa, used in site, drawing, installation or coordination contexts.",mechanical systems
sump pump,"A mechanical term meaning drenaj pompası, used in site, drawing, installation or coordination contexts.",mechanical systems
supply air fan,"A mechanical term meaning besleme havası fanı, used in site, drawing, installation or coordination contexts.",mechanical systems
thermostatic ventilation fans,"A mechanical term meaning thermostatic havalandırma fans, used in site, drawing, installation or coordination contexts.",mechanical systems
toilet exhaust fan,"A mechanical term meaning tuvalet egzozu fanı, used in site, drawing, installation or coordination contexts.",mechanical systems
valve alarm,"A mechanical term meaning vana alarmı, used in site, drawing, installation or coordination contexts.",mechanical systems
valve checklist,"A mechanical term meaning vana kontrol listesi, used in site, drawing, installation or coordination contexts.",mechanical systems
valve connection,"A mechanical term meaning vana bağlantısı, used in site, drawing, installation or coordination contexts.",mechanical systems
valve datasheet,"A mechanical term meaning vana veri sayfası, used in site, drawing, installation or coordination contexts.",mechanical systems
valve detail,"A mechanical term meaning vana detayı, used in site, drawing, installation or coordination contexts.",mechanical systems
valve fault,"A mechanical term meaning vana arızası, used in site, drawing, installation or coordination contexts.",mechanical systems
valve inspection,"A mechanical term meaning vana kontrolü, used in site, drawing, installation or coordination contexts.",mechanical systems
valve interface,"A mechanical term meaning vana arayüzü, used in site, drawing, installation or coordination contexts.",mechanical systems
valve layout,"A mechanical term meaning vana yerleşimi, used in site, drawing, installation or coordination contexts.",mechanical systems
valve maintenance,"A mechanical term meaning vana bakımı, used in site, drawing, installation or coordination contexts.",mechanical systems
valve manual,"A mechanical term meaning vana kılavuzu, used in site, drawing, installation or coordination contexts.",mechanical systems
valve nameplate,"A mechanical term meaning vana etiket plakası, used in site, drawing, installation or coordination contexts.",mechanical systems
valve procedure,"A mechanical term meaning vana prosedürü, used in site, drawing, installation or coordination contexts.",mechanical systems
valve report,"A mechanical term meaning vana raporu, used in site, drawing, installation or coordination contexts.",mechanical systems
valve schedule,"A mechanical term meaning vana programı/cetveli, used in site, drawing, installation or coordination contexts.",mechanical systems
valve status,"A mechanical term meaning vana durumu, used in site, drawing, installation or coordination contexts.",mechanical systems
valve testing,"A mechanical term meaning vana testi, used in site, drawing, installation or coordination contexts.",mechanical systems
ventilation fan,"A mechanical term meaning havalandırma fan, used in site, drawing, installation or coordination contexts.",mechanical systems
skid,"A mechanical term meaning skid / paket ekipman şasesi, used in site, drawing, installation or coordination contexts.",oil & gas
vessel,"A mechanical term meaning kap / basınçlı kap, used in site, drawing, installation or coordination contexts.",oil & gas
area classification drawing,"A mechanical term meaning bölge sınıflandırma çizimi, used in site, drawing, installation or coordination contexts.",oil & gas construction
cathodic protection,"A mechanical term meaning katodik koruma, used in site, drawing, installation or coordination contexts.",oil & gas construction
idle,"A mechanical term meaning boşta / çalışmayan, used in site, drawing, installation or coordination contexts.",operation
density,"A mechanical term meaning yoğunluk, used in site, drawing, installation or coordination contexts.",parameters
friction,"A mechanical term meaning sürtünme, used in site, drawing, installation or coordination contexts.",parameters
vibration,"A mechanical term meaning titreşim, used in site, drawing, installation or coordination contexts.",parameters
flange,"A mechanical term meaning flanş, used in site, drawing, installation or coordination contexts.",piping
manifold,"A mechanical term meaning manifold / dağıtıcı kolektör, used in site, drawing, installation or coordination contexts.",piping
pipework,"A mechanical term meaning borulama tesisatı, used in site, drawing, installation or coordination contexts.",piping
booster,"A mechanical term meaning hidrofor / yükseltici, used in site, drawing, installation or coordination contexts.",pumps
circulator,"A mechanical term meaning sirkülatör, used in site, drawing, installation or coordination contexts.",pumps
float,"A mechanical term meaning şamandıra / float, used in site, drawing, installation or coordination contexts.",pumps
sump,"A mechanical term meaning çukur / sump, used in site, drawing, installation or coordination contexts.",pumps
leakproof,"A mechanical term meaning sızdırmaz, used in site, drawing, installation or coordination contexts.",quality
compress,"A mechanical term meaning sıkıştırmak, used in site, drawing, installation or coordination contexts.",systems
compression,"A mechanical term meaning sıkıştırma, used in site, drawing, installation or coordination contexts.",systems
ignition,"A mechanical term meaning ateşleme, used in site, drawing, installation or coordination contexts.",systems
inflow,"A mechanical term meaning giriş akışı, used in site, drawing, installation or coordination contexts.",systems
outflow,"A mechanical term meaning çıkış akışı, used in site, drawing, installation or coordination contexts.",systems
pneumatic,"An adjective meaning “pnömatik”, used to describe a condition, issue, status or requirement.",systems
absorber,"A mechanical term meaning sönümleyici / absorber, used in site, drawing, installation or coordination contexts.",HVAC
absorption,"A mechanical term meaning absorpsiyon / soğurma, used in site, drawing, installation or coordination contexts.",HVAC
aeration,"A mechanical term meaning havalandırma, used in site, drawing, installation or coordination contexts.",HVAC
aerodynamic,"An adjective meaning “aerodinamik”, used to describe a condition, issue, status or requirement.",HVAC
aspiration,"A mechanical term meaning emiş / aspirasyon, used in site, drawing, installation or coordination contexts.",HVAC
baffle,"A mechanical term meaning yönlendirici plaka / baffle, used in site, drawing, installation or coordination contexts.",HVAC
dehumidification,"A mechanical term meaning nem alma, used in site, drawing, installation or coordination contexts.",HVAC
dehumidify,"A mechanical term meaning nem almak, used in site, drawing, installation or coordination contexts.",HVAC
evaporator,"A mechanical term meaning evaporatör, used in site, drawing, installation or coordination contexts.",HVAC
plenum,"A mechanical term meaning plenum / hava boşluğu, used in site, drawing, installation or coordination contexts.",HVAC
pressurization,"A mechanical term meaning basınçlandırma, used in site, drawing, installation or coordination contexts.",HVAC
attenuating,"A mechanical term meaning sesi azaltan / zayıflatan, used in site, drawing, installation or coordination contexts.",acoustics
attenuator,"A mechanical term meaning susturucu / zayıflatıcı, used in site, drawing, installation or coordination contexts.",acoustics
bulkhead,"A mechanical term meaning bölme / perde, used in site, drawing, installation or coordination contexts.",components
impeller,"A mechanical term meaning çark / pervane, used in site, drawing, installation or coordination contexts.",components
orifice,"A mechanical term meaning orifis / delik, used in site, drawing, installation or coordination contexts.",components
throttle,"A mechanical term meaning kısmak / gaz kelebeği, used in site, drawing, installation or coordination contexts.",control
CRAC,CRAC is an acronym used in mechanical communication.,data center cooling
CRAH,CRAH is an acronym used in mechanical communication.,data center cooling
condensate,"A mechanical term meaning kondens / yoğuşma suyu, used in site, drawing, installation or coordination contexts.",mechanical systems
conditioning,"A mechanical term meaning iklimlendirme, used in site, drawing, installation or coordination contexts.",mechanical systems
counterpoise conductor,"A mechanical term meaning topraklama çevre iletkeni iletken, used in site, drawing, installation or coordination contexts.",mechanical systems
drive,"To drive something in a work, site or daily communication context.",mechanical systems
electromechanical,"An adjective meaning “elektromekanik”, used to describe a condition, issue, status or requirement.",mechanical systems
elevator cabin dimensions,"A mechanical term meaning asansör kabin dimensions, used in site, drawing, installation or coordination contexts.",mechanical systems
elevator landing doors,"A mechanical term meaning asansör kat durağı doors, used in site, drawing, installation or coordination contexts.",mechanical systems
elevator machine room,"A mechanical term meaning asansör makine odası, used in site, drawing, installation or coordination contexts.",mechanical systems
elevator monitoring system,"A mechanical term meaning asansör izleme sistemi, used in site, drawing, installation or coordination contexts.",mechanical systems
elevator shaft dimensions,"A mechanical term meaning asansör şaft / kuyu dimensions, used in site, drawing, installation or coordination contexts.",mechanical systems
engine,"A mechanical term meaning motor, used in site, drawing, installation or coordination contexts.",mechanical systems
fire pumps fans,"A mechanical term meaning yangın pumps fans, used in site, drawing, installation or coordination contexts.",mechanical systems
sheave,"A mechanical term meaning kasnak, used in site, drawing, installation or coordination contexts.",mechanical systems
sterilization,"A mechanical term meaning sterilizasyon, used in site, drawing, installation or coordination contexts.",mechanical systems
suspension,"A mechanical term meaning askı / süspansiyon, used in site, drawing, installation or coordination contexts.",mechanical systems
thermostatic,"An adjective meaning “termostatik”, used to describe a condition, issue, status or requirement.",mechanical systems
disengage,"A mechanical term meaning devreden çıkarmak / ayırmak, used in site, drawing, installation or coordination contexts.",operation
inertia,"A mechanical term meaning atalet, used in site, drawing, installation or coordination contexts.",physics
centrifugal,"An adjective meaning “santrifüj”, used to describe a condition, issue, status or requirement.",pumps
heat,"A mechanical term meaning ısı, used in site, drawing, installation or coordination contexts.",thermodynamics
energy,"A mechanical term meaning enerji, used in site, drawing, installation or coordination contexts.",thermodynamics
steam,"A mechanical term meaning buhar, used in site, drawing, installation or coordination contexts.",thermodynamics
thermal expansion,"A mechanical term meaning ısıl genleşme, used in site, drawing, installation or coordination contexts.",thermodynamics
heat exchanger,"A mechanical term meaning ısı eşanjörü, used in site, drawing, installation or coordination contexts.",thermodynamics
heat transfer coefficient,"A mechanical term meaning ısı transfer katsayısı, used in site, drawing, installation or coordination contexts.",thermodynamics
specific heat capacity,"A mechanical term meaning özgül ısı kapasitesi, used in site, drawing, installation or coordination contexts.",thermodynamics
thermal conductivity,"A mechanical term meaning ısıl iletkenlik, used in site, drawing, installation or coordination contexts.",thermodynamics
enthalpy,"A mechanical term meaning entalpi, used in site, drawing, installation or coordination contexts.",thermodynamics
entropy,"A mechanical term meaning entropi, used in site, drawing, installation or coordination contexts.",thermodynamics
adiabatic process,"A mechanical term meaning adyabatik süreç, used in site, drawing, installation or coordination contexts.",thermodynamics
isothermal process,"A mechanical term meaning izotermal süreç, used in site, drawing, installation or coordination contexts.",thermodynamics
thermodynamic cycle,"A mechanical term meaning termodinamik çevrim, used in site, drawing, installation or coordination contexts.",thermodynamics
Carnot cycle,"A mechanical term meaning Carnot çevrimi, used in site, drawing, installation or coordination contexts.",thermodynamics
Rankine cycle,"A mechanical term meaning Rankine çevrimi, used in site, drawing, installation or coordination contexts.",thermodynamics
latent heat,"A mechanical term meaning gizli ısı, used in site, drawing, installation or coordination contexts.",thermodynamics
sensible heat,"A mechanical term meaning duyulur ısı, used in site, drawing, installation or coordination contexts.",thermodynamics
convection,"A mechanical term meaning taşınım, used in site, drawing, installation or coordination contexts.",thermodynamics
conduction,"A mechanical term meaning iletim, used in site, drawing, installation or coordination contexts.",thermodynamics
radiation heat transfer,"A mechanical term meaning ışınım ile ısı transferi, used in site, drawing, installation or coordination contexts.",thermodynamics
insulation material,"A mechanical term meaning yalıtım malzemesi, used in site, drawing, installation or coordination contexts.",thermodynamics
thermal bridge,"A mechanical term meaning ısı köprüsü, used in site, drawing, installation or coordination contexts.",thermodynamics
superheated steam,"A mechanical term meaning kızgın buhar, used in site, drawing, installation or coordination contexts.",thermodynamics
saturation temperature,"A mechanical term meaning doyma sıcaklığı, used in site, drawing, installation or coordination contexts.",thermodynamics
heat load calculation,"A mechanical term meaning ısı yükü hesabı, used in site, drawing, installation or coordination contexts.",thermodynamics
combustion efficiency,"A mechanical term meaning yanma verimi, used in site, drawing, installation or coordination contexts.",thermodynamics
exhaust gas temperature,"A mechanical term meaning egzoz gazı sıcaklığı, used in site, drawing, installation or coordination contexts.",thermodynamics
heat sink,"A mechanical term meaning ısı emici, used in site, drawing, installation or coordination contexts.",thermodynamics
thermal resistance,"A mechanical term meaning ısıl direnç, used in site, drawing, installation or coordination contexts.",thermodynamics
cogeneration,"A mechanical term meaning kojenerasyon, used in site, drawing, installation or coordination contexts.",thermodynamics
waste heat recovery,"A mechanical term meaning atık ısı geri kazanımı, used in site, drawing, installation or coordination contexts.",thermodynamics
phase change material,"A mechanical term meaning faz değiştiren malzeme, used in site, drawing, installation or coordination contexts.",thermodynamics
thermodynamic equilibrium,"A mechanical term meaning termodinamik denge, used in site, drawing, installation or coordination contexts.",thermodynamics
exergy analysis,"A mechanical term meaning ekserji analizi, used in site, drawing, installation or coordination contexts.",thermodynamics
heat flux,"A mechanical term meaning ısı akısı, used in site, drawing, installation or coordination contexts.",thermodynamics
pressure drop,"A mechanical term meaning basınç düşüşü, used in site, drawing, installation or coordination contexts.",fluid mechanics
viscosity,"A mechanical term meaning viskozite, used in site, drawing, installation or coordination contexts.",fluid mechanics
laminar flow,"A mechanical term meaning laminer akış, used in site, drawing, installation or coordination contexts.",fluid mechanics
turbulent flow,"A mechanical term meaning türbülanslı akış, used in site, drawing, installation or coordination contexts.",fluid mechanics
Reynolds number,"A mechanical term meaning Reynolds sayısı, used in site, drawing, installation or coordination contexts.",fluid mechanics
Bernoulli equation,"A mechanical term meaning Bernoulli denklemi, used in site, drawing, installation or coordination contexts.",fluid mechanics
hydrostatic pressure,"A mechanical term meaning hidrostatik basınç, used in site, drawing, installation or coordination contexts.",fluid mechanics
flow rate,"A mechanical term meaning debi, used in site, drawing, installation or coordination contexts.",fluid mechanics
volumetric flow rate,"A mechanical term meaning hacimsel debi, used in site, drawing, installation or coordination contexts.",fluid mechanics
mass flow rate,"A mechanical term meaning kütlesel debi, used in site, drawing, installation or coordination contexts.",fluid mechanics
head loss,"A mechanical term meaning yük kaybı, used in site, drawing, installation or coordination contexts.",fluid mechanics
friction loss,"A mechanical term meaning sürtünme kaybı, used in site, drawing, installation or coordination contexts.",fluid mechanics
cavitation,"A mechanical term meaning kavitasyon, used in site, drawing, installation or coordination contexts.",fluid mechanics
streamline,"A mechanical term meaning akım çizgisi, used in site, drawing, installation or coordination contexts.",fluid mechanics
compressible flow,"A mechanical term meaning sıkıştırılabilir akış, used in site, drawing, installation or coordination contexts.",fluid mechanics
incompressible flow,"A mechanical term meaning sıkıştırılamaz akış, used in site, drawing, installation or coordination contexts.",fluid mechanics
boundary layer,"A mechanical term meaning sınır tabaka, used in site, drawing, installation or coordination contexts.",fluid mechanics
pipe friction factor,"A mechanical term meaning boru sürtünme katsayısı, used in site, drawing, installation or coordination contexts.",fluid mechanics
hydraulic diameter,"A mechanical term meaning hidrolik çap, used in site, drawing, installation or coordination contexts.",fluid mechanics
nozzle,"A mechanical term meaning meme / nozul, used in site, drawing, installation or coordination contexts.",fluid mechanics
orifice plate,"A mechanical term meaning orifis plakası, used in site, drawing, installation or coordination contexts.",fluid mechanics
venturi meter,"A mechanical term meaning venturi ölçer, used in site, drawing, installation or coordination contexts.",fluid mechanics
flow meter,"A mechanical term meaning debi metre, used in site, drawing, installation or coordination contexts.",fluid mechanics
static pressure,"A mechanical term meaning statik basınç, used in site, drawing, installation or coordination contexts.",fluid mechanics
dynamic pressure,"A mechanical term meaning dinamik basınç, used in site, drawing, installation or coordination contexts.",fluid mechanics
stagnation pressure,"A mechanical term meaning durgunluk basıncı, used in site, drawing, installation or coordination contexts.",fluid mechanics
fluid density,"A mechanical term meaning akışkan yoğunluğu, used in site, drawing, installation or coordination contexts.",fluid mechanics
surface tension,"A mechanical term meaning yüzey gerilimi, used in site, drawing, installation or coordination contexts.",fluid mechanics
open channel flow,"A mechanical term meaning açık kanal akışı, used in site, drawing, installation or coordination contexts.",fluid mechanics
water hammer,"A mechanical term meaning su darbesi, used in site, drawing, installation or coordination contexts.",fluid mechanics
pump curve,"A mechanical term meaning pompa eğrisi, used in site, drawing, installation or coordination contexts.",fluid mechanics
computational fluid dynamics,"A mechanical term meaning hesaplamalı akışkanlar dinamiği, used in site, drawing, installation or coordination contexts.",fluid mechanics
mould,"A mechanical term meaning kalıp, used in site, drawing, installation or coordination contexts.",casting & forging
casting,"A mechanical term meaning döküm, used in site, drawing, installation or coordination contexts.",casting & forging
sand casting,"A mechanical term meaning kum kalıba döküm, used in site, drawing, installation or coordination contexts.",casting & forging
die casting,"A mechanical term meaning basınçlı döküm, used in site, drawing, installation or coordination contexts.",casting & forging
investment casting,"A mechanical term meaning hassas döküm, used in site, drawing, installation or coordination contexts.",casting & forging
forging,"A mechanical term meaning dövme, used in site, drawing, installation or coordination contexts.",casting & forging
hot forging,"A mechanical term meaning sıcak dövme, used in site, drawing, installation or coordination contexts.",casting & forging
cold forging,"A mechanical term meaning soğuk dövme, used in site, drawing, installation or coordination contexts.",casting & forging
extrusion,"A mechanical term meaning ekstrüzyon, used in site, drawing, installation or coordination contexts.",casting & forging
rolling process,"A mechanical term meaning haddeleme işlemi, used in site, drawing, installation or coordination contexts.",casting & forging
shrinkage,"A mechanical term meaning büzülme, used in site, drawing, installation or coordination contexts.",casting & forging
porosity,"A mechanical term meaning gözeneklilik, used in site, drawing, installation or coordination contexts.",casting & forging
riser,"A mechanical term meaning besleyici (döküm), used in site, drawing, installation or coordination contexts.",casting & forging
gating system,"A mechanical term meaning yolluk sistemi, used in site, drawing, installation or coordination contexts.",casting & forging
solidification,"A mechanical term meaning katılaşma, used in site, drawing, installation or coordination contexts.",casting & forging
grain structure,"A mechanical term meaning tane yapısı, used in site, drawing, installation or coordination contexts.",casting & forging
die,"A mechanical term meaning kalıp (dövme), used in site, drawing, installation or coordination contexts.",casting & forging
flash removal,"A mechanical term meaning çapak alma, used in site, drawing, installation or coordination contexts.",casting & forging
hot chamber machine,"A mechanical term meaning sıcak hazneli makine, used in site, drawing, installation or coordination contexts.",casting & forging
cold chamber machine,"A mechanical term meaning soğuk hazneli makine, used in site, drawing, installation or coordination contexts.",casting & forging
cutting,"A mechanical term meaning kesme, used in site, drawing, installation or coordination contexts.",machining
drilling,"A mechanical term meaning delme, used in site, drawing, installation or coordination contexts.",machining
milling,"A mechanical term meaning frezeleme, used in site, drawing, installation or coordination contexts.",machining
turning,"A mechanical term meaning tornalama, used in site, drawing, installation or coordination contexts.",machining
grinding,"A mechanical term meaning taşlama, used in site, drawing, installation or coordination contexts.",machining
boring,"A mechanical term meaning delik büyütme, used in site, drawing, installation or coordination contexts.",machining
reaming,"A mechanical term meaning rayba çekme, used in site, drawing, installation or coordination contexts.",machining
tapping,"A mechanical term meaning diş açma (delik), used in site, drawing, installation or coordination contexts.",machining
threading,"A mechanical term meaning diş çekme, used in site, drawing, installation or coordination contexts.",machining
cutting speed,"A mechanical term meaning kesme hızı, used in site, drawing, installation or coordination contexts.",machining
feed rate,"A mechanical term meaning ilerleme hızı, used in site, drawing, installation or coordination contexts.",machining
depth of cut,"A mechanical term meaning talaş derinliği, used in site, drawing, installation or coordination contexts.",machining
tool wear,"A mechanical term meaning takım aşınması, used in site, drawing, installation or coordination contexts.",machining
chip formation,"A mechanical term meaning talaş oluşumu, used in site, drawing, installation or coordination contexts.",machining
surface roughness,"A mechanical term meaning yüzey pürüzlülüğü, used in site, drawing, installation or coordination contexts.",machining
workpiece,"A mechanical term meaning iş parçası, used in site, drawing, installation or coordination contexts.",machining
fixture,"A mechanical term meaning bağlama aparatı, used in site, drawing, installation or coordination contexts.",machining
jig,"A mechanical term meaning kılavuz aparat, used in site, drawing, installation or coordination contexts.",machining
spindle speed,"A mechanical term meaning iş mili hızı, used in site, drawing, installation or coordination contexts.",machining
machining tolerance,"A mechanical term meaning işleme toleransı, used in site, drawing, installation or coordination contexts.",machining
burr,"A mechanical term meaning çapak, used in site, drawing, installation or coordination contexts.",machining
end mill,"A mechanical term meaning parmak freze, used in site, drawing, installation or coordination contexts.",machining
lathe,"A mechanical term meaning torna tezgahı, used in site, drawing, installation or coordination contexts.",machining
milling cutter,"A mechanical term meaning freze bıçağı, used in site, drawing, installation or coordination contexts.",machining
indexable insert,"A mechanical term meaning değiştirilebilir uç, used in site, drawing, installation or coordination contexts.",machining
high-speed machining,"A mechanical term meaning yüksek hızlı işleme, used in site, drawing, installation or coordination contexts.",machining
electrical discharge machining,"A mechanical term meaning elektro erozyon ile işleme, used in site, drawing, installation or coordination contexts.",machining
laser cutting,"A mechanical term meaning lazer kesim, used in site, drawing, installation or coordination contexts.",machining
weld,"A mechanical term meaning kaynak, used in site, drawing, installation or coordination contexts.",welding
welder,"A mechanical term meaning kaynakçı, used in site, drawing, installation or coordination contexts.",welding
welding rod,"A mechanical term meaning kaynak elektrodu, used in site, drawing, installation or coordination contexts.",welding
arc welding,"A mechanical term meaning ark kaynağı, used in site, drawing, installation or coordination contexts.",welding
MIG welding,"A mechanical term meaning MIG kaynağı, used in site, drawing, installation or coordination contexts.",welding
TIG welding,"A mechanical term meaning TIG kaynağı, used in site, drawing, installation or coordination contexts.",welding
spot welding,"A mechanical term meaning punta kaynağı, used in site, drawing, installation or coordination contexts.",welding
weld seam,"A mechanical term meaning kaynak dikişi, used in site, drawing, installation or coordination contexts.",welding
weld penetration,"A mechanical term meaning kaynak nüfuziyeti, used in site, drawing, installation or coordination contexts.",welding
weld defect,"A mechanical term meaning kaynak hatası, used in site, drawing, installation or coordination contexts.",welding
porosity in weld,"A mechanical term meaning kaynakta gözeneklilik, used in site, drawing, installation or coordination contexts.",welding
undercut,"A mechanical term meaning yanma oluğu, used in site, drawing, installation or coordination contexts.",welding
heat-affected zone,"A mechanical term meaning ısıdan etkilenen bölge, used in site, drawing, installation or coordination contexts.",welding
filler metal,"A mechanical term meaning dolgu metali, used in site, drawing, installation or coordination contexts.",welding
shielding gas,"A mechanical term meaning koruyucu gaz, used in site, drawing, installation or coordination contexts.",welding
weld inspection,"A mechanical term meaning kaynak muayenesi, used in site, drawing, installation or coordination contexts.",welding
non-destructive testing,"A mechanical term meaning tahribatsız muayene, used in site, drawing, installation or coordination contexts.",welding
ultrasonic testing,"A mechanical term meaning ultrasonik muayene, used in site, drawing, installation or coordination contexts.",welding
radiographic testing,"A mechanical term meaning radyografik muayene, used in site, drawing, installation or coordination contexts.",welding
weld procedure specification,"A mechanical term meaning kaynak prosedürü şartnamesi, used in site, drawing, installation or coordination contexts.",welding
welder qualification,"A mechanical term meaning kaynakçı yeterliliği, used in site, drawing, installation or coordination contexts.",welding
brazing,"A mechanical term meaning sert lehimleme, used in site, drawing, installation or coordination contexts.",welding
soldering,"A mechanical term meaning yumuşak lehimleme, used in site, drawing, installation or coordination contexts.",welding
fillet weld,"A mechanical term meaning köşe kaynağı, used in site, drawing, installation or coordination contexts.",welding
butt weld,"A mechanical term meaning alın kaynağı, used in site, drawing, installation or coordination contexts.",welding
metal,"A mechanical term meaning metal, used in site, drawing, installation or coordination contexts.",materials & metallurgy
steel,"A mechanical term meaning çelik, used in site, drawing, installation or coordination contexts.",materials & metallurgy
iron,"A mechanical term meaning demir, used in site, drawing, installation or coordination contexts.",materials & metallurgy
aluminium,"A mechanical term meaning alüminyum, used in site, drawing, installation or coordination contexts.",materials & metallurgy
alloy,"A mechanical term meaning alaşım, used in site, drawing, installation or coordination contexts.",materials & metallurgy
carbon steel,"A mechanical term meaning karbon çelik, used in site, drawing, installation or coordination contexts.",materials & metallurgy
stainless steel,"A mechanical term meaning paslanmaz çelik, used in site, drawing, installation or coordination contexts.",materials & metallurgy
cast iron,"A mechanical term meaning dökme demir, used in site, drawing, installation or coordination contexts.",materials & metallurgy
hardness,"A mechanical term meaning sertlik, used in site, drawing, installation or coordination contexts.",materials & metallurgy
tensile strength,"A mechanical term meaning çekme mukavemeti, used in site, drawing, installation or coordination contexts.",materials & metallurgy
yield strength,"A mechanical term meaning akma mukavemeti, used in site, drawing, installation or coordination contexts.",materials & metallurgy
ductility,"A mechanical term meaning süneklik, used in site, drawing, installation or coordination contexts.",materials & metallurgy
brittleness,"A mechanical term meaning kırılganlık, used in site, drawing, installation or coordination contexts.",materials & metallurgy
fatigue strength,"A mechanical term meaning yorulma mukavemeti, used in site, drawing, installation or coordination contexts.",materials & metallurgy
corrosion resistance,"A mechanical term meaning korozyon direnci, used in site, drawing, installation or coordination contexts.",materials & metallurgy
heat treatment,"A mechanical term meaning ısıl işlem, used in site, drawing, installation or coordination contexts.",materials & metallurgy
annealing,"A mechanical term meaning tavlama, used in site, drawing, installation or coordination contexts.",materials & metallurgy
quenching,"A mechanical term meaning su verme, used in site, drawing, installation or coordination contexts.",materials & metallurgy
tempering,"A mechanical term meaning temperleme, used in site, drawing, installation or coordination contexts.",materials & metallurgy
case hardening,"A mechanical term meaning yüzey sertleştirme, used in site, drawing, installation or coordination contexts.",materials & metallurgy
microstructure,"A mechanical term meaning mikroyapı, used in site, drawing, installation or coordination contexts.",materials & metallurgy
grain boundary,"A mechanical term meaning tane sınırı, used in site, drawing, installation or coordination contexts.",materials & metallurgy
alloying element,"A mechanical term meaning alaşım elementi, used in site, drawing, installation or coordination contexts.",materials & metallurgy
elastic modulus,"A mechanical term meaning elastik modül, used in site, drawing, installation or coordination contexts.",materials & metallurgy
Young's modulus,"A mechanical term meaning Young modülü, used in site, drawing, installation or coordination contexts.",materials & metallurgy
Poisson's ratio,"A mechanical term meaning Poisson oranı, used in site, drawing, installation or coordination contexts.",materials & metallurgy
creep resistance,"A mechanical term meaning sünme direnci, used in site, drawing, installation or coordination contexts.",materials & metallurgy
composite material,"A mechanical term meaning kompozit malzeme, used in site, drawing, installation or coordination contexts.",materials & metallurgy
polymer,"A mechanical term meaning polimer, used in site, drawing, installation or coordination contexts.",materials & metallurgy
thermoplastic,"A mechanical term meaning termoplastik, used in site, drawing, installation or coordination contexts.",materials & metallurgy
thermosetting plastic,"A mechanical term meaning termoset plastik, used in site, drawing, installation or coordination contexts.",materials & metallurgy
ceramic material,"A mechanical term meaning seramik malzeme, used in site, drawing, installation or coordination contexts.",materials & metallurgy
material certificate,"A mechanical term meaning malzeme sertifikası, used in site, drawing, installation or coordination contexts.",materials & metallurgy
mill test certificate,"A mechanical term meaning fabrika test sertifikası, used in site, drawing, installation or coordination contexts.",materials & metallurgy
metallurgical testing,"A mechanical term meaning metalurjik test, used in site, drawing, installation or coordination contexts.",materials & metallurgy
phase diagram,"A mechanical term meaning faz diyagramı, used in site, drawing, installation or coordination contexts.",materials & metallurgy
crystalline structure,"A mechanical term meaning kristal yapı, used in site, drawing, installation or coordination contexts.",materials & metallurgy
nondestructive material testing,"A mechanical term meaning tahribatsız malzeme muayenesi, used in site, drawing, installation or coordination contexts.",materials & metallurgy
galvanic corrosion,"A mechanical term meaning galvanik korozyon, used in site, drawing, installation or coordination contexts.",materials & metallurgy
passivation,"A mechanical term meaning pasivasyon, used in site, drawing, installation or coordination contexts.",materials & metallurgy
hot-dip galvanising,"A mechanical term meaning sıcak daldırma galvaniz, used in site, drawing, installation or coordination contexts.",materials & metallurgy
surface coating,"A mechanical term meaning yüzey kaplaması, used in site, drawing, installation or coordination contexts.",materials & metallurgy
powder coating,"A mechanical term meaning toz boya kaplama, used in site, drawing, installation or coordination contexts.",materials & metallurgy
anodising,"A mechanical term meaning anodizasyon, used in site, drawing, installation or coordination contexts.",materials & metallurgy
material traceability,"A mechanical term meaning malzeme izlenebilirliği, used in site, drawing, installation or coordination contexts.",materials & metallurgy
chemical composition report,"A mechanical term meaning kimyasal bileşim raporu, used in site, drawing, installation or coordination contexts.",materials & metallurgy
gear,"A mechanical term meaning dişli, used in site, drawing, installation or coordination contexts.",gears & machine design
spur gear,"A mechanical term meaning düz dişli, used in site, drawing, installation or coordination contexts.",gears & machine design
helical gear,"A mechanical term meaning helisel dişli, used in site, drawing, installation or coordination contexts.",gears & machine design
bevel gear,"A mechanical term meaning konik dişli, used in site, drawing, installation or coordination contexts.",gears & machine design
worm gear,"A mechanical term meaning sonsuz dişli, used in site, drawing, installation or coordination contexts.",gears & machine design
gearbox,"A mechanical term meaning dişli kutusu, used in site, drawing, installation or coordination contexts.",gears & machine design
gear ratio,"A mechanical term meaning dişli oranı, used in site, drawing, installation or coordination contexts.",gears & machine design
module (gear),"A mechanical term meaning modül (dişli), used in site, drawing, installation or coordination contexts.",gears & machine design
pitch circle,"A mechanical term meaning bölüm dairesi, used in site, drawing, installation or coordination contexts.",gears & machine design
backlash,"A mechanical term meaning boşluk (dişli), used in site, drawing, installation or coordination contexts.",gears & machine design
planetary gear,"A mechanical term meaning gezegen dişli, used in site, drawing, installation or coordination contexts.",gears & machine design
gear tooth profile,"A mechanical term meaning dişli diş profili, used in site, drawing, installation or coordination contexts.",gears & machine design
rack and pinion,"A mechanical term meaning kremayer ve pinyon, used in site, drawing, installation or coordination contexts.",gears & machine design
gear reducer,"A mechanical term meaning redüktör, used in site, drawing, installation or coordination contexts.",gears & machine design
mechanical advantage,"A mechanical term meaning mekanik avantaj, used in site, drawing, installation or coordination contexts.",gears & machine design
torque,"A mechanical term meaning tork, used in site, drawing, installation or coordination contexts.",gears & machine design
rotational speed,"A mechanical term meaning dönme hızı, used in site, drawing, installation or coordination contexts.",gears & machine design
power transmission ratio,"A mechanical term meaning güç iletim oranı, used in site, drawing, installation or coordination contexts.",gears & machine design
gear lubrication,"A mechanical term meaning dişli yağlaması, used in site, drawing, installation or coordination contexts.",gears & machine design
ball bearing,"A mechanical term meaning bilyalı rulman, used in site, drawing, installation or coordination contexts.",bearings & shafts
roller bearing,"A mechanical term meaning makaralı rulman, used in site, drawing, installation or coordination contexts.",bearings & shafts
thrust bearing,"A mechanical term meaning eksenel yatak, used in site, drawing, installation or coordination contexts.",bearings & shafts
sleeve bearing,"A mechanical term meaning kaymalı yatak, used in site, drawing, installation or coordination contexts.",bearings & shafts
shaft,"A mechanical term meaning mil, used in site, drawing, installation or coordination contexts.",bearings & shafts
keyway,"A mechanical term meaning kama yuvası, used in site, drawing, installation or coordination contexts.",bearings & shafts
flexible coupling,"A mechanical term meaning esnek kaplin, used in site, drawing, installation or coordination contexts.",bearings & shafts
rigid coupling,"A mechanical term meaning rijit kaplin, used in site, drawing, installation or coordination contexts.",bearings & shafts
universal joint,"A mechanical term meaning üniversal mafsal, used in site, drawing, installation or coordination contexts.",bearings & shafts
shaft alignment,"A mechanical term meaning mil hizalama, used in site, drawing, installation or coordination contexts.",bearings & shafts
misalignment,"A mechanical term meaning hizalama hatası, used in site, drawing, installation or coordination contexts.",bearings & shafts
shaft deflection,"A mechanical term meaning mil sehimi, used in site, drawing, installation or coordination contexts.",bearings & shafts
radial load,"A mechanical term meaning radyal yük, used in site, drawing, installation or coordination contexts.",bearings & shafts
axial load,"A mechanical term meaning eksenel yük, used in site, drawing, installation or coordination contexts.",bearings & shafts
bearing clearance,"A mechanical term meaning rulman boşluğu, used in site, drawing, installation or coordination contexts.",bearings & shafts
bearing housing,"A mechanical term meaning yatak yuvası, used in site, drawing, installation or coordination contexts.",bearings & shafts
seal (mechanical),"A mechanical term meaning sızdırmazlık elemanı, used in site, drawing, installation or coordination contexts.",bearings & shafts
O-ring,"A mechanical term meaning o-ring, used in site, drawing, installation or coordination contexts.",bearings & shafts
retaining ring,"A mechanical term meaning seger yüzük, used in site, drawing, installation or coordination contexts.",bearings & shafts
locknut,"A mechanical term meaning kilit somunu, used in site, drawing, installation or coordination contexts.",bearings & shafts
bolt,"A mechanical term meaning cıvata, used in site, drawing, installation or coordination contexts.",fasteners
nut,"A mechanical term meaning somun, used in site, drawing, installation or coordination contexts.",fasteners
washer,"A mechanical term meaning pul / rondela, used in site, drawing, installation or coordination contexts.",fasteners
screw,"A mechanical term meaning vida, used in site, drawing, installation or coordination contexts.",fasteners
rivet,"A mechanical term meaning perçin, used in site, drawing, installation or coordination contexts.",fasteners
stud,"A mechanical term meaning saplama, used in site, drawing, installation or coordination contexts.",fasteners
torque wrench,"A mechanical term meaning tork anahtarı, used in site, drawing, installation or coordination contexts.",fasteners
tightening torque,"A mechanical term meaning sıkma torku, used in site, drawing, installation or coordination contexts.",fasteners
thread pitch,"A mechanical term meaning diş adımı, used in site, drawing, installation or coordination contexts.",fasteners
locking mechanism,"A mechanical term meaning kilitleme mekanizması, used in site, drawing, installation or coordination contexts.",fasteners
anchor bolt,"A mechanical term meaning ankraj cıvatası, used in site, drawing, installation or coordination contexts.",fasteners
preload,"A mechanical term meaning ön yükleme, used in site, drawing, installation or coordination contexts.",fasteners
fastener grade,"A mechanical term meaning bağlantı elemanı sınıfı, used in site, drawing, installation or coordination contexts.",fasteners
interference fit,"A mechanical term meaning geçmeli montaj, used in site, drawing, installation or coordination contexts.",fasteners
clearance fit,"A mechanical term meaning boşluklu montaj, used in site, drawing, installation or coordination contexts.",fasteners
belt,"A mechanical term meaning kayış, used in site, drawing, installation or coordination contexts.",power transmission
belt drive,"A mechanical term meaning kayış tahriki, used in site, drawing, installation or coordination contexts.",power transmission
V-belt,"A mechanical term meaning V kayışı, used in site, drawing, installation or coordination contexts.",power transmission
timing belt,"A mechanical term meaning triger kayışı, used in site, drawing, installation or coordination contexts.",power transmission
chain drive,"A mechanical term meaning zincir tahriki, used in site, drawing, installation or coordination contexts.",power transmission
sprocket,"A mechanical term meaning zincir dişlisi, used in site, drawing, installation or coordination contexts.",power transmission
clutch,"A mechanical term meaning kavrama, used in site, drawing, installation or coordination contexts.",power transmission
disc brake,"A mechanical term meaning disk fren, used in site, drawing, installation or coordination contexts.",power transmission
drum brake,"A mechanical term meaning kampana fren, used in site, drawing, installation or coordination contexts.",power transmission
flywheel,"A mechanical term meaning volan, used in site, drawing, installation or coordination contexts.",power transmission
driveshaft,"A mechanical term meaning kardan mili, used in site, drawing, installation or coordination contexts.",power transmission
universal coupling,"A mechanical term meaning kardan kaplin, used in site, drawing, installation or coordination contexts.",power transmission
power take-off,"A mechanical term meaning güç aktarma organı, used in site, drawing, installation or coordination contexts.",power transmission
variable speed drive,"A mechanical term meaning değişken hızlı tahrik, used in site, drawing, installation or coordination contexts.",power transmission
gear pump drive,"A mechanical term meaning dişli pompa tahriki, used in site, drawing, installation or coordination contexts.",power transmission
mechanical efficiency,"A mechanical term meaning mekanik verim, used in site, drawing, installation or coordination contexts.",power transmission
transmission ratio,"A mechanical term meaning iletim oranı, used in site, drawing, installation or coordination contexts.",power transmission
repair,"A mechanical term meaning onarım, used in site, drawing, installation or coordination contexts.",maintenance
service,"A mechanical term meaning bakım / servis, used in site, drawing, installation or coordination contexts.",maintenance
inspection,"A mechanical term meaning muayene, used in site, drawing, installation or coordination contexts.",maintenance
preventive maintenance,"A mechanical term meaning önleyici bakım, used in site, drawing, installation or coordination contexts.",maintenance
predictive maintenance,"A mechanical term meaning kestirimci bakım, used in site, drawing, installation or coordination contexts.",maintenance
breakdown maintenance,"A mechanical term meaning arıza bakımı, used in site, drawing, installation or coordination contexts.",maintenance
spare part,"A mechanical term meaning yedek parça, used in site, drawing, installation or coordination contexts.",maintenance
maintenance schedule,"A mechanical term meaning bakım programı, used in site, drawing, installation or coordination contexts.",maintenance
downtime,"A mechanical term meaning duruş süresi, used in site, drawing, installation or coordination contexts.",maintenance
root cause analysis,"A mechanical term meaning kök neden analizi, used in site, drawing, installation or coordination contexts.",maintenance
failure mode,"A mechanical term meaning arıza türü, used in site, drawing, installation or coordination contexts.",maintenance
condition monitoring,"A mechanical term meaning durum izleme, used in site, drawing, installation or coordination contexts.",maintenance
vibration monitoring,"A mechanical term meaning titreşim izleme, used in site, drawing, installation or coordination contexts.",maintenance
oil analysis,"A mechanical term meaning yağ analizi, used in site, drawing, installation or coordination contexts.",maintenance
thermographic inspection,"A mechanical term meaning termografik muayene, used in site, drawing, installation or coordination contexts.",maintenance
lubrication schedule,"A mechanical term meaning yağlama programı, used in site, drawing, installation or coordination contexts.",maintenance
overhaul,"A mechanical term meaning genel bakım / revizyon, used in site, drawing, installation or coordination contexts.",maintenance
wear and tear,"A mechanical term meaning aşınma ve yıpranma, used in site, drawing, installation or coordination contexts.",maintenance
corrective action,"A mechanical term meaning düzeltici faaliyet, used in site, drawing, installation or coordination contexts.",maintenance
asset management,"A mechanical term meaning varlık yönetimi, used in site, drawing, installation or coordination contexts.",maintenance
equipment history log,"A mechanical term meaning ekipman geçmiş kaydı, used in site, drawing, installation or coordination contexts.",maintenance
critical spare list,"A mechanical term meaning kritik yedek parça listesi, used in site, drawing, installation or coordination contexts.",maintenance
reliability centered maintenance,"A mechanical term meaning güvenilirlik merkezli bakım, used in site, drawing, installation or coordination contexts.",maintenance
maintenance backlog,"A mechanical term meaning bekleyen bakım işleri, used in site, drawing, installation or coordination contexts.",maintenance
shutdown maintenance,"A mechanical term meaning duruş bakımı, used in site, drawing, installation or coordination contexts.",maintenance
technician,"A mechanical term meaning teknisyen, used in site, drawing, installation or coordination contexts.",maintenance
work order,"A mechanical term meaning iş emri, used in site, drawing, installation or coordination contexts.",maintenance
checklist,"A mechanical term meaning kontrol listesi, used in site, drawing, installation or coordination contexts.",maintenance
commissioning report,"A mechanical term meaning devreye alma raporu, used in site, drawing, installation or coordination contexts.",maintenance
decommissioning,"A mechanical term meaning hizmetten kaldırma, used in site, drawing, installation or coordination contexts.",maintenance
component replacement,"A mechanical term meaning parça değişimi, used in site, drawing, installation or coordination contexts.",maintenance
greasing point,"A mechanical term meaning gres noktası, used in site, drawing, installation or coordination contexts.",maintenance
maintenance manual,"A mechanical term meaning bakım kılavuzu, used in site, drawing, installation or coordination contexts.",maintenance
service interval,"A mechanical term meaning bakım periyodu, used in site, drawing, installation or coordination contexts.",maintenance
obsolescence management,"A mechanical term meaning modası geçme yönetimi, used in site, drawing, installation or coordination contexts.",maintenance
measurement,"A mechanical term meaning ölçüm, used in site, drawing, installation or coordination contexts.",quality
caliper,"A mechanical term meaning kumpas, used in site, drawing, installation or coordination contexts.",quality
micrometer,"A mechanical term meaning mikrometre, used in site, drawing, installation or coordination contexts.",quality
dial gauge,"A mechanical term meaning komparatör, used in site, drawing, installation or coordination contexts.",quality
tolerance,"A mechanical term meaning tolerans, used in site, drawing, installation or coordination contexts.",quality
dimensional accuracy,"A mechanical term meaning boyutsal doğruluk, used in site, drawing, installation or coordination contexts.",quality
flatness,"A mechanical term meaning düzlemsellik, used in site, drawing, installation or coordination contexts.",quality
roundness,"A mechanical term meaning yuvarlaklık, used in site, drawing, installation or coordination contexts.",quality
concentricity,"A mechanical term meaning eş merkezlilik, used in site, drawing, installation or coordination contexts.",quality
perpendicularity,"A mechanical term meaning diklik, used in site, drawing, installation or coordination contexts.",quality
parallelism,"A mechanical term meaning paralellik, used in site, drawing, installation or coordination contexts.",quality
surface finish,"A mechanical term meaning yüzey kalitesi, used in site, drawing, installation or coordination contexts.",quality
coordinate measuring machine,"A mechanical term meaning koordinat ölçüm makinesi, used in site, drawing, installation or coordination contexts.",quality
calibration certificate,"A mechanical term meaning kalibrasyon sertifikası, used in site, drawing, installation or coordination contexts.",quality
first article inspection,"A mechanical term meaning ilk parça muayenesi, used in site, drawing, installation or coordination contexts.",quality
statistical process control,"A mechanical term meaning istatistiksel proses kontrolü, used in site, drawing, installation or coordination contexts.",quality
inspection report,"A mechanical term meaning muayene raporu, used in site, drawing, installation or coordination contexts.",quality
nonconforming product,"A mechanical term meaning uygun olmayan ürün, used in site, drawing, installation or coordination contexts.",quality
quality assurance plan,"A mechanical term meaning kalite güvence planı, used in site, drawing, installation or coordination contexts.",quality
go/no-go gauge,"A mechanical term meaning geç/geçmez mastarı, used in site, drawing, installation or coordination contexts.",quality
thread gauge,"A mechanical term meaning diş mastarı, used in site, drawing, installation or coordination contexts.",quality
surface plate,"A mechanical term meaning kontrol masası, used in site, drawing, installation or coordination contexts.",quality
acceptance criteria,"A mechanical term meaning kabul kriterleri, used in site, drawing, installation or coordination contexts.",quality
traceability of measurement,"A mechanical term meaning ölçüm izlenebilirliği, used in site, drawing, installation or coordination contexts.",quality
measurement uncertainty,"A mechanical term meaning ölçüm belirsizliği, used in site, drawing, installation or coordination contexts.",quality
dimensional report,"A mechanical term meaning boyutsal rapor, used in site, drawing, installation or coordination contexts.",quality
witness inspection,"A mechanical term meaning gözlemli muayene, used in site, drawing, installation or coordination contexts.",quality
hold point,"A mechanical term meaning durdurma noktası, used in site, drawing, installation or coordination contexts.",quality
release note,"A mechanical term meaning serbest bırakma notu, used in site, drawing, installation or coordination contexts.",quality
piston,"A mechanical term meaning piston, used in site, drawing, installation or coordination contexts.",engines
cylinder,"A mechanical term meaning silindir, used in site, drawing, installation or coordination contexts.",engines
crankshaft,"A mechanical term meaning krank mili, used in site, drawing, installation or coordination contexts.",engines
camshaft,"A mechanical term meaning eksantrik mili, used in site, drawing, installation or coordination contexts.",engines
combustion chamber,"A mechanical term meaning yanma odası, used in site, drawing, installation or coordination contexts.",engines
fuel injection,"A mechanical term meaning yakıt enjeksiyonu, used in site, drawing, installation or coordination contexts.",engines
carburetor,"A mechanical term meaning karbüratör, used in site, drawing, installation or coordination contexts.",engines
turbocharger,"A mechanical term meaning turbo şarj, used in site, drawing, installation or coordination contexts.",engines
exhaust system,"A mechanical term meaning egzoz sistemi, used in site, drawing, installation or coordination contexts.",engines
gearbox (automotive),"A mechanical term meaning vites kutusu, used in site, drawing, installation or coordination contexts.",engines
clutch plate,"A mechanical term meaning kavrama diski, used in site, drawing, installation or coordination contexts.",engines
suspension system,"A mechanical term meaning süspansiyon sistemi, used in site, drawing, installation or coordination contexts.",engines
shock absorber,"A mechanical term meaning amortisör, used in site, drawing, installation or coordination contexts.",engines
chassis,"A mechanical term meaning şasi, used in site, drawing, installation or coordination contexts.",engines
differential,"A mechanical term meaning diferansiyel, used in site, drawing, installation or coordination contexts.",engines
timing chain,"A mechanical term meaning triger zinciri, used in site, drawing, installation or coordination contexts.",engines
spark plug,"A mechanical term meaning buji, used in site, drawing, installation or coordination contexts.",engines
diesel engine,"A mechanical term meaning dizel motor, used in site, drawing, installation or coordination contexts.",engines
gasoline engine,"A mechanical term meaning benzinli motor, used in site, drawing, installation or coordination contexts.",engines
engine compression ratio,"A mechanical term meaning motor sıkıştırma oranı, used in site, drawing, installation or coordination contexts.",engines
emission control system,"A mechanical term meaning emisyon kontrol sistemi, used in site, drawing, installation or coordination contexts.",engines
cooling system,"A mechanical term meaning soğutma sistemi, used in site, drawing, installation or coordination contexts.",engines
lubrication system,"A mechanical term meaning yağlama sistemi, used in site, drawing, installation or coordination contexts.",engines
oil filter,"A mechanical term meaning yağ filtresi, used in site, drawing, installation or coordination contexts.",engines
air filter,"A mechanical term meaning hava filtresi, used in site, drawing, installation or coordination contexts.",engines
engine mount,"A mechanical term meaning motor takozu, used in site, drawing, installation or coordination contexts.",engines
power output,"A mechanical term meaning güç çıkışı, used in site, drawing, installation or coordination contexts.",engines
engine torque curve,"A mechanical term meaning motor tork eğrisi, used in site, drawing, installation or coordination contexts.",engines
centrifugal pump,"A mechanical term meaning santrifüj pompa, used in site, drawing, installation or coordination contexts.",pumps
positive displacement pump,"A mechanical term meaning pozitif deplasmanlı pompa, used in site, drawing, installation or coordination contexts.",pumps
reciprocating compressor,"A mechanical term meaning pistonlu kompresör, used in site, drawing, installation or coordination contexts.",pumps
rotary screw compressor,"A mechanical term meaning vidalı kompresör, used in site, drawing, installation or coordination contexts.",pumps
suction pressure,"A mechanical term meaning emme basıncı, used in site, drawing, installation or coordination contexts.",pumps
discharge pressure,"A mechanical term meaning basma basıncı, used in site, drawing, installation or coordination contexts.",pumps
pump impeller,"A mechanical term meaning pompa çarkı, used in site, drawing, installation or coordination contexts.",pumps
pump casing,"A mechanical term meaning pompa gövdesi, used in site, drawing, installation or coordination contexts.",pumps
priming,"A mechanical term meaning pompa doldurma / prime etme, used in site, drawing, installation or coordination contexts.",pumps
dry running,"A mechanical term meaning kuru çalışma, used in site, drawing, installation or coordination contexts.",pumps
compressor efficiency,"A mechanical term meaning kompresör verimi, used in site, drawing, installation or coordination contexts.",pumps
air receiver tank,"A mechanical term meaning hava tankı, used in site, drawing, installation or coordination contexts.",pumps
vacuum pump,"A mechanical term meaning vakum pompası, used in site, drawing, installation or coordination contexts.",pumps
dosing pump,"A mechanical term meaning dozaj pompası, used in site, drawing, installation or coordination contexts.",pumps
gear pump,"A mechanical term meaning dişli pompa, used in site, drawing, installation or coordination contexts.",pumps
globe valve,"A mechanical term meaning küresel vana, used in site, drawing, installation or coordination contexts.",valves & actuators
valve actuator,"A mechanical term meaning vana aktüatörü, used in site, drawing, installation or coordination contexts.",valves & actuators
pneumatic actuator,"A mechanical term meaning pnömatik aktüatör, used in site, drawing, installation or coordination contexts.",valves & actuators
hydraulic actuator,"A mechanical term meaning hidrolik aktüatör, used in site, drawing, installation or coordination contexts.",valves & actuators
electric actuator,"A mechanical term meaning elektrikli aktüatör, used in site, drawing, installation or coordination contexts.",valves & actuators
valve stem,"A mechanical term meaning vana mili, used in site, drawing, installation or coordination contexts.",valves & actuators
valve seat,"A mechanical term meaning vana yatağı, used in site, drawing, installation or coordination contexts.",valves & actuators
throttling valve,"A mechanical term meaning kısma vanası, used in site, drawing, installation or coordination contexts.",valves & actuators
needle valve,"A mechanical term meaning iğneli vana, used in site, drawing, installation or coordination contexts.",valves & actuators
compressor (refrigeration),"A mechanical term meaning kompresör (soğutma), used in site, drawing, installation or coordination contexts.",HVAC
expansion valve,"A mechanical term meaning genleşme valfi, used in site, drawing, installation or coordination contexts.",HVAC
cooling tower,"A mechanical term meaning soğutma kulesi, used in site, drawing, installation or coordination contexts.",HVAC
air handling unit,"A mechanical term meaning klima santrali, used in site, drawing, installation or coordination contexts.",HVAC
fan coil unit,"A mechanical term meaning fan coil ünitesi, used in site, drawing, installation or coordination contexts.",HVAC
VAV box,"A mechanical term meaning değişken hava debili kutu, used in site, drawing, installation or coordination contexts.",HVAC
humidity control,"A mechanical term meaning nem kontrolü, used in site, drawing, installation or coordination contexts.",HVAC
refrigeration cycle,"A mechanical term meaning soğutma çevrimi, used in site, drawing, installation or coordination contexts.",HVAC
superheat,"A mechanical term meaning kızgınlık derecesi, used in site, drawing, installation or coordination contexts.",HVAC
subcooling,"A mechanical term meaning alt soğutma, used in site, drawing, installation or coordination contexts.",HVAC
coefficient of performance,"A mechanical term meaning performans katsayısı, used in site, drawing, installation or coordination contexts.",HVAC
cooling load,"A mechanical term meaning soğutma yükü, used in site, drawing, installation or coordination contexts.",HVAC
HVAC controls,"A mechanical term meaning HVAC kontrolleri, used in site, drawing, installation or coordination contexts.",HVAC
filter media,"A mechanical term meaning filtre malzemesi, used in site, drawing, installation or coordination contexts.",HVAC
air balancing,"A mechanical term meaning hava dengeleme, used in site, drawing, installation or coordination contexts.",HVAC
static pressure fan,"A mechanical term meaning statik basınçlı fan, used in site, drawing, installation or coordination contexts.",HVAC
pipeline,"A mechanical term meaning boru hattı, used in site, drawing, installation or coordination contexts.",piping
pipe fitting,"A mechanical term meaning boru bağlantı elemanı, used in site, drawing, installation or coordination contexts.",piping
elbow,"A mechanical term meaning dirsek, used in site, drawing, installation or coordination contexts.",piping
tee joint,"A mechanical term meaning te bağlantı, used in site, drawing, installation or coordination contexts.",piping
pipe support,"A mechanical term meaning boru desteği, used in site, drawing, installation or coordination contexts.",piping
pipe insulation,"A mechanical term meaning boru yalıtımı, used in site, drawing, installation or coordination contexts.",piping
pressure vessel,"A mechanical term meaning basınçlı kap, used in site, drawing, installation or coordination contexts.",piping
hydrostatic test,"A mechanical term meaning hidrostatik test, used in site, drawing, installation or coordination contexts.",piping
pipe schedule,"A mechanical term meaning boru çeper kalınlığı sınıfı, used in site, drawing, installation or coordination contexts.",piping
weld joint (piping),"A mechanical term meaning kaynak bağlantısı (boru), used in site, drawing, installation or coordination contexts.",piping
expansion joint,"A mechanical term meaning genleşme derzi, used in site, drawing, installation or coordination contexts.",piping
pipe stress analysis,"A mechanical term meaning boru gerilme analizi, used in site, drawing, installation or coordination contexts.",piping
pipe spool,"A mechanical term meaning boru parçası (spool), used in site, drawing, installation or coordination contexts.",piping
isometric drawing,"A mechanical term meaning izometrik çizim, used in site, drawing, installation or coordination contexts.",piping
natural frequency,"A mechanical term meaning doğal frekans, used in site, drawing, installation or coordination contexts.",vibration & dynamics
resonance,"A mechanical term meaning rezonans, used in site, drawing, installation or coordination contexts.",vibration & dynamics
damping,"A mechanical term meaning sönümleme, used in site, drawing, installation or coordination contexts.",vibration & dynamics
amplitude,"A mechanical term meaning genlik, used in site, drawing, installation or coordination contexts.",vibration & dynamics
mechanical vibration analysis,"A mechanical term meaning mekanik titreşim analizi, used in site, drawing, installation or coordination contexts.",vibration & dynamics
unbalance (rotating machinery),"A mechanical term meaning dengesizlik (döner ekipman), used in site, drawing, installation or coordination contexts.",vibration & dynamics
vibration isolator,"A mechanical term meaning titreşim izolatörü, used in site, drawing, installation or coordination contexts.",vibration & dynamics
noise level,"A mechanical term meaning gürültü seviyesi, used in site, drawing, installation or coordination contexts.",vibration & dynamics
acoustic insulation,"A mechanical term meaning akustik yalıtım, used in site, drawing, installation or coordination contexts.",vibration & dynamics
sound pressure level,"A mechanical term meaning ses basınç seviyesi, used in site, drawing, installation or coordination contexts.",vibration & dynamics
shock load,"A mechanical term meaning darbe yükü, used in site, drawing, installation or coordination contexts.",vibration & dynamics
modal analysis,"A mechanical term meaning modal analiz, used in site, drawing, installation or coordination contexts.",vibration & dynamics
harmonic vibration,"A mechanical term meaning harmonik titreşim, used in site, drawing, installation or coordination contexts.",vibration & dynamics
critical speed,"A mechanical term meaning kritik hız, used in site, drawing, installation or coordination contexts.",vibration & dynamics
grease,"A mechanical term meaning gres, used in site, drawing, installation or coordination contexts.",lubrication
lubricating oil,"A mechanical term meaning yağlama yağı, used in site, drawing, installation or coordination contexts.",lubrication
viscosity index,"A mechanical term meaning viskozite indeksi, used in site, drawing, installation or coordination contexts.",lubrication
friction coefficient,"A mechanical term meaning sürtünme katsayısı, used in site, drawing, installation or coordination contexts.",lubrication
wear rate,"A mechanical term meaning aşınma oranı, used in site, drawing, installation or coordination contexts.",lubrication
oil film,"A mechanical term meaning yağ filmi, used in site, drawing, installation or coordination contexts.",lubrication
boundary lubrication,"A mechanical term meaning sınır yağlama, used in site, drawing, installation or coordination contexts.",lubrication
hydrodynamic lubrication,"A mechanical term meaning hidrodinamik yağlama, used in site, drawing, installation or coordination contexts.",lubrication
tribology,"A mechanical term meaning tribolojii, used in site, drawing, installation or coordination contexts.",lubrication
grease fitting,"A mechanical term meaning gres nipeli, used in site, drawing, installation or coordination contexts.",lubrication
oil sampling,"A mechanical term meaning yağ numunesi alma, used in site, drawing, installation or coordination contexts.",lubrication
CNC machine,"A mechanical term meaning CNC makinesi, used in site, drawing, installation or coordination contexts.",machine tools
G-code,"A mechanical term meaning G kodu, used in site, drawing, installation or coordination contexts.",machine tools
tool path,"A mechanical term meaning takım yolu, used in site, drawing, installation or coordination contexts.",machine tools
machining center,"A mechanical term meaning işleme merkezi, used in site, drawing, installation or coordination contexts.",machine tools
spindle,"A mechanical term meaning iş mili, used in site, drawing, installation or coordination contexts.",machine tools
axis of motion,"A mechanical term meaning hareket ekseni, used in site, drawing, installation or coordination contexts.",machine tools
zero point setting,"A mechanical term meaning sıfır noktası ayarı, used in site, drawing, installation or coordination contexts.",machine tools
tool changer,"A mechanical term meaning takım değiştirici, used in site, drawing, installation or coordination contexts.",machine tools
CAM software,"A mechanical term meaning CAM yazılımı, used in site, drawing, installation or coordination contexts.",machine tools
part program,"A mechanical term meaning parça programı, used in site, drawing, installation or coordination contexts.",machine tools
workholding device,"A mechanical term meaning iş parçası bağlama düzeni, used in site, drawing, installation or coordination contexts.",machine tools
machine calibration,"A mechanical term meaning makine kalibrasyonu, used in site, drawing, installation or coordination contexts.",machine tools
servo motor,"A mechanical term meaning servo motor, used in site, drawing, installation or coordination contexts.",machine tools
encoder,"A mechanical term meaning enkoder, used in site, drawing, installation or coordination contexts.",machine tools
ball screw,"A mechanical term meaning bilyalı vida, used in site, drawing, installation or coordination contexts.",machine tools
linear guide,"A mechanical term meaning lineer kılavuz, used in site, drawing, installation or coordination contexts.",machine tools
hydraulic system,"A mechanical term meaning hidrolik sistem, used in site, drawing, installation or coordination contexts.",hydraulics & pneumatics
hydraulic cylinder,"A mechanical term meaning hidrolik silindir, used in site, drawing, installation or coordination contexts.",hydraulics & pneumatics
hydraulic pump,"A mechanical term meaning hidrolik pompa, used in site, drawing, installation or coordination contexts.",hydraulics & pneumatics
hydraulic fluid,"A mechanical term meaning hidrolik akışkan, used in site, drawing, installation or coordination contexts.",hydraulics & pneumatics
hydraulic pressure,"A mechanical term meaning hidrolik basınç, used in site, drawing, installation or coordination contexts.",hydraulics & pneumatics
pneumatic system,"A mechanical term meaning pnömatik sistem, used in site, drawing, installation or coordination contexts.",hydraulics & pneumatics
pneumatic cylinder,"A mechanical term meaning pnömatik silindir, used in site, drawing, installation or coordination contexts.",hydraulics & pneumatics
air compressor,"A mechanical term meaning hava kompresörü, used in site, drawing, installation or coordination contexts.",hydraulics & pneumatics
solenoid coil,"A mechanical term meaning solenoid bobin, used in site, drawing, installation or coordination contexts.",hydraulics & pneumatics
directional control valve,"A mechanical term meaning yön kontrol valfi, used in site, drawing, installation or coordination contexts.",hydraulics & pneumatics
flow control valve,"A mechanical term meaning debi kontrol valfi, used in site, drawing, installation or coordination contexts.",hydraulics & pneumatics
hydraulic accumulator,"A mechanical term meaning hidrolik akümülatör, used in site, drawing, installation or coordination contexts.",hydraulics & pneumatics
proportional valve,"A mechanical term meaning orantısal valf, used in site, drawing, installation or coordination contexts.",hydraulics & pneumatics
hydraulic hose,"A mechanical term meaning hidrolik hortum, used in site, drawing, installation or coordination contexts.",hydraulics & pneumatics
quick coupling,"A mechanical term meaning hızlı bağlantı elemanı, used in site, drawing, installation or coordination contexts.",hydraulics & pneumatics
stress,"A mechanical term meaning gerilme, used in site, drawing, installation or coordination contexts.",stress analysis
strain,"A mechanical term meaning birim şekil değişimi, used in site, drawing, installation or coordination contexts.",stress analysis
bending moment,"A mechanical term meaning eğilme momenti, used in site, drawing, installation or coordination contexts.",stress analysis
shear stress,"A mechanical term meaning kayma gerilmesi, used in site, drawing, installation or coordination contexts.",stress analysis
factor of safety,"A mechanical term meaning emniyet katsayısı, used in site, drawing, installation or coordination contexts.",stress analysis
finite element analysis,"A mechanical term meaning sonlu elemanlar analizi, used in site, drawing, installation or coordination contexts.",stress analysis
stress concentration,"A mechanical term meaning gerilme yığılması, used in site, drawing, installation or coordination contexts.",stress analysis
buckling,"A mechanical term meaning burkulma, used in site, drawing, installation or coordination contexts.",stress analysis
deformation,"A mechanical term meaning deformasyon, used in site, drawing, installation or coordination contexts.",stress analysis
elastic deformation,"A mechanical term meaning elastik deformasyon, used in site, drawing, installation or coordination contexts.",stress analysis
plastic deformation,"A mechanical term meaning plastik deformasyon, used in site, drawing, installation or coordination contexts.",stress analysis
load bearing capacity,"A mechanical term meaning taşıma kapasitesi, used in site, drawing, installation or coordination contexts.",stress analysis
static load,"A mechanical term meaning statik yük, used in site, drawing, installation or coordination contexts.",stress analysis
dynamic load,"A mechanical term meaning dinamik yük, used in site, drawing, installation or coordination contexts.",stress analysis
fatigue life,"A mechanical term meaning yorulma ömrü, used in site, drawing, installation or coordination contexts.",stress analysis
crack propagation,"A mechanical term meaning çatlak ilerlemesi, used in site, drawing, installation or coordination contexts.",stress analysis
stress-strain curve,"A mechanical term meaning gerilme-birim şekil değişimi eğrisi, used in site, drawing, installation or coordination contexts.",stress analysis
turbine,"A mechanical term meaning türbin, used in site, drawing, installation or coordination contexts.",power generation
steam turbine,"A mechanical term meaning buhar türbini, used in site, drawing, installation or coordination contexts.",power generation
gas turbine,"A mechanical term meaning gaz türbini, used in site, drawing, installation or coordination contexts.",power generation
generator,"A mechanical term meaning jeneratör, used in site, drawing, installation or coordination contexts.",power generation
boiler feed pump,"A mechanical term meaning kazan besleme pompası, used in site, drawing, installation or coordination contexts.",power generation
condenser (power plant),"A mechanical term meaning kondenser (santral), used in site, drawing, installation or coordination contexts.",power generation
cooling water system,"A mechanical term meaning soğutma suyu sistemi, used in site, drawing, installation or coordination contexts.",power generation
power plant efficiency,"A mechanical term meaning santral verimi, used in site, drawing, installation or coordination contexts.",power generation
turbine blade,"A mechanical term meaning türbin kanadı, used in site, drawing, installation or coordination contexts.",power generation
rotor (turbine),"A mechanical term meaning rotor (türbin), used in site, drawing, installation or coordination contexts.",power generation
stator,"A mechanical term meaning stator, used in site, drawing, installation or coordination contexts.",power generation
synchronization (generator),"A mechanical term meaning senkronizasyon (jeneratör), used in site, drawing, installation or coordination contexts.",power generation
sheet metal,"A mechanical term meaning sac metal, used in site, drawing, installation or coordination contexts.",sheet metal
bending (sheet metal),"A mechanical term meaning bükme (sac), used in site, drawing, installation or coordination contexts.",sheet metal
shearing,"A mechanical term meaning kesme (makas), used in site, drawing, installation or coordination contexts.",sheet metal
punching,"A mechanical term meaning zımbalama, used in site, drawing, installation or coordination contexts.",sheet metal
stamping,"A mechanical term meaning presleme, used in site, drawing, installation or coordination contexts.",sheet metal
press brake,"A mechanical term meaning abkant pres, used in site, drawing, installation or coordination contexts.",sheet metal
deep drawing,"A mechanical term meaning derin çekme, used in site, drawing, installation or coordination contexts.",sheet metal
sheet thickness,"A mechanical term meaning sac kalınlığı, used in site, drawing, installation or coordination contexts.",sheet metal
blank,"A mechanical term meaning sac parçası (blank), used in site, drawing, installation or coordination contexts.",sheet metal
die set,"A mechanical term meaning kalıp seti, used in site, drawing, installation or coordination contexts.",sheet metal
fabrication drawing,"A mechanical term meaning imalat çizimi, used in site, drawing, installation or coordination contexts.",sheet metal
metal fabrication shop,"A mechanical term meaning metal imalat atölyesi, used in site, drawing, installation or coordination contexts.",sheet metal
technical drawing,"A mechanical term meaning teknik resim, used in site, drawing, installation or coordination contexts.",standards
assembly drawing,"A mechanical term meaning montaj çizimi, used in site, drawing, installation or coordination contexts.",standards
detail drawing,"A mechanical term meaning detay çizimi, used in site, drawing, installation or coordination contexts.",standards
bill of materials,"A mechanical term meaning malzeme listesi, used in site, drawing, installation or coordination contexts.",standards
scale (drawing),"A mechanical term meaning ölçek (çizim), used in site, drawing, installation or coordination contexts.",standards
section view,"A mechanical term meaning kesit görünüşü, used in site, drawing, installation or coordination contexts.",standards
orthographic projection,"A mechanical term meaning ortografik projeksiyon, used in site, drawing, installation or coordination contexts.",standards
isometric view,"A mechanical term meaning izometrik görünüş, used in site, drawing, installation or coordination contexts.",standards
dimension line,"A mechanical term meaning ölçü çizgisi, used in site, drawing, installation or coordination contexts.",standards
engineering standard,"A mechanical term meaning mühendislik standardı, used in site, drawing, installation or coordination contexts.",standards
ISO standard,"A mechanical term meaning ISO standardı, used in site, drawing, installation or coordination contexts.",standards
ASME standard,"A mechanical term meaning ASME standardı, used in site, drawing, installation or coordination contexts.",standards
revision block,"A mechanical term meaning revizyon bloğu, used in site, drawing, installation or coordination contexts.",standards
title block,"A mechanical term meaning başlık bloğu, used in site, drawing, installation or coordination contexts.",standards
test bench,"A mechanical term meaning test tezgahı, used in site, drawing, installation or coordination contexts.",instruments
load cell,"A mechanical term meaning yük hücresi, used in site, drawing, installation or coordination contexts.",instruments
pressure gauge,"A mechanical term meaning basınç göstergesi, used in site, drawing, installation or coordination contexts.",instruments
thermometer,"A mechanical term meaning termometre, used in site, drawing, installation or coordination contexts.",instruments
tachometer,"A mechanical term meaning takometre, used in site, drawing, installation or coordination contexts.",instruments
strain gauge,"A mechanical term meaning gerinim ölçer, used in site, drawing, installation or coordination contexts.",instruments
vibration sensor,"A mechanical term meaning titreşim sensörü, used in site, drawing, installation or coordination contexts.",instruments
infrared camera,"A mechanical term meaning kızılötesi kamera, used in site, drawing, installation or coordination contexts.",instruments
leak test,"A mechanical term meaning sızdırmazlık testi, used in site, drawing, installation or coordination contexts.",instruments
performance test,"A mechanical term meaning performans testi, used in site, drawing, installation or coordination contexts.",instruments
load test,"A mechanical term meaning yük testi, used in site, drawing, installation or coordination contexts.",instruments
functional test report,"A mechanical term meaning fonksiyon test raporu, used in site, drawing, installation or coordination contexts.",instruments
factory acceptance test,"A mechanical term meaning fabrika kabul testi, used in site, drawing, installation or coordination contexts.",instruments
site acceptance test,"A mechanical term meaning saha kabul testi, used in site, drawing, installation or coordination contexts.",instruments
crane,"A mechanical term meaning vinç, used in site, drawing, installation or coordination contexts.",site operations
hoist,"A mechanical term meaning kaldıraç / vinç, used in site, drawing, installation or coordination contexts.",site operations
rigging,"A mechanical term meaning bağlama donanımı, used in site, drawing, installation or coordination contexts.",site operations
scaffolding (mechanical works),"A mechanical term meaning iskele (mekanik işleri), used in site, drawing, installation or coordination contexts.",site operations
installation drawing,"A mechanical term meaning montaj çizimi, used in site, drawing, installation or coordination contexts.",site operations
equipment foundation,"A mechanical term meaning ekipman temeli, used in site, drawing, installation or coordination contexts.",site operations
alignment tolerance,"A mechanical term meaning hizalama toleransı, used in site, drawing, installation or coordination contexts.",site operations
grouting,"A mechanical term meaning harçlama / grout dökme, used in site, drawing, installation or coordination contexts.",site operations
levelling,"A mechanical term meaning nivelman / seviyeleme, used in site, drawing, installation or coordination contexts.",site operations
mechanical completion,"A mechanical term meaning mekanik tamamlama, used in site, drawing, installation or coordination contexts.",site operations
punch list,"A mechanical term meaning eksik iş listesi, used in site, drawing, installation or coordination contexts.",site operations
site walkdown,"A mechanical term meaning saha kontrol turu, used in site, drawing, installation or coordination contexts.",site operations
equipment handover,"A mechanical term meaning ekipman teslimi, used in site, drawing, installation or coordination contexts.",site operations
erection,"A mechanical term meaning montaj / dikme, used in site, drawing, installation or coordination contexts.",site operations
dismantling,"A mechanical term meaning demontaj, used in site, drawing, installation or coordination contexts.",site operations
tackle,"A mechanical term meaning makara takımı, used in site, drawing, installation or coordination contexts.",site operations
chain block,"A mechanical term meaning zincirli vinç, used in site, drawing, installation or coordination contexts.",site operations
wire rope,"A mechanical term meaning çelik halat, used in site, drawing, installation or coordination contexts.",site operations
shackle (lifting),"A mechanical term meaning kelepçe (kaldırma), used in site, drawing, installation or coordination contexts.",site operations
torque test,"A mechanical term meaning tork testi, used in site, drawing, installation or coordination contexts.",site operations
pipe fit-up,"A mechanical term meaning boru montaj öncesi hizalama, used in site, drawing, installation or coordination contexts.",site operations
cold alignment,"A mechanical term meaning soğuk hizalama, used in site, drawing, installation or coordination contexts.",site operations
hot alignment,"A mechanical term meaning sıcak hizalama, used in site, drawing, installation or coordination contexts.",site operations
commissioning checklist,"A mechanical term meaning devreye alma kontrol listesi, used in site, drawing, installation or coordination contexts.",site operations
pre-commissioning,"A mechanical term meaning ön devreye alma, used in site, drawing, installation or coordination contexts.",site operations
mechanical run test,"A mechanical term meaning mekanik çalışma testi, used in site, drawing, installation or coordination contexts.",site operations
component,"A mechanical term meaning bileşen / parça, used in site, drawing, installation or coordination contexts.",mechanical systems
equipment,"A mechanical term meaning ekipman, used in site, drawing, installation or coordination contexts.",mechanical systems
device,"A mechanical term meaning cihaz, used in site, drawing, installation or coordination contexts.",mechanical systems
mechanism,"A mechanical term meaning mekanizma, used in site, drawing, installation or coordination contexts.",mechanical systems
assembly,"A mechanical term meaning montaj / düzenek, used in site, drawing, installation or coordination contexts.",mechanical systems
disassembly,"A mechanical term meaning sökme, used in site, drawing, installation or coordination contexts.",mechanical systems
motion,"A mechanical term meaning hareket, used in site, drawing, installation or coordination contexts.",mechanical systems
force,"A mechanical term meaning kuvvet, used in site, drawing, installation or coordination contexts.",mechanical systems
power,"A mechanical term meaning güç, used in site, drawing, installation or coordination contexts.",mechanical systems
efficiency,"A mechanical term meaning verim, used in site, drawing, installation or coordination contexts.",mechanical systems
capacity,"A mechanical term meaning kapasite, used in site, drawing, installation or coordination contexts.",mechanical systems
performance,"A mechanical term meaning performans, used in site, drawing, installation or coordination contexts.",mechanical systems
specification,"A mechanical term meaning şartname / spesifikasyon, used in site, drawing, installation or coordination contexts.",mechanical systems
prototype,"A mechanical term meaning prototip, used in site, drawing, installation or coordination contexts.",mechanical systems
design review,"A mechanical term meaning tasarım incelemesi, used in site, drawing, installation or coordination contexts.",mechanical systems
simulation,"A mechanical term meaning simülasyon, used in site, drawing, installation or coordination contexts.",mechanical systems
engineering calculation,"A mechanical term meaning mühendislik hesabı, used in site, drawing, installation or coordination contexts.",mechanical systems
load calculation,"A mechanical term meaning yük hesabı, used in site, drawing, installation or coordination contexts.",mechanical systems
mechanical engineer,"A mechanical term meaning makine mühendisi, used in site, drawing, installation or coordination contexts.",mechanical systems
draughtsman,"A mechanical term meaning teknik ressam, used in site, drawing, installation or coordination contexts.",mechanical systems
design engineer,"A mechanical term meaning tasarım mühendisi, used in site, drawing, installation or coordination contexts.",mechanical systems
project specification,"A mechanical term meaning proje şartnamesi, used in site, drawing, installation or coordination contexts.",mechanical systems
as-built documentation,"A mechanical term meaning yapıldığı gibi belgeler, used in site, drawing, installation or coordination contexts.",mechanical systems
engineering change order,"A mechanical term meaning mühendislik değişiklik emri, used in site, drawing, installation or coordination contexts.",mechanical systems
obsolete part,"A mechanical term meaning kullanımdan kalkmış parça, used in site, drawing, installation or coordination contexts.",mechanical systems
interchangeability,"A mechanical term meaning değiştirilebilirlik, used in site, drawing, installation or coordination contexts.",mechanical systems
modularity,"A mechanical term meaning modülerlik, used in site, drawing, installation or coordination contexts.",mechanical systems
mechanical integrity,"A mechanical term meaning mekanik bütünlük, used in site, drawing, installation or coordination contexts.",mechanical systems
life cycle cost,"A mechanical term meaning yaşam döngüsü maliyeti, used in site, drawing, installation or coordination contexts.",mechanical systems
value engineering,"A mechanical term meaning değer mühendisliği, used in site, drawing, installation or coordination contexts.",mechanical systems
design for manufacturability,"A mechanical term meaning üretilebilirlik için tasarım, used in site, drawing, installation or coordination contexts.",mechanical systems
engineering judgement,"A mechanical term meaning mühendislik kanaati, used in site, drawing, installation or coordination contexts.",mechanical systems
systems integration,"A mechanical term meaning sistem entegrasyonu, used in site, drawing, installation or coordination contexts.",mechanical systems
mechanical schematic,"A mechanical term meaning mekanik şema, used in site, drawing, installation or coordination contexts.",mechanical systems
bill of quantities,"A mechanical term meaning keşif özeti, used in site, drawing, installation or coordination contexts.",mechanical systems
scope of work,"A mechanical term meaning iş kapsamı, used in site, drawing, installation or coordination contexts.",mechanical systems
technical specification review,"A mechanical term meaning teknik şartname incelemesi, used in site, drawing, installation or coordination contexts.",mechanical systems
mechanical interface,"A mechanical term meaning mekanik arayüz, used in site, drawing, installation or coordination contexts.",mechanical systems
standard operating procedure,"A mechanical term meaning standart işletme prosedürü, used in site, drawing, installation or coordination contexts.",mechanical systems
engineering drawing register,"A mechanical term meaning mühendislik çizim kayıt listesi, used in site, drawing, installation or coordination contexts.",mechanical systems
mechanical contractor,"A mechanical term meaning mekanik yüklenici, used in site, drawing, installation or coordination contexts.",mechanical systems
subcontractor,"A mechanical term meaning taşeron, used in site, drawing, installation or coordination contexts.",mechanical systems
fuel oil,"A mechanical term meaning yakıt yağı, used in site, drawing, installation or coordination contexts.",thermodynamics
burner,"A mechanical term meaning brülör, used in site, drawing, installation or coordination contexts.",thermodynamics
chimney,"A mechanical term meaning baca, used in site, drawing, installation or coordination contexts.",thermodynamics
flame,"A mechanical term meaning alev, used in site, drawing, installation or coordination contexts.",thermodynamics
thermal comfort,"A mechanical term meaning termal konfor, used in site, drawing, installation or coordination contexts.",thermodynamics
hot water tank,"A mechanical term meaning sıcak su deposu, used in site, drawing, installation or coordination contexts.",thermodynamics
heat pump,"A mechanical term meaning ısı pompası, used in site, drawing, installation or coordination contexts.",thermodynamics
solar collector,"A mechanical term meaning güneş kolektörü, used in site, drawing, installation or coordination contexts.",thermodynamics
boiler efficiency,"A mechanical term meaning kazan verimi, used in site, drawing, installation or coordination contexts.",thermodynamics
thermal insulation board,"A mechanical term meaning ısı yalıtım levhası, used in site, drawing, installation or coordination contexts.",thermodynamics
flue gas,"A mechanical term meaning baca gazı, used in site, drawing, installation or coordination contexts.",thermodynamics
gas turbine cycle,"A mechanical term meaning gaz türbini çevrimi, used in site, drawing, installation or coordination contexts.",thermodynamics
regenerative heat exchanger,"A mechanical term meaning rejeneratif ısı eşanjörü, used in site, drawing, installation or coordination contexts.",thermodynamics
thermal stratification,"A mechanical term meaning termal tabakalaşma, used in site, drawing, installation or coordination contexts.",thermodynamics
psychrometric chart,"A mechanical term meaning psikrometrik diyagram, used in site, drawing, installation or coordination contexts.",thermodynamics
dew point,"A mechanical term meaning çiy noktası, used in site, drawing, installation or coordination contexts.",thermodynamics
heat balance,"A mechanical term meaning ısı dengesi, used in site, drawing, installation or coordination contexts.",thermodynamics
bimetallic strip,"A mechanical term meaning çift metalli şerit, used in site, drawing, installation or coordination contexts.",thermodynamics
tap,"A mechanical term meaning musluk, used in site, drawing, installation or coordination contexts.",fluid mechanics
hose,"A mechanical term meaning hortum, used in site, drawing, installation or coordination contexts.",fluid mechanics
pipe diameter,"A mechanical term meaning boru çapı, used in site, drawing, installation or coordination contexts.",fluid mechanics
water pressure,"A mechanical term meaning su basıncı, used in site, drawing, installation or coordination contexts.",fluid mechanics
siphon,"A mechanical term meaning sifon, used in site, drawing, installation or coordination contexts.",fluid mechanics
fluid coupling,"A mechanical term meaning akışkan kaplin, used in site, drawing, installation or coordination contexts.",fluid mechanics
manometer,"A mechanical term meaning manometre, used in site, drawing, installation or coordination contexts.",fluid mechanics
Pitot tube,"A mechanical term meaning Pitot tüpü, used in site, drawing, installation or coordination contexts.",fluid mechanics
free surface flow,"A mechanical term meaning serbest yüzey akışı, used in site, drawing, installation or coordination contexts.",fluid mechanics
vortex,"A mechanical term meaning girdap, used in site, drawing, installation or coordination contexts.",fluid mechanics
multiphase flow,"A mechanical term meaning çok fazlı akış, used in site, drawing, installation or coordination contexts.",fluid mechanics
choked flow,"A mechanical term meaning tıkanmış akış, used in site, drawing, installation or coordination contexts.",fluid mechanics
factory,"A mechanical term meaning fabrika, used in site, drawing, installation or coordination contexts.",machining
production line,"A mechanical term meaning üretim hattı, used in site, drawing, installation or coordination contexts.",machining
assembly line,"A mechanical term meaning montaj hattı, used in site, drawing, installation or coordination contexts.",machining
tool,"A mechanical term meaning takım / alet, used in site, drawing, installation or coordination contexts.",machining
hand tool,"A mechanical term meaning el aleti, used in site, drawing, installation or coordination contexts.",machining
power tool,"A mechanical term meaning elektrikli el aleti, used in site, drawing, installation or coordination contexts.",machining
wrench,"A mechanical term meaning anahtar, used in site, drawing, installation or coordination contexts.",machining
screwdriver,"A mechanical term meaning tornavida, used in site, drawing, installation or coordination contexts.",machining
hammer,"A mechanical term meaning çekiç, used in site, drawing, installation or coordination contexts.",machining
file (tool),"A mechanical term meaning eğe, used in site, drawing, installation or coordination contexts.",machining
vice,"A mechanical term meaning mengene, used in site, drawing, installation or coordination contexts.",machining
drill press,"A mechanical term meaning kolon matkap, used in site, drawing, installation or coordination contexts.",machining
bench grinder,"A mechanical term meaning taşlama tezgahı, used in site, drawing, installation or coordination contexts.",machining
hacksaw,"A mechanical term meaning demir testeresi, used in site, drawing, installation or coordination contexts.",machining
allen key,"A mechanical term meaning alyan anahtarı, used in site, drawing, installation or coordination contexts.",machining
plastic,"A mechanical term meaning plastik, used in site, drawing, installation or coordination contexts.",materials & metallurgy
wood,"A mechanical term meaning ahşap, used in site, drawing, installation or coordination contexts.",materials & metallurgy
glass,"A mechanical term meaning cam, used in site, drawing, installation or coordination contexts.",materials & metallurgy
brass,"A mechanical term meaning pirinç, used in site, drawing, installation or coordination contexts.",materials & metallurgy
copper,"A mechanical term meaning bakır, used in site, drawing, installation or coordination contexts.",materials & metallurgy
zinc,"A mechanical term meaning çinko, used in site, drawing, installation or coordination contexts.",materials & metallurgy
material strength,"A mechanical term meaning malzeme mukavemeti, used in site, drawing, installation or coordination contexts.",materials & metallurgy
raw material,"A mechanical term meaning hammadde, used in site, drawing, installation or coordination contexts.",materials & metallurgy
recycled material,"A mechanical term meaning geri dönüştürülmüş malzeme, used in site, drawing, installation or coordination contexts.",materials & metallurgy
tool box,"A mechanical term meaning alet kutusu, used in site, drawing, installation or coordination contexts.",maintenance
cleaning,"A mechanical term meaning temizlik, used in site, drawing, installation or coordination contexts.",maintenance
lubrication,"A mechanical term meaning yağlama, used in site, drawing, installation or coordination contexts.",maintenance
adjustment,"A mechanical term meaning ayar, used in site, drawing, installation or coordination contexts.",maintenance
replacement part,"A mechanical term meaning yedek parça, used in site, drawing, installation or coordination contexts.",maintenance
failure,"A mechanical term meaning arıza, used in site, drawing, installation or coordination contexts.",maintenance
breakdown,"A mechanical term meaning arıza / bozulma, used in site, drawing, installation or coordination contexts.",maintenance
safety check,"A mechanical term meaning güvenlik kontrolü, used in site, drawing, installation or coordination contexts.",maintenance
maintenance team,"A mechanical term meaning bakım ekibi, used in site, drawing, installation or coordination contexts.",maintenance
tool inventory,"A mechanical term meaning alet envanteri, used in site, drawing, installation or coordination contexts.",maintenance
wheel,"A mechanical term meaning tekerlek, used in site, drawing, installation or coordination contexts.",engines
tyre,"A mechanical term meaning lastik, used in site, drawing, installation or coordination contexts.",engines
battery,"A mechanical term meaning akü / batarya, used in site, drawing, installation or coordination contexts.",engines
fuel tank,"A mechanical term meaning yakıt deposu, used in site, drawing, installation or coordination contexts.",engines
headlight,"A mechanical term meaning far, used in site, drawing, installation or coordination contexts.",engines
windscreen,"A mechanical term meaning ön cam, used in site, drawing, installation or coordination contexts.",engines
mirror,"A mechanical term meaning ayna, used in site, drawing, installation or coordination contexts.",engines
horn,"A mechanical term meaning korna, used in site, drawing, installation or coordination contexts.",engines
seat belt,"A mechanical term meaning emniyet kemeri, used in site, drawing, installation or coordination contexts.",engines
dashboard,"A mechanical term meaning gösterge paneli, used in site, drawing, installation or coordination contexts.",engines
pin,"A mechanical term meaning pim, used in site, drawing, installation or coordination contexts.",fasteners
clip,"A mechanical term meaning klips, used in site, drawing, installation or coordination contexts.",fasteners
bracket,"A mechanical term meaning braket, used in site, drawing, installation or coordination contexts.",fasteners
clamp,"A mechanical term meaning kelepçe / mengene, used in site, drawing, installation or coordination contexts.",fasteners
ladder,"A mechanical term meaning merdiven, used in site, drawing, installation or coordination contexts.",site operations
toolbox talk,"A mechanical term meaning sabah güvenlik toplantısı, used in site, drawing, installation or coordination contexts.",site operations
safety helmet,"A mechanical term meaning baret, used in site, drawing, installation or coordination contexts.",site operations
work platform,"A mechanical term meaning çalışma platformu, used in site, drawing, installation or coordination contexts.",site operations
site office,"A mechanical term meaning saha ofisi, used in site, drawing, installation or coordination contexts.",site operations
delivery,"A mechanical term meaning teslimat, used in site, drawing, installation or coordination contexts.",site operations
storage area,"A mechanical term meaning depolama alanı, used in site, drawing, installation or coordination contexts.",site operations
fan,"A mechanical term meaning fan / vantilatör, used in site, drawing, installation or coordination contexts.",HVAC
window unit,"A mechanical term meaning pencere tipi klima, used in site, drawing, installation or coordination contexts.",HVAC
split unit,"A mechanical term meaning split klima, used in site, drawing, installation or coordination contexts.",HVAC
ruler,"A mechanical term meaning cetvel, used in site, drawing, installation or coordination contexts.",quality
scale (weight),"A mechanical term meaning tartı, used in site, drawing, installation or coordination contexts.",quality
checklist item,"A mechanical term meaning kontrol listesi maddesi, used in site, drawing, installation or coordination contexts.",quality
wheel and axle,"A mechanical term meaning tekerlek ve dingil, used in site, drawing, installation or coordination contexts.",power transmission
lever,"A mechanical term meaning kaldıraç, used in site, drawing, installation or coordination contexts.",power transmission
bushing,"A mechanical term meaning burç, used in site, drawing, installation or coordination contexts.",bearings & shafts
axle,"A mechanical term meaning dingil, used in site, drawing, installation or coordination contexts.",bearings & shafts
polytropic process,"A mechanical term meaning politropik süreç, used in site, drawing, installation or coordination contexts.",thermodynamics
throttling process,"A mechanical term meaning kısılma süreci, used in site, drawing, installation or coordination contexts.",thermodynamics
thermal efficiency,"A mechanical term meaning ısıl verim, used in site, drawing, installation or coordination contexts.",thermodynamics
heat rejection,"A mechanical term meaning ısı atma, used in site, drawing, installation or coordination contexts.",thermodynamics
Mach number,"A mechanical term meaning Mach sayısı, used in site, drawing, installation or coordination contexts.",fluid mechanics
shock wave (fluid),"A mechanical term meaning şok dalgası (akışkan), used in site, drawing, installation or coordination contexts.",fluid mechanics
flow separation,"A mechanical term meaning akış ayrılması, used in site, drawing, installation or coordination contexts.",fluid mechanics
laminar sublayer,"A mechanical term meaning laminer alt tabaka, used in site, drawing, installation or coordination contexts.",fluid mechanics
pump affinity laws,"A mechanical term meaning pompa benzerlik yasaları, used in site, drawing, installation or coordination contexts.",fluid mechanics
hardness testing method,"A mechanical term meaning sertlik test yöntemi, used in site, drawing, installation or coordination contexts.",materials & metallurgy
Rockwell hardness,"A mechanical term meaning Rockwell sertliği, used in site, drawing, installation or coordination contexts.",materials & metallurgy
Brinell hardness,"A mechanical term meaning Brinell sertliği, used in site, drawing, installation or coordination contexts.",materials & metallurgy
Charpy impact test,"A mechanical term meaning Charpy darbe testi, used in site, drawing, installation or coordination contexts.",materials & metallurgy
stress corrosion cracking,"A mechanical term meaning gerilmeli korozyon çatlaması, used in site, drawing, installation or coordination contexts.",materials & metallurgy
hydrogen embrittlement,"A mechanical term meaning hidrojen gevrekleşmesi, used in site, drawing, installation or coordination contexts.",materials & metallurgy
intergranular corrosion,"A mechanical term meaning tane sınırı korozyonu, used in site, drawing, installation or coordination contexts.",materials & metallurgy
material fatigue testing,"A mechanical term meaning malzeme yorulma testi, used in site, drawing, installation or coordination contexts.",materials & metallurgy
process capability index,"A mechanical term meaning proses yeterlilik indeksi, used in site, drawing, installation or coordination contexts.",quality
datum reference frame,"A mechanical term meaning referans çerçevesi, used in site, drawing, installation or coordination contexts.",quality
calibration interval,"A mechanical term meaning kalibrasyon aralığı, used in site, drawing, installation or coordination contexts.",quality
measurement system analysis,"A mechanical term meaning ölçüm sistemi analizi, used in site, drawing, installation or coordination contexts.",quality
weibull analysis,"A mechanical term meaning Weibull analizi, used in site, drawing, installation or coordination contexts.",maintenance
total productive maintenance,"A mechanical term meaning toplam verimli bakım, used in site, drawing, installation or coordination contexts.",maintenance
bathtub curve,"A mechanical term meaning küvet eğrisi, used in site, drawing, installation or coordination contexts.",maintenance
spare parts optimisation,"A mechanical term meaning yedek parça optimizasyonu, used in site, drawing, installation or coordination contexts.",maintenance
torsional vibration,"A mechanical term meaning burulma titreşimi, used in site, drawing, installation or coordination contexts.",vibration & dynamics
forced vibration,"A mechanical term meaning zorlanmış titreşim, used in site, drawing, installation or coordination contexts.",vibration & dynamics
free vibration,"A mechanical term meaning serbest titreşim, used in site, drawing, installation or coordination contexts.",vibration & dynamics
vibration signature analysis,"A mechanical term meaning titreşim imza analizi, used in site, drawing, installation or coordination contexts.",vibration & dynamics
residual stress,"A mechanical term meaning artık gerilme, used in site, drawing, installation or coordination contexts.",stress analysis
stress relaxation,"A mechanical term meaning gerilme gevşemesi, used in site, drawing, installation or coordination contexts.",stress analysis
thermal stress,"A mechanical term meaning termal gerilme, used in site, drawing, installation or coordination contexts.",stress analysis
conveyor,"A mechanical term meaning konveyör, used in site, drawing, installation or coordination contexts.",material handling
belt conveyor,"A mechanical term meaning bantlı konveyör, used in site, drawing, installation or coordination contexts.",material handling
roller conveyor,"A mechanical term meaning makaralı konveyör, used in site, drawing, installation or coordination contexts.",material handling
chain conveyor,"A mechanical term meaning zincirli konveyör, used in site, drawing, installation or coordination contexts.",material handling
forklift,"A mechanical term meaning forklift, used in site, drawing, installation or coordination contexts.",material handling
pallet,"A mechanical term meaning palet, used in site, drawing, installation or coordination contexts.",material handling
hopper,"A mechanical term meaning hazne / silo ağzı, used in site, drawing, installation or coordination contexts.",material handling
silo,"A mechanical term meaning silo, used in site, drawing, installation or coordination contexts.",material handling
material handling equipment,"A mechanical term meaning malzeme taşıma ekipmanı, used in site, drawing, installation or coordination contexts.",material handling
bucket elevator,"A mechanical term meaning kovalı elevatör, used in site, drawing, installation or coordination contexts.",material handling
screw conveyor,"A mechanical term meaning helezon konveyör, used in site, drawing, installation or coordination contexts.",material handling
overhead crane,"A mechanical term meaning gezer köprü vinç, used in site, drawing, installation or coordination contexts.",material handling
gantry crane,"A mechanical term meaning portal vinç, used in site, drawing, installation or coordination contexts.",material handling
monorail hoist,"A mechanical term meaning monoray vinç, used in site, drawing, installation or coordination contexts.",material handling
stacker,"A mechanical term meaning istifleyici, used in site, drawing, installation or coordination contexts.",material handling
automated guided vehicle,"A mechanical term meaning otomatik yönlendirmeli araç, used in site, drawing, installation or coordination contexts.",material handling
load capacity (crane),"A mechanical term meaning kaldırma kapasitesi, used in site, drawing, installation or coordination contexts.",material handling
conveyor belt speed,"A mechanical term meaning konveyör bant hızı, used in site, drawing, installation or coordination contexts.",material handling
weighing system,"A mechanical term meaning tartım sistemi, used in site, drawing, installation or coordination contexts.",material handling
chute,"A mechanical term meaning kaydırak / oluk, used in site, drawing, installation or coordination contexts.",material handling
pliers,"A mechanical term meaning pense, used in site, drawing, installation or coordination contexts.",tools
spanner,"A mechanical term meaning somun anahtarı, used in site, drawing, installation or coordination contexts.",tools
chisel,"A mechanical term meaning keski, used in site, drawing, installation or coordination contexts.",tools
punch (tool),"A mechanical term meaning zımba (el aleti), used in site, drawing, installation or coordination contexts.",tools
workbench,"A mechanical term meaning iş tezgahı, used in site, drawing, installation or coordination contexts.",tools
tool cabinet,"A mechanical term meaning alet dolabı, used in site, drawing, installation or coordination contexts.",tools
measuring tape,"A mechanical term meaning şerit metre, used in site, drawing, installation or coordination contexts.",tools
spirit level,"A mechanical term meaning su terazisi, used in site, drawing, installation or coordination contexts.",tools
angle grinder,"A mechanical term meaning avuç taşlama, used in site, drawing, installation or coordination contexts.",tools
impact wrench,"A mechanical term meaning darbeli somun sıkma makinesi, used in site, drawing, installation or coordination contexts.",tools
air gun (workshop),"A mechanical term meaning hava tabancası, used in site, drawing, installation or coordination contexts.",tools
welding mask,"A mechanical term meaning kaynak maskesi, used in site, drawing, installation or coordination contexts.",tools
safety goggles,"A mechanical term meaning koruyucu gözlük, used in site, drawing, installation or coordination contexts.",tools
workshop layout,"A mechanical term meaning atölye yerleşimi, used in site, drawing, installation or coordination contexts.",tools
hand tool inventory,"A mechanical term meaning el aleti envanteri, used in site, drawing, installation or coordination contexts.",tools
boiler drum,"A mechanical term meaning kazan gövdesi, used in site, drawing, installation or coordination contexts.",boilers
safety valve (boiler),"A mechanical term meaning emniyet valfi (kazan), used in site, drawing, installation or coordination contexts.",boilers
boiler tube,"A mechanical term meaning kazan borusu, used in site, drawing, installation or coordination contexts.",boilers
water tube boiler,"A mechanical term meaning su borulu kazan, used in site, drawing, installation or coordination contexts.",boilers
fire tube boiler,"A mechanical term meaning duman borulu kazan, used in site, drawing, installation or coordination contexts.",boilers
pressure test certificate,"A mechanical term meaning basınç testi sertifikası, used in site, drawing, installation or coordination contexts.",boilers
blowdown valve,"A mechanical term meaning blöf valfi, used in site, drawing, installation or coordination contexts.",boilers
boiler feedwater,"A mechanical term meaning kazan besi suyu, used in site, drawing, installation or coordination contexts.",boilers
pressure equipment directive,"A mechanical term meaning basınçlı ekipman yönetmeliği, used in site, drawing, installation or coordination contexts.",boilers
design pressure,"A mechanical term meaning tasarım basıncı, used in site, drawing, installation or coordination contexts.",boilers
burst disc,"A mechanical term meaning patlama diski, used in site, drawing, installation or coordination contexts.",boilers
energy audit,"A mechanical term meaning enerji verimliliği denetimi, used in site, drawing, installation or coordination contexts.",energy efficiency
energy consumption,"A mechanical term meaning enerji tüketimi, used in site, drawing, installation or coordination contexts.",energy efficiency
energy saving measure,"A mechanical term meaning enerji tasarrufu önlemi, used in site, drawing, installation or coordination contexts.",energy efficiency
variable frequency drive,"A mechanical term meaning değişken frekanslı sürücü, used in site, drawing, installation or coordination contexts.",energy efficiency
motor efficiency class,"A mechanical term meaning motor verim sınıfı, used in site, drawing, installation or coordination contexts.",energy efficiency
waste heat,"A mechanical term meaning atık ısı, used in site, drawing, installation or coordination contexts.",energy efficiency
renewable energy system,"A mechanical term meaning yenilenebilir enerji sistemi, used in site, drawing, installation or coordination contexts.",energy efficiency
solar thermal system,"A mechanical term meaning güneş enerjili termal sistem, used in site, drawing, installation or coordination contexts.",energy efficiency
carbon footprint,"A mechanical term meaning karbon ayak izi, used in site, drawing, installation or coordination contexts.",energy efficiency
energy performance certificate,"A mechanical term meaning enerji performans sertifikası, used in site, drawing, installation or coordination contexts.",energy efficiency
sensor,"A mechanical term meaning sensör, used in site, drawing, installation or coordination contexts.",control
temperature sensor,"A mechanical term meaning sıcaklık sensörü, used in site, drawing, installation or coordination contexts.",control
pressure sensor,"A mechanical term meaning basınç sensörü, used in site, drawing, installation or coordination contexts.",control
flow sensor,"A mechanical term meaning debi sensörü, used in site, drawing, installation or coordination contexts.",control
proximity sensor,"A mechanical term meaning yakınlık sensörü, used in site, drawing, installation or coordination contexts.",control
limit switch,"A mechanical term meaning limit switch / son konum anahtarı, used in site, drawing, installation or coordination contexts.",control
feedback control,"A mechanical term meaning geri beslemeli kontrol, used in site, drawing, installation or coordination contexts.",control
open loop control,"A mechanical term meaning açık çevrim kontrol, used in site, drawing, installation or coordination contexts.",control
closed loop control,"A mechanical term meaning kapalı çevrim kontrol, used in site, drawing, installation or coordination contexts.",control
PID controller,"A mechanical term meaning PID kontrolör, used in site, drawing, installation or coordination contexts.",control
control panel,"A mechanical term meaning kontrol paneli, used in site, drawing, installation or coordination contexts.",control
interlock system,"A mechanical term meaning kilitleme sistemi, used in site, drawing, installation or coordination contexts.",control
elevator car,"A mechanical term meaning asansör kabini, used in site, drawing, installation or coordination contexts.",elevator systems
governor (elevator),"A mechanical term meaning hız regülatörü (asansör), used in site, drawing, installation or coordination contexts.",elevator systems
escalator,"A mechanical term meaning yürüyen merdiven, used in site, drawing, installation or coordination contexts.",elevator systems
moving walkway,"A mechanical term meaning yürüyen bant, used in site, drawing, installation or coordination contexts.",elevator systems
traction machine,"A mechanical term meaning çekiş makinesi, used in site, drawing, installation or coordination contexts.",elevator systems
elevator buffer,"A mechanical term meaning asansör tamponu, used in site, drawing, installation or coordination contexts.",elevator systems
elevator inspection certificate,"A mechanical term meaning asansör muayene belgesi, used in site, drawing, installation or coordination contexts.",elevator systems
kettle,"A mechanical term meaning su ısıtıcı, used in site, drawing, installation or coordination contexts.",thermodynamics
stove,"A mechanical term meaning ocak, used in site, drawing, installation or coordination contexts.",thermodynamics
oven,"A mechanical term meaning fırın, used in site, drawing, installation or coordination contexts.",thermodynamics
thermal blanket,"A mechanical term meaning termal battaniye, used in site, drawing, installation or coordination contexts.",thermodynamics
bucket,"A mechanical term meaning kova, used in site, drawing, installation or coordination contexts.",fluid mechanics
bottle,"A mechanical term meaning şişe, used in site, drawing, installation or coordination contexts.",fluid mechanics
container,"A mechanical term meaning kap / konteyner, used in site, drawing, installation or coordination contexts.",fluid mechanics
funnel,"A mechanical term meaning huni, used in site, drawing, installation or coordination contexts.",fluid mechanics
test report,"A mechanical term meaning test raporu, used in site, drawing, installation or coordination contexts.",quality
sample,"A mechanical term meaning numune, used in site, drawing, installation or coordination contexts.",quality
defect,"A mechanical term meaning kusur / hata, used in site, drawing, installation or coordination contexts.",quality
inspector,"A mechanical term meaning muayene elemanı / müfettiş, used in site, drawing, installation or coordination contexts.",quality
maintenance record,"A mechanical term meaning bakım kaydı, used in site, drawing, installation or coordination contexts.",maintenance
tool tag,"A mechanical term meaning alet etiketi, used in site, drawing, installation or coordination contexts.",maintenance
shift handover,"A mechanical term meaning vardiya devri, used in site, drawing, installation or coordination contexts.",maintenance
emergency repair,"A mechanical term meaning acil onarım, used in site, drawing, installation or coordination contexts.",maintenance
site survey,"A mechanical term meaning saha araştırması, used in site, drawing, installation or coordination contexts.",site operations
temporary support,"A mechanical term meaning geçici destek, used in site, drawing, installation or coordination contexts.",site operations
mobile crane,"A mechanical term meaning mobil vinç, used in site, drawing, installation or coordination contexts.",site operations
tower crane,"A mechanical term meaning kule vinç, used in site, drawing, installation or coordination contexts.",site operations
pattern (casting),"A mechanical term meaning model (döküm kalıbı), used in site, drawing, installation or coordination contexts.",casting & forging
core (casting),"A mechanical term meaning maça, used in site, drawing, installation or coordination contexts.",casting & forging
pouring temperature,"A mechanical term meaning döküm sıcaklığı, used in site, drawing, installation or coordination contexts.",casting & forging
forging temperature,"A mechanical term meaning dövme sıcaklığı, used in site, drawing, installation or coordination contexts.",casting & forging
weld pool,"A mechanical term meaning kaynak havuzu, used in site, drawing, installation or coordination contexts.",welding
electrode holder,"A mechanical term meaning elektrot pensesi, used in site, drawing, installation or coordination contexts.",welding
welding current,"A mechanical term meaning kaynak akımı, used in site, drawing, installation or coordination contexts.",welding
welding sequence,"A mechanical term meaning kaynak sırası, used in site, drawing, installation or coordination contexts.",welding
preheat temperature,"A mechanical term meaning ön ısıtma sıcaklığı, used in site, drawing, installation or coordination contexts.",welding
gear mesh,"A mechanical term meaning dişli kavraması, used in site, drawing, installation or coordination contexts.",gears & machine design
gear housing,"A mechanical term meaning dişli kutusu gövdesi, used in site, drawing, installation or coordination contexts.",gears & machine design
pinion,"A mechanical term meaning pinyon, used in site, drawing, installation or coordination contexts.",gears & machine design
gear teeth count,"A mechanical term meaning dişli diş sayısı, used in site, drawing, installation or coordination contexts.",gears & machine design
belt tension,"A mechanical term meaning kayış gerginliği, used in site, drawing, installation or coordination contexts.",power transmission
chain tensioner,"A mechanical term meaning zincir gergi düzeni, used in site, drawing, installation or coordination contexts.",power transmission
brake pad,"A mechanical term meaning fren balatası, used in site, drawing, installation or coordination contexts.",power transmission
brake lining,"A mechanical term meaning fren balata malzemesi, used in site, drawing, installation or coordination contexts.",power transmission
pump shaft seal,"A mechanical term meaning pompa mil salmastrası, used in site, drawing, installation or coordination contexts.",pumps
pump bearing,"A mechanical term meaning pompa yatağı, used in site, drawing, installation or coordination contexts.",pumps
compressor valve,"A mechanical term meaning kompresör valfi, used in site, drawing, installation or coordination contexts.",pumps
air intake filter,"A mechanical term meaning hava emiş filtresi, used in site, drawing, installation or coordination contexts.",pumps
valve handle,"A mechanical term meaning vana kolu, used in site, drawing, installation or coordination contexts.",valves & actuators
valve body,"A mechanical term meaning vana gövdesi, used in site, drawing, installation or coordination contexts.",valves & actuators
valve position indicator,"A mechanical term meaning vana konum göstergesi, used in site, drawing, installation or coordination contexts.",valves & actuators
pipe clamp,"A mechanical term meaning boru kelepçesi, used in site, drawing, installation or coordination contexts.",piping
pipe thread,"A mechanical term meaning boru dişi, used in site, drawing, installation or coordination contexts.",piping
pipe bend,"A mechanical term meaning boru bükümü, used in site, drawing, installation or coordination contexts.",piping
blind flange,"A mechanical term meaning kör flanş, used in site, drawing, installation or coordination contexts.",piping
tool holder,"A mechanical term meaning takım tutucu, used in site, drawing, installation or coordination contexts.",machine tools
machine bed,"A mechanical term meaning makine tablası / yatağı, used in site, drawing, installation or coordination contexts.",machine tools
coolant nozzle,"A mechanical term meaning soğutucu memesi, used in site, drawing, installation or coordination contexts.",machine tools
hydraulic filter,"A mechanical term meaning hidrolik filtre, used in site, drawing, installation or coordination contexts.",hydraulics & pneumatics
hydraulic reservoir,"A mechanical term meaning hidrolik yağ deposu, used in site, drawing, installation or coordination contexts.",hydraulics & pneumatics
air line lubricator,"A mechanical term meaning hava hattı yağlayıcısı, used in site, drawing, installation or coordination contexts.",hydraulics & pneumatics
sheet metal roller,"A mechanical term meaning sac bükme merdanesi, used in site, drawing, installation or coordination contexts.",sheet metal
nibbling machine,"A mechanical term meaning nibbling makinesi, used in site, drawing, installation or coordination contexts.",sheet metal
edge deburring,"A mechanical term meaning kenar çapak alma, used in site, drawing, installation or coordination contexts.",sheet metal
grease gun,"A mechanical term meaning gres tabancası, used in site, drawing, installation or coordination contexts.",lubrication
oil level indicator,"A mechanical term meaning yağ seviye göstergesi, used in site, drawing, installation or coordination contexts.",lubrication
test rig,"A mechanical term meaning test düzeneği, used in site, drawing, installation or coordination contexts.",instruments
data logger,"A mechanical term meaning veri kaydedici, used in site, drawing, installation or coordination contexts.",instruments
calibration weight,"A mechanical term meaning kalibrasyon ağırlığı, used in site, drawing, installation or coordination contexts.",instruments
exploded view,"A mechanical term meaning patlatılmış görünüş, used in site, drawing, installation or coordination contexts.",standards
drawing revision,"A mechanical term meaning çizim revizyonu, used in site, drawing, installation or coordination contexts.",standards
steam trap,"A mechanical term meaning buhar kapanı / kondstop, used in site, drawing, installation or coordination contexts.",boilers
pressure reducing valve,"A mechanical term meaning basınç düşürücü valf, used in site, drawing, installation or coordination contexts.",boilers
exergy destruction,"A mechanical term meaning ekserji yıkımı, used in site, drawing, installation or coordination contexts.",thermodynamics
thermal shock resistance,"A mechanical term meaning termal şok direnci, used in site, drawing, installation or coordination contexts.",thermodynamics
heat exchanger fouling,"A mechanical term meaning ısı eşanjörü kirlenmesi, used in site, drawing, installation or coordination contexts.",thermodynamics
hydraulic gradient,"A mechanical term meaning hidrolik eğim, used in site, drawing, installation or coordination contexts.",fluid mechanics
flow visualization,"A mechanical term meaning akış görselleştirme, used in site, drawing, installation or coordination contexts.",fluid mechanics
pump cavitation margin,"A mechanical term meaning pompa kavitasyon marjı, used in site, drawing, installation or coordination contexts.",fluid mechanics
precipitation hardening,"A mechanical term meaning çökelme sertleştirmesi, used in site, drawing, installation or coordination contexts.",materials & metallurgy
solid solution strengthening,"A mechanical term meaning katı eriyik güçlendirmesi, used in site, drawing, installation or coordination contexts.",materials & metallurgy
dislocation density,"A mechanical term meaning dislokasyon yoğunluğu, used in site, drawing, installation or coordination contexts.",materials & metallurgy
availability calculation,"A mechanical term meaning kullanılabilirlik hesabı, used in site, drawing, installation or coordination contexts.",maintenance
criticality ranking,"A mechanical term meaning kritiklik sıralaması, used in site, drawing, installation or coordination contexts.",maintenance
von Mises stress,"A mechanical term meaning von Mises gerilmesi, used in site, drawing, installation or coordination contexts.",stress analysis
modulus of rigidity,"A mechanical term meaning kayma modülü, used in site, drawing, installation or coordination contexts.",stress analysis
frequency response function,"A mechanical term meaning frekans tepki fonksiyonu, used in site, drawing, installation or coordination contexts.",vibration & dynamics
phase angle (vibration),"A mechanical term meaning faz açısı (titreşim), used in site, drawing, installation or coordination contexts.",vibration & dynamics
volumetric efficiency,"A mechanical term meaning hacimsel verim, used in site, drawing, installation or coordination contexts.",engines
turbine governor system,"A mechanical term meaning türbin regülatör sistemi, used in site, drawing, installation or coordination contexts.",power generation
actuator response time,"A mechanical term meaning aktüatör tepki süresi, used in site, drawing, installation or coordination contexts.",control
control loop tuning,"A mechanical term meaning kontrol döngüsü ayarlama, used in site, drawing, installation or coordination contexts.",control
mechanical design optimisation,"A mechanical term meaning mekanik tasarım optimizasyonu, used in site, drawing, installation or coordination contexts.",mechanical systems
failure probability,"A mechanical term meaning arıza olasılığı, used in site, drawing, installation or coordination contexts.",mechanical systems
engineering tolerance stack-up,"A mechanical term meaning mühendislik tolerans yığılımı, used in site, drawing, installation or coordination contexts.",mechanical systems
hand truck,"A mechanical term meaning el arabası, used in site, drawing, installation or coordination contexts.",material handling
trolley,"A mechanical term meaning el arabası / troli, used in site, drawing, installation or coordination contexts.",material handling
toolbox,"A mechanical term meaning alet çantası, used in site, drawing, installation or coordination contexts.",tools
nut driver,"A mechanical term meaning somun tornavidası, used in site, drawing, installation or coordination contexts.",tools
insulated pipe,"A mechanical term meaning yalıtımlı boru, used in site, drawing, installation or coordination contexts.",energy efficiency
timer switch,"A mechanical term meaning zaman ayarlı anahtar, used in site, drawing, installation or coordination contexts.",energy efficiency
lift button,"A mechanical term meaning asansör butonu, used in site, drawing, installation or coordination contexts.",elevator systems
emergency stop button,"A mechanical term meaning acil durdurma butonu, used in site, drawing, installation or coordination contexts.",elevator systems
abrasive,Extracted from multi-word term in mechanical.,vocabulary
allowable,Extracted from multi-word term in mechanical.,vocabulary
dimensioning,Extracted from multi-word term in mechanical.,vocabulary
elastic,Extracted from multi-word term in mechanical.,vocabulary
failures,Extracted from multi-word term in mechanical.,vocabulary
fracture,Extracted from multi-word term in mechanical.,vocabulary
geometric,Extracted from multi-word term in mechanical.,vocabulary
jet,Extracted from multi-word term in mechanical.,vocabulary
mechanics,Extracted from multi-word term in mechanical.,vocabulary
overhauls,Extracted from multi-word term in mechanical.,vocabulary
repeatability,Extracted from multi-word term in mechanical.,vocabulary
reproducibility,Extracted from multi-word term in mechanical.,vocabulary
second,Extracted from multi-word term in mechanical.,vocabulary
square,Extracted from multi-word term in mechanical.,vocabulary
suction,Extracted from multi-word term in mechanical.,vocabulary
sum,Extracted from multi-word term in mechanical.,vocabulary
thermodynamics,Extracted from multi-word term in mechanical.,vocabulary
tolerancing,Extracted from multi-word term in mechanical.,vocabulary
tower,Extracted from multi-word term in mechanical.,vocabulary
